frame,timestamp,gesture_id,gesture,nose_x,nose_y,nose_z,nose_vis,left_shoulder_x,left_shoulder_y,left_shoulder_z,left_shoulder_vis,right_shoulder_x,right_shoulder_y,right_shoulder_z,right_shoulder_vis,left_elbow_x,left_elbow_y,left_elbow_z,left_elbow_vis,right_elbow_x,right_elbow_y,right_elbow_z,right_elbow_vis,left_wrist_x,left_wrist_y,left_wrist_z,left_wrist_vis,right_wrist_x,right_wrist_y,right_wrist_z,right_wrist_vis,left_hip_x,left_hip_y,left_hip_z,left_hip_vis,right_hip_x,right_hip_y,right_hip_z,right_hip_vis
0,1772099458.0464509,0,0,0.14780786633491516,-0.5807694792747498,-0.25574687123298645,0.9999297857284546,0.15334221720695496,-0.4442395269870758,-0.036259111016988754,0.9997493624687195,-0.1234203353524208,-0.40598154067993164,-0.20552507042884827,0.9996309280395508,0.24040164053440094,-0.24618282914161682,0.01485620066523552,0.3625565469264984,-0.24430204927921295,-0.18852196633815765,-0.19707131385803223,0.46066638827323914,0.28376826643943787,-0.06889135390520096,-0.048098817467689514,0.040939319878816605,-0.2158951312303543,-0.0484686978161335,-0.21587473154067993,0.09957852214574814,0.13224385678768158,-4.3340492993593216e-05,0.03721527010202408,0.0027838237583637238,-0.13031244277954102,-0.0227257888764143,-0.031434692442417145,0.0025948539841920137
1,1772099458.1286702,0,0,0.1471220850944519,-0.5813564658164978,-0.25407442450523376,0.9999168515205383,0.15085472166538239,-0.45232874155044556,-0.021076679229736328,0.9997265338897705,-0.12267039716243744,-0.41156378388404846,-0.20684881508350372,0.9996338486671448,0.2360040545463562,-0.2568973898887634,0.0446058064699173,0.3502170443534851,-0.2377241849899292,-0.19026392698287964,-0.22242450714111328,0.48153552412986755,0.28944066166877747,-0.07599884271621704,-0.019453953951597214,0.042311765253543854,-0.22231796383857727,-0.04814320430159569,-0.25093281269073486,0.10545647889375687,0.13043448328971863,0.0018651926657184958,0.03960180655121803,0.002689174609258771,-0.12912720441818237,-0.02374960109591484,-0.03428378701210022,0.0024927412159740925
2,1772099458.1727555,0,0,0.1471972018480301,-0.5826448202133179,-0.2520260810852051,0.9998602867126465,0.15028837323188782,-0.45409345626831055,-0.018672067672014236,0.9996868968009949,-0.12269964814186096,-0.4130493700504303,-0.20774169266223907,0.9996075630187988,0.2343306541442871,-0.25830569863319397,0.043666861951351166,0.3435577154159546,-0.23249614238739014,-0.1900055706501007,-0.22639641165733337,0.4915006160736084,0.2889438271522522,-0.07560789585113525,-0.020586896687746048,0.0429631806910038,-0.22237688302993774,-0.048041392117738724,-0.2504316568374634,0.10747461020946503,0.1287771761417389,0.0038744022604078054,0.03961080685257912,0.002557842992246151,-0.12787851691246033,-0.02498340792953968,-0.034378550946712494,0.0023574416991323233
3,1772099458.2216697,0,0,0.1472863256931305,-0.5836527943611145,-0.24776053428649902,0.999832808971405,0.14998236298561096,-0.4555683434009552,-0.014249526895582676,0.9996568560600281,-0.12240572273731232,-0.4140089154243469,-0.2077004462480545,0.9995879530906677,0.23360340297222137,-0.25943148136138916,0.04619290679693222,0.3355375826358795,-0.22798828780651093,-0.18984168767929077,-0.22693902254104614,0.49940577149391174,0.288877934217453,-0.07542987912893295,-0.01752355694770813,0.043878842145204544,-0.22241978347301483,-0.04771457239985466,-0.25068846344947815,0.10896700620651245,0.12798787653446198,0.0050664739683270454,0.03978142514824867,0.0024397552479058504,-0.1273048222064972,-0.025801723822951317,-0.03467664122581482,0.00223695021122694
4,1772099458.2643502,0,0,0.1476672738790512,-0.5838944315910339,-0.2433478981256485,0.9997882843017578,0.1505964994430542,-0.4555535614490509,-0.011721917428076267,0.9996150135993958,-0.12206148356199265,-0.416276752948761,-0.20582450926303864,0.999565601348877,0.2336653769016266,-0.25926533341407776,0.04503541439771652,0.32873430848121643,-0.2259206920862198,-0.18985265493392944,-0.2253420203924179,0.5055915117263794,0.2887938320636749,-0.07080166041851044,-0.01911495067179203,0.044542886316776276,-0.2223297506570816,-0.047682370990514755,-0.24919576942920685,0.10906092077493668,0.12746241688728333,0.006941583007574081,0.03979768604040146,0.0023212458472698927,-0.1269422173500061,-0.02717914804816246,-0.03474341332912445,0.0021240017376840115
5,1772099458.307303,0,0,0.14807765185832977,-0.584256649017334,-0.24282287061214447,0.9997619390487671,0.15106549859046936,-0.45580482482910156,-0.009804659523069859,0.9995833039283752,-0.12195520848035812,-0.418745219707489,-0.20471064746379852,0.9995514750480652,0.23368042707443237,-0.2589563727378845,0.04497954249382019,0.3212544023990631,-0.22629226744174957,-0.19029513001441956,-0.22493450343608856,0.5157505869865417,0.2896471917629242,-0.06830698251724243,-0.019679442048072815,0.04526476189494133,-0.22286789119243622,-0.04755181446671486,-0.2515190839767456,0.11005307734012604,0.12701435387134552,0.008254491724073887,0.04002799093723297,0.0022132080048322678,-0.1266055703163147,-0.0282936729490757,-0.035092588514089584,0.0020168093033134937
6,1772099458.3520136,0,0,0.14805831015110016,-0.5844066143035889,-0.24157406389713287,0.9997363090515137,0.1507169008255005,-0.4564785361289978,-0.008307071402668953,0.9995436072349548,-0.12159402668476105,-0.41956090927124023,-0.20453549921512604,0.9995408058166504,0.23278500139713287,-0.25923222303390503,0.04743495583534241,0.31350138783454895,-0.22583414614200592,-0.19045019149780273,-0.22592449188232422,0.527285635471344,0.28959304094314575,-0.06857552379369736,-0.020758027210831642,0.04560244083404541,-0.22281226515769958,-0.04749486967921257,-0.25359877943992615,0.11323770880699158,0.1266644150018692,0.008396800607442856,0.04018763080239296,0.0021315226331353188,-0.12633703649044037,-0.02834460139274597,-0.03529281169176102,0.0019358713179826736
7,1772099458.4008274,0,0,0.14753898978233337,-0.5846840143203735,-0.24388748407363892,0.9997255206108093,0.15105508267879486,-0.4574800133705139,-0.008531465195119381,0.9995249509811401,-0.12103334814310074,-0.42180415987968445,-0.20408856868743896,0.9995408058166504,0.23261404037475586,-0.26034361124038696,0.05010194331407547,0.3096562623977661,-0.22443684935569763,-0.19193141162395477,-0.22537627816200256,0.5411520600318909,0.29128676652908325,-0.06871233880519867,-0.0213045384734869,0.04667914658784866,-0.22233065962791443,-0.04738232120871544,-0.25510427355766296,0.11666343361139297,0.1264120638370514,0.008652519434690475,0.04020296409726143,0.0020915113855153322,-0.12613150477409363,-0.028509940952062607,-0.03531990200281143,0.0018786368891596794
8,1772099458.4586222,0,0,0.14651452004909515,-0.5847687721252441,-0.2448897659778595,0.9997230768203735,0.15209904313087463,-0.45749399065971375,-0.008382278494536877,0.9995086789131165,-0.11992809176445007,-0.42282745242118835,-0.20308052003383636,0.9995455741882324,0.23227453231811523,-0.2601959705352783,0.051635049283504486,0.30423325300216675,-0.22392459213733673,-0.19263917207717896,-0.22489124536514282,0.5509327054023743,0.2917328178882599,-0.06698976457118988,-0.01995134726166725,0.04692838340997696,-0.22228330373764038,-0.04705570265650749,-0.2542250156402588,0.11722036451101303,0.1262766569852829,0.008972389623522758,0.040262069553136826,0.0021001878194510937,-0.12602286040782928,-0.028668120503425598,-0.03539744392037392,0.0018715497571974993
9,1772099458.5030482,0,0,0.14552009105682373,-0.5847431421279907,-0.2472493201494217,0.9997254014015198,0.15277640521526337,-0.4574522078037262,-0.008694823831319809,0.9994955062866211,-0.11915870755910873,-0.4239944815635681,-0.20272667706012726,0.9995558857917786,0.23135703802108765,-0.26002243161201477,0.052687764167785645,0.30005210638046265,-0.22392411530017853,-0.19522900879383087,-0.22465640306472778,0.5646847486495972,0.2914474904537201,-0.0665287896990776,-0.01720161736011505,0.04759413003921509,-0.22167810797691345,-0.04683484882116318,-0.25591766834259033,0.12037524580955505,0.12582211196422577,0.009050858207046986,0.04037575051188469,0.0021612492855638266,-0.1255890429019928,-0.02866978384554386,-0.035566821694374084,0.0019119813805446029
10,1772099458.542394,0,0,0.14472627639770508,-0.5843561887741089,-0.25251486897468567,0.9997332692146301,0.15628203749656677,-0.45737043023109436,-0.008946573361754417,0.9994814395904541,-0.11760298907756805,-0.42521461844444275,-0.20185261964797974,0.9995697140693665,0.2302009016275406,-0.25929173827171326,0.05359712615609169,0.2953713536262512,-0.2240060567855835,-0.19764059782028198,-0.22341439127922058,0.5801321864128113,0.29057055711746216,-0.06372437626123428,-0.015696929767727852,0.048214200884103775,-0.22116878628730774,-0.046030089259147644,-0.25525206327438354,0.12458370625972748,0.12575121223926544,0.009251367300748825,0.04044196009635925,0.0022640065290033817,-0.12551681697368622,-0.02874101512134075,-0.03565208613872528,0.001996961422264576
11,1772099458.5978284,0,0,0.14445224404335022,-0.5842673182487488,-0.2537539601325989,0.9997392892837524,0.15846611559391022,-0.45762571692466736,-0.008748750202357769,0.9994685053825378,-0.11654627323150635,-0.42717111110687256,-0.19976918399333954,0.9995781183242798,0.23017817735671997,-0.2591516375541687,0.055180810391902924,0.29116007685661316,-0.2241249680519104,-0.2005704939365387,-0.22264084219932556,0.5907103419303894,0.28985726833343506,-0.06252895295619965,-0.01533506903797388,0.04955146461725235,-0.2214534878730774,-0.04606503248214722,-0.2552509307861328,0.12704715132713318,0.12548579275608063,0.00981221254914999,0.04073193296790123,0.002298419363796711,-0.1252455711364746,-0.02919774129986763,-0.03602100536227226,0.002020432148128748
12,1772099458.6419766,0,0,0.1452939361333847,-0.584237277507782,-0.2567559480667114,0.9997431635856628,0.16067485511302948,-0.45768317580223083,-0.008856140077114105,0.9994682669639587,-0.11514189839363098,-0.42930930852890015,-0.1997823566198349,0.9995865821838379,0.2311236411333084,-0.25911813974380493,0.05486929044127464,0.2888557016849518,-0.22407563030719757,-0.20330730080604553,-0.22319649159908295,0.6010748744010925,0.29162827134132385,-0.06170046329498291,-0.016748711466789246,0.05105999484658241,-0.2215813845396042,-0.04606641083955765,-0.2587706744670868,0.12936516106128693,0.125377357006073,0.010502970777451992,0.04081804305315018,0.0022967252880334854,-0.1251436173915863,-0.029880991205573082,-0.03613746538758278,0.0019997856579720974
13,1772099458.70425,0,0,0.14794066548347473,-0.5842859148979187,-0.25651219487190247,0.9997527003288269,0.16259872913360596,-0.4577341377735138,-0.008529441431164742,0.9994679093360901,-0.11285100877285004,-0.4303124248981476,-0.19917716085910797,0.9995942115783691,0.23251447081565857,-0.259040504693985,0.054839253425598145,0.28505802154541016,-0.22380024194717407,-0.20494268834590912,-0.22323913872241974,0.6089808940887451,0.29349878430366516,-0.06173016130924225,-0.016875075176358223,0.05251099914312363,-0.2218901813030243,-0.04611588269472122,-0.26082977652549744,0.13164974749088287,0.1253681778907776,0.010873754508793354,0.04104873910546303,0.0022887762170284986,-0.12512847781181335,-0.03036116249859333,-0.0363866463303566,0.001981140812858939
14,1772099458.7605486,0,0,0.13977040350437164,-0.5853656530380249,-0.2636389136314392,0.9997653961181641,0.17084549367427826,-0.4577426612377167,-0.010760233737528324,0.9994624853134155,-0.11287713795900345,-0.4336756765842438,-0.1879119575023651,0.999607264995575,0.23261843621730804,-0.2548709511756897,0.04796826094388962,0.27966463565826416,-0.22426143288612366,-0.20539236068725586,-0.20499147474765778,0.6116544008255005,0.2893780469894409,-0.05406535044312477,-0.0259581059217453,0.05109988898038864,-0.2219177931547165,-0.04500803351402283,-0.2473824918270111,0.12785369157791138,0.12558908760547638,0.011493543162941933,0.040464747697114944,0.0024287672713398933,-0.12533137202262878,-0.030804306268692017,-0.03584301099181175,0.002113072667270899
15,1772099458.8089247,0,0,0.13727368414402008,-0.5858998894691467,-0.2639588415622711,0.9997731447219849,0.17149189114570618,-0.456948459148407,-0.014926551841199398,0.9994511008262634,-0.11276913434267044,-0.43402501940727234,-0.18493714928627014,0.9996145963668823,0.23251809179782867,-0.25220784544944763,0.038978736847639084,0.2768104374408722,-0.2260230928659439,-0.20772187411785126,-0.19621674716472626,0.6138967871665955,0.2834811508655548,-0.05175541341304779,-0.030574768781661987,0.04951634630560875,-0.22197893261909485,-0.04583340510725975,-0.23331302404403687,0.12565399706363678,0.1256643682718277,0.011359482072293758,0.0388626754283905,0.0025608916766941547,-0.12538227438926697,-0.030457235872745514,-0.03417026996612549,0.002231691963970661
16,1772099458.859011,0,0,0.1369525045156479,-0.586078405380249,-0.2663225829601288,0.99977707862854,0.17432478070259094,-0.45691102743148804,-0.016245920211076736,0.9994407892227173,-0.11202849447727203,-0.43461787700653076,-0.18422363698482513,0.9996192455291748,0.23284481465816498,-0.25195831060409546,0.039328258484601974,0.27637264132499695,-0.22604459524154663,-0.20856408774852753,-0.19497378170490265,0.6184353232383728,0.28338193893432617,-0.050891339778900146,-0.030417466536164284,0.04859862104058266,-0.2219713032245636,-0.04658176377415657,-0.23212826251983643,0.12337514758110046,0.12573561072349548,0.011530921794474125,0.038474373519420624,0.002658749930560589,-0.12543468177318573,-0.03051663190126419,-0.03377837315201759,0.002307626185938716
17,1772099458.9123173,0,0,0.1334991157054901,-0.5863150358200073,-0.26985958218574524,0.9997735619544983,0.1780196726322174,-0.4565076529979706,-0.019283175468444824,0.9993996024131775,-0.1120624840259552,-0.43515756726264954,-0.18218585848808289,0.9996173977851868,0.232815682888031,-0.25007742643356323,0.03735394403338432,0.2710278332233429,-0.22648899257183075,-0.20904165506362915,-0.18853525817394257,0.621399998664856,0.2815617024898529,-0.047661323100328445,-0.03187493607401848,0.04694183170795441,-0.22182384133338928,-0.04650046303868294,-0.2269713580608368,0.12108248472213745,0.12603920698165894,0.011710693128407001,0.03787422925233841,0.0027377214282751083,-0.12569929659366608,-0.030637521296739578,-0.033176127821207047,0.0023913602344691753
18,1772099458.958639,0,0,0.13131573796272278,-0.5877461433410645,-0.27035433053970337,0.9997810125350952,0.1818159520626068,-0.45635414123535156,-0.019279344007372856,0.9993761777877808,-0.11199315637350082,-0.43656760454177856,-0.17760559916496277,0.9996209144592285,0.23375210165977478,-0.24804703891277313,0.03549951687455177,0.2647707760334015,-0.226717010140419,-0.20980152487754822,-0.18428535759449005,0.6223547458648682,0.28081995248794556,-0.046046629548072815,-0.035628791898489,0.04533405974507332,-0.2217969000339508,-0.046170663088560104,-0.2264704406261444,0.11842672526836395,0.12631110846996307,0.012156488373875618,0.03775244951248169,0.0027668981347233057,-0.1259351670742035,-0.03128700330853462,-0.033071376383304596,0.002433112822473049
19,1772099459.00016,0,0,0.12449111044406891,-0.5896152853965759,-0.2704388499259949,0.9997889995574951,0.18272711336612701,-0.45531898736953735,-0.022917741909623146,0.9993566274642944,-0.11245787143707275,-0.43716394901275635,-0.17071451246738434,0.9996240139007568,0.2336202710866928,-0.24572035670280457,0.02162560075521469,0.260174423456192,-0.2280619889497757,-0.21111556887626648,-0.17320841550827026,0.6220963001251221,0.27847257256507874,-0.04551629349589348,-0.04942260682582855,0.04385277256369591,-0.22278612852096558,-0.04616926237940788,-0.21878163516521454,0.11643681675195694,0.12672515213489532,0.012121842242777348,0.035477522760629654,0.002854563994333148,-0.12629464268684387,-0.03125104308128357,-0.030803345143795013,0.0025397457648068666
20,1772099459.0411146,0,0,0.12220779061317444,-0.5896006226539612,-0.2702470123767853,0.9997926950454712,0.18841451406478882,-0.4537077248096466,-0.02286526933312416,0.9993404150009155,-0.11249589174985886,-0.4388144314289093,-0.160482719540596,0.9996340870857239,0.23568843305110931,-0.24018995463848114,0.014051415957510471,0.2562682330608368,-0.22831504046916962,-0.2110181748867035,-0.16544188559055328,0.6260650157928467,0.2781524658203125,-0.044380757957696915,-0.06882353127002716,0.04232686758041382,-0.22330504655838013,-0.04456479474902153,-0.21701358258724213,0.11571293324232101,0.12701170146465302,0.012724566273391247,0.034206703305244446,0.0029205172322690487,-0.1265641748905182,-0.03173273056745529,-0.02962604910135269,0.0026588812470436096
21,1772099459.091983,0,0,0.1228797659277916,-0.5911658406257629,-0.270005464553833,0.9997967481613159,0.18816733360290527,-0.45253786444664,-0.02292511984705925,0.9993224143981934,-0.1108865812420845,-0.43899428844451904,-0.1619613766670227,0.999637246131897,0.23593547940254211,-0.2395830601453781,0.015965035185217857,0.2532494068145752,-0.22787612676620483,-0.21241310238838196,-0.16750778257846832,0.6244579553604126,0.276582807302475,-0.044639118015766144,-0.06789122521877289,0.04073873162269592,-0.22266903519630432,-0.046673569828271866,-0.21453411877155304,0.11367914080619812,0.12700451910495758,0.012728909961879253,0.033224787563085556,0.003014187328517437,-0.12654417753219604,-0.03173161670565605,-0.028678424656391144,0.002773656975477934
22,1772099459.1397932,0,0,0.1244039237499237,-0.5908806324005127,-0.2716140151023865,0.9998020529747009,0.18808190524578094,-0.45189493894577026,-0.02340514212846756,0.9993179440498352,-0.11090696603059769,-0.43875187635421753,-0.16425971686840057,0.9996411800384521,0.2368270754814148,-0.239226296544075,0.016524959355592728,0.25038373470306396,-0.2271767407655716,-0.21192654967308044,-0.16862231492996216,0.624934196472168,0.2770199179649353,-0.04172031953930855,-0.05879660323262215,0.039863817393779755,-0.22135837376117706,-0.04648435860872269,-0.2157907336950302,0.11108527332544327,0.12704630196094513,0.012860068120062351,0.03325407952070236,0.003075838088989258,-0.12657368183135986,-0.031840212643146515,-0.028705254197120667,0.00283419038169086
23,1772099459.1920078,0,0,0.1251012682914734,-0.590869128704071,-0.27188149094581604,0.9998083710670471,0.18791639804840088,-0.4516333341598511,-0.02350666932761669,0.9993118047714233,-0.1102730929851532,-0.43810421228408813,-0.16758957505226135,0.9996440410614014,0.23619019985198975,-0.2393370270729065,0.019864922389388084,0.24839022755622864,-0.22567932307720184,-0.21184761822223663,-0.16931821405887604,0.627997100353241,0.27599528431892395,-0.04174463078379631,-0.042385272681713104,0.039161741733551025,-0.2183367908000946,-0.0463341660797596,-0.2165997177362442,0.11048905551433563,0.1269373744726181,0.01279767882078886,0.033282943069934845,0.0032146447338163853,-0.12643727660179138,-0.03164171054959297,-0.02872919663786888,0.0029618279077112675
24,1772099459.2423809,0,0,0.12545739114284515,-0.5913051962852478,-0.2718355655670166,0.9998154044151306,0.1873287707567215,-0.45164015889167786,-0.023473285138607025,0.9993083477020264,-0.10935983061790466,-0.43801331520080566,-0.1687764823436737,0.9996480345726013,0.23492281138896942,-0.23947513103485107,0.0234525129199028,0.2454473376274109,-0.22407422959804535,-0.2118210643529892,-0.17064198851585388,0.629616916179657,0.2751178741455078,-0.04194606468081474,-0.03567129746079445,0.03850478306412697,-0.2140471190214157,-0.04632624611258507,-0.2170735001564026,0.11002074927091599,0.126796156167984,0.012745922431349754,0.03330700844526291,0.0033986091148108244,-0.12626254558563232,-0.03146469593048096,-0.028753122314810753,0.0031298398971557617
25,1772099459.2959342,0,0,0.12554992735385895,-0.5913997888565063,-0.2718502879142761,0.999822199344635,0.18691633641719818,-0.4516901671886444,-0.023324592038989067,0.9993043541908264,-0.10876183211803436,-0.43795523047447205,-0.1694360226392746,0.9996522665023804,0.23446321487426758,-0.23948366940021515,0.025537855923175812,0.24263499677181244,-0.2226802408695221,-0.21195678412914276,-0.17207227647304535,0.6306355595588684,0.2741691768169403,-0.04177975654602051,-0.033298470079898834,0.03787969425320625,-0.21195612847805023,-0.046177979558706284,-0.21599452197551727,0.10901784896850586,0.1266040951013565,0.012756775133311749,0.03332844749093056,0.0036180936731398106,-0.1260429471731186,-0.03137412294745445,-0.028764205053448677,0.0033425125293433666
26,1772099459.3419392,0,0,0.12544606626033783,-0.5922930240631104,-0.2721724808216095,0.9998316764831543,0.1848594695329666,-0.45262500643730164,-0.022430485114455223,0.999305248260498,-0.10815941542387009,-0.4379027783870697,-0.17105261981487274,0.9996583461761475,0.23323658108711243,-0.24067802727222443,0.03264599293470383,0.2395779937505722,-0.22218912839889526,-0.21276457607746124,-0.17390473186969757,0.6355875134468079,0.2744652330875397,-0.04327503219246864,-0.022551404312253,0.03760618343949318,-0.21118824183940887,-0.04652075096964836,-0.21774828433990479,0.11010121554136276,0.12626579403877258,0.012576060369610786,0.0336230993270874,0.0038239103741943836,-0.12567302584648132,-0.03097607009112835,-0.029007617384195328,0.0035266533959656954
27,1772099459.405507,0,0,0.12558601796627045,-0.5923151969909668,-0.2721080183982849,0.9998389482498169,0.18321526050567627,-0.4529338479042053,-0.022266563028097153,0.9993116855621338,-0.10817015171051025,-0.4369559586048126,-0.1737334132194519,0.9996622204780579,0.23325438797473907,-0.24284611642360687,0.03685877472162247,0.2380068004131317,-0.22196626663208008,-0.21242208778858185,-0.17918971180915833,0.6375815272331238,0.27725541591644287,-0.04699850454926491,-0.014918810687959194,0.03724244609475136,-0.21129000186920166,-0.04746513068675995,-0.2197180837392807,0.11008802801370621,0.1263270527124405,0.012458771467208862,0.034004922956228256,0.0038816030137240887,-0.12572969496250153,-0.030920134857296944,-0.0293644517660141,0.0035728008951991796
28,1772099459.468901,0,0,0.12611128389835358,-0.5926288962364197,-0.2713664770126343,0.9998498558998108,0.17986798286437988,-0.45428338646888733,-0.019031627103686333,0.999328076839447,-0.10764966160058975,-0.43659672141075134,-0.1764218658208847,0.9996717572212219,0.23325571417808533,-0.2462744265794754,0.04728525131940842,0.23601074516773224,-0.22156885266304016,-0.21253418922424316,-0.18531231582164764,0.6432615518569946,0.28035637736320496,-0.05303897336125374,-0.0010051921708509326,0.037252653390169144,-0.21134017407894135,-0.0479409396648407,-0.22510270774364471,0.1115741953253746,0.12618610262870789,0.012244063429534435,0.03508460521697998,0.00398969417437911,-0.12556910514831543,-0.03068787232041359,-0.030390555039048195,0.0036630071699619293
29,1772099459.5106332,0,0,0.12662261724472046,-0.5927644371986389,-0.2706184983253479,0.9998593926429749,0.17686280608177185,-0.45567065477371216,-0.017258519306778908,0.9993432760238647,-0.10754161328077316,-0.4359362721443176,-0.1794964224100113,0.9996806979179382,0.2329379767179489,-0.2495601922273636,0.054528988897800446,0.2342170774936676,-0.22158879041671753,-0.21251054108142853,-0.19119268655776978,0.6492998600006104,0.28158724308013916,-0.05710052698850632,0.007348116021603346,0.03701404854655266,-0.2115040272474289,-0.04866546019911766,-0.22796721756458282,0.11303512752056122,0.12616856396198273,0.011989902704954147,0.03630881384015083,0.0041182623244822025,-0.12555038928985596,-0.030452419072389603,-0.031595151871442795,0.0037809403147548437
30,1772099459.558653,0,0,0.12702205777168274,-0.5930129885673523,-0.2699122726917267,0.9998681545257568,0.17473967373371124,-0.4566076993942261,-0.016028162091970444,0.9993577599525452,-0.107451893389225,-0.435479998588562,-0.18140700459480286,0.9996888041496277,0.2326614260673523,-0.2515937387943268,0.05762212350964546,0.23262988030910492,-0.221627876162529,-0.21249507367610931,-0.19451455771923065,0.6545538902282715,0.28245869278907776,-0.05974454805254936,0.010211681947112083,0.03682933375239372,-0.21169579029083252,-0.049428801983594894,-0.2299821823835373,0.11436760425567627,0.12615461647510529,0.011753031983971596,0.0371464379131794,0.004227826837450266,-0.1255350261926651,-0.030246742069721222,-0.03241737559437752,0.0038807648234069347
31,1772099459.609066,0,0,0.12708011269569397,-0.5933452844619751,-0.2698736786842346,0.9998745322227478,0.17336289584636688,-0.45723873376846313,-0.016037341207265854,0.999369204044342,-0.10748010873794556,-0.435432493686676,-0.18307660520076752,0.9996954798698425,0.2325911968946457,-0.2534065842628479,0.056653205305337906,0.23217563331127167,-0.22166068851947784,-0.21263200044631958,-0.19735532999038696,0.6593717336654663,0.2837259769439697,-0.06148277223110199,0.007194153033196926,0.03688439726829529,-0.2122664600610733,-0.050110526382923126,-0.23290370404720306,0.11570937186479568,0.12610097229480743,0.01144885178655386,0.037571270018815994,0.004329977557063103,-0.12548001110553741,-0.029964545741677284,-0.03285185992717743,0.003970082383602858
32,1772099459.650034,0,0,0.12734457850456238,-0.5935989618301392,-0.26984041929244995,0.9998815655708313,0.17236284911632538,-0.4580548405647278,-0.015906495973467827,0.9993852376937866,-0.10748827457427979,-0.4354041516780853,-0.18437080085277557,0.9997043609619141,0.2325851172208786,-0.2550466060638428,0.05644197016954422,0.23168273270130157,-0.2220441848039627,-0.2131115049123764,-0.19953836500644684,0.6635907292366028,0.2853415310382843,-0.06286843866109848,0.006145702674984932,0.03699050471186638,-0.21389560401439667,-0.05155699700117111,-0.23519524931907654,0.11696553975343704,0.12605904042720795,0.011282077059149742,0.03805072233080864,0.004386439453810453,-0.12543176114559174,-0.029872316867113113,-0.03333780914545059,0.004014081321656704
33,1772099459.717848,0,0,0.14051620662212372,-0.5935435891151428,-0.2616107761859894,0.9998730421066284,0.16786499321460724,-0.45802804827690125,-0.014308823272585869,0.9993929266929626,-0.10709211230278015,-0.43273302912712097,-0.19623342156410217,0.9996921420097351,0.23365014791488647,-0.2563060522079468,0.0562373548746109,0.23542003333568573,-0.22104066610336304,-0.21274730563163757,-0.21633358299732208,0.6630570888519287,0.2911163866519928,-0.06651493161916733,0.0028235430363565683,0.03848327696323395,-0.21404238045215607,-0.05376295745372772,-0.2448028028011322,0.1179201677441597,0.12574009597301483,0.011247264221310616,0.03980010002851486,0.004231288097798824,-0.12510576844215393,-0.02986886352300644,-0.035067249089479446,0.0038527052383869886
34,1772099459.759764,0,0,0.14428886771202087,-0.5930355191230774,-0.2583346366882324,0.9998683929443359,0.16429390013217926,-0.45801863074302673,-0.01408829540014267,0.9994053244590759,-0.10702616721391678,-0.4318602681159973,-0.20046299695968628,0.999690592288971,0.23371247947216034,-0.25718092918395996,0.05600526183843613,0.23954837024211884,-0.22081632912158966,-0.2126782238483429,-0.21937818825244904,0.6654889583587646,0.2925972640514374,-0.06901631504297256,0.0007244729204103351,0.03949825093150139,-0.2147233635187149,-0.05517268180847168,-0.24669897556304932,0.12026727944612503,0.12558500468730927,0.01088525541126728,0.04055250808596611,0.004202723037451506,-0.12495169043540955,-0.029499756172299385,-0.03577461838722229,0.00381567538715899
35,1772099459.8057034,0,0,0.14545990526676178,-0.5906524658203125,-0.2586172819137573,0.9998564720153809,0.1645192950963974,-0.4578676223754883,-0.014067339710891247,0.9993963837623596,-0.10687153786420822,-0.4318329095840454,-0.20106501877307892,0.9996839761734009,0.2351641058921814,-0.2570998966693878,0.05507371574640274,0.23967477679252625,-0.22027407586574554,-0.2126656472682953,-0.2208968549966812,0.6647312641143799,0.2924245297908783,-0.06868515908718109,-0.009213486686348915,0.03959810361266136,-0.21344059705734253,-0.05548318102955818,-0.24941577017307281,0.12086626887321472,0.12548647820949554,0.010875338688492775,0.040811628103256226,0.004072137642651796,-0.1248675063252449,-0.029527369886636734,-0.03603479638695717,0.003698130138218403
36,1772099459.859267,0,0,0.14582569897174835,-0.5894539952278137,-0.25884124636650085,0.9998477101325989,0.16466976702213287,-0.45778289437294006,-0.014053492806851864,0.9993888735771179,-0.10673143714666367,-0.43182870745658875,-0.20130035281181335,0.999679446220398,0.2360459864139557,-0.25701233744621277,0.05446610227227211,0.2398098111152649,-0.2197704315185547,-0.21265777945518494,-0.22131961584091187,0.6646875739097595,0.2923486530780792,-0.06831513345241547,-0.014098220504820347,0.03964248672127724,-0.21220216155052185,-0.05574043095111847,-0.250720351934433,0.12177310138940811,0.1254228949546814,0.010855778120458126,0.04102242738008499,0.003972664941102266,-0.12481516599655151,-0.029518017545342445,-0.03623974695801735,0.0036107231862843037
37,1772099459.9092858,0,0,0.1489829272031784,-0.5893345475196838,-0.2567284405231476,0.9998453259468079,0.16260212659835815,-0.45773813128471375,-0.01387015637010336,0.9994018077850342,-0.10665059834718704,-0.43168044090270996,-0.2030547857284546,0.999683141708374,0.23636874556541443,-0.2574596107006073,0.05432581901550293,0.24322165548801422,-0.21976259350776672,-0.21266289055347443,-0.22419771552085876,0.6678698062896729,0.29321590065956116,-0.0691206082701683,-0.014488239772617817,0.04015953093767166,-0.2122412770986557,-0.056221432983875275,-0.2532690763473511,0.12410379946231842,0.12516137957572937,0.010635675862431526,0.04127786308526993,0.003912755753844976,-0.12456071376800537,-0.02930663339793682,-0.03649638965725899,0.0035534542985260487
38,1772099459.9588494,0,0,0.1503632366657257,-0.5891960859298706,-0.2563181519508362,0.9998371005058289,0.16176070272922516,-0.457297146320343,-0.01426282525062561,0.9994094371795654,-0.10657305270433426,-0.43114978075027466,-0.20485171675682068,0.9996776580810547,0.236665278673172,-0.25747209787368774,0.053420744836330414,0.24883708357810974,-0.2192402333021164,-0.21265996992588043,-0.2240360975265503,0.6672570109367371,0.29378071427345276,-0.06923578679561615,-0.014874102547764778,0.04096636176109314,-0.21246851980686188,-0.05690251663327217,-0.2526334822177887,0.12524789571762085,0.12508364021778107,0.010319005697965622,0.041307609528303146,0.0038548712618649006,-0.12448155134916306,-0.02902170456945896,-0.0365169495344162,0.003487500362098217
39,1772099460.0145395,0,0,0.1504211276769638,-0.5890403389930725,-0.2547888159751892,0.9998344779014587,0.16126427054405212,-0.4573354721069336,-0.013225714676082134,0.9994161128997803,-0.10671250522136688,-0.43107613921165466,-0.2045082151889801,0.999677836894989,0.23693662881851196,-0.25769558548927307,0.053322430700063705,0.2496027946472168,-0.21929404139518738,-0.21241261065006256,-0.22419673204421997,0.6685389876365662,0.2937345802783966,-0.06985051184892654,-0.014871496707201004,0.04149101674556732,-0.2138313204050064,-0.05671319365501404,-0.25370004773139954,0.12634341418743134,0.12501204013824463,0.010307302698493004,0.041549596935510635,0.0037326072342693806,-0.12441378831863403,-0.029040556401014328,-0.036777563393116,0.003376168664544821
40,1772099460.0700989,0,0,0.15016871690750122,-0.5890172123908997,-0.2543986737728119,0.9998352527618408,0.16092297434806824,-0.45742231607437134,-0.012627528049051762,0.9994269013404846,-0.10681424289941788,-0.4310764670372009,-0.20428802073001862,0.999682605266571,0.2369551956653595,-0.2579115927219391,0.053227975964546204,0.2507338523864746,-0.2192802131175995,-0.21193967759609222,-0.22370314598083496,0.6694439649581909,0.29364892840385437,-0.07015564292669296,-0.014872854575514793,0.041813842952251434,-0.2136586606502533,-0.056301049888134,-0.2539304494857788,0.1274559050798416,0.124958835542202,0.010271692648530006,0.04162552207708359,0.003672638675197959,-0.12436515092849731,-0.029019419103860855,-0.03685946762561798,0.003321391763165593
41,1772099460.128673,0,0,0.15003961324691772,-0.5890094041824341,-0.2540329694747925,0.9998366832733154,0.1606777161359787,-0.4574914574623108,-0.012072636745870113,0.9994366765022278,-0.10693825036287308,-0.43107250332832336,-0.20416587591171265,0.9996867775917053,0.23698149621486664,-0.25803038477897644,0.05317841097712517,0.2514837086200714,-0.21925413608551025,-0.21141165494918823,-0.22330570220947266,0.6699826121330261,0.29358533024787903,-0.0703204795718193,-0.014856654219329357,0.04210968315601349,-0.21349288523197174,-0.05577436089515686,-0.2539949119091034,0.1283320188522339,0.12492334097623825,0.010246033780276775,0.041691854596138,0.0036156547721475363,-0.12433280050754547,-0.02900700829923153,-0.0369315929710865,0.003269993467256427
42,1772099460.1797948,0,0,0.1497255116701126,-0.5889531373977661,-0.2540432810783386,0.9998364448547363,0.16044582426548004,-0.4574962556362152,-0.01203464437276125,0.9994421005249023,-0.10730159282684326,-0.431069016456604,-0.20401421189308167,0.9996905326843262,0.23696282505989075,-0.25810372829437256,0.053055066615343094,0.2523213326931,-0.21966785192489624,-0.21119371056556702,-0.2230575829744339,0.6732820868492126,0.2935015559196472,-0.07044799625873566,-0.015389879234135151,0.042331524193286896,-0.2134600728750229,-0.05544405058026314,-0.2539535462856293,0.12970945239067078,0.12490209937095642,0.010216902010142803,0.04170544445514679,0.003570083761587739,-0.12431154400110245,-0.0289648175239563,-0.03694506362080574,0.00323441787622869
43,1772099460.2252982,0,0,0.14951272308826447,-0.5889515280723572,-0.2531253397464752,0.9998383522033691,0.16048133373260498,-0.4574452042579651,-0.011653780937194824,0.9994520545005798,-0.10729961842298508,-0.4310372471809387,-0.20362530648708344,0.9996908903121948,0.2373199313879013,-0.25775280594825745,0.05291520804166794,0.25321030616760254,-0.2195201963186264,-0.21067538857460022,-0.22283056378364563,0.6712788939476013,0.29344531893730164,-0.07008626312017441,-0.015809571370482445,0.043012835085392,-0.21317581832408905,-0.054830506443977356,-0.2538316249847412,0.129157155752182,0.12490399181842804,0.010248422622680664,0.041766855865716934,0.003487211652100086,-0.12431617081165314,-0.02909093350172043,-0.03700476884841919,0.0031563593074679375
44,1772099460.2752676,0,0,0.1493535190820694,-0.5890377163887024,-0.2531667947769165,0.9998401999473572,0.16051776707172394,-0.45765000581741333,-0.011503523215651512,0.9994603395462036,-0.10724274814128876,-0.43111589550971985,-0.20343586802482605,0.9996936917304993,0.23715153336524963,-0.2577683627605438,0.053023673593997955,0.254006952047348,-0.21824763715267181,-0.210488423705101,-0.22294725477695465,0.6716774702072144,0.2927010655403137,-0.06990121304988861,-0.01571529544889927,0.04385750740766525,-0.2111470252275467,-0.05434313043951988,-0.25416985154151917,0.12954400479793549,0.12489506602287292,0.010297550819814205,0.041962362825870514,0.0034310126211494207,-0.12431064248085022,-0.02922677993774414,-0.03719058632850647,0.003099077148362994
45,1772099460.338469,0,0,0.1484130322933197,-0.5890360474586487,-0.25297123193740845,0.9998432993888855,0.1605590283870697,-0.45787832140922546,-0.010579659603536129,0.9994657039642334,-0.10724625736474991,-0.431225448846817,-0.2014629989862442,0.9996978640556335,0.23676373064517975,-0.25778499245643616,0.05346694961190224,0.2530183792114258,-0.21825110912322998,-0.2103215605020523,-0.22215987741947174,0.6738723516464233,0.2913646996021271,-0.06985192745923996,-0.015325957909226418,0.044184595346450806,-0.21007542312145233,-0.05389317497611046,-0.25409185886383057,0.13018319010734558,0.12488190829753876,0.010328717529773712,0.042045533657073975,0.0034229059237986803,-0.12429814040660858,-0.029248442500829697,-0.0372842475771904,0.00309436721727252
46,1772099460.3927338,0,0,0.1483323574066162,-0.589056670665741,-0.2529740333557129,0.9998452663421631,0.1607884168624878,-0.45796462893486023,-0.010531236417591572,0.9994751811027527,-0.10711940377950668,-0.4312889873981476,-0.20103976130485535,0.9997000694274902,0.23661400377750397,-0.2578241527080536,0.053432971239089966,0.25465574860572815,-0.2180902063846588,-0.21030493080615997,-0.22184427082538605,0.6737750768661499,0.2910537123680115,-0.06942117214202881,-0.014920858666300774,0.04477515071630478,-0.21017979085445404,-0.05324045941233635,-0.2537212073802948,0.1296883076429367,0.12480761855840683,0.010337135754525661,0.042044464498758316,0.003425925737246871,-0.12421828508377075,-0.029248392209410667,-0.037288688123226166,0.003086223267018795
47,1772099460.445621,0,0,0.14841727912425995,-0.5889231562614441,-0.25211453437805176,0.9998457431793213,0.16078811883926392,-0.4579925537109375,-0.00983585324138403,0.9994792342185974,-0.10685348510742188,-0.431323766708374,-0.20093747973442078,0.9997012615203857,0.2363780438899994,-0.25777193903923035,0.05368177592754364,0.2530418932437897,-0.21755367517471313,-0.21012896299362183,-0.22205238044261932,0.6734039783477783,0.290690541267395,-0.06920790672302246,-0.014883410185575485,0.04498723894357681,-0.20926615595817566,-0.0529884435236454,-0.25447767972946167,0.13027943670749664,0.12479336559772491,0.010370684787631035,0.042211975902318954,0.0033634956926107407,-0.12420458346605301,-0.029314164072275162,-0.037451498210430145,0.0030263394583016634
48,1772099460.498057,0,0,0.14836803078651428,-0.5877794623374939,-0.25247934460639954,0.9998438954353333,0.16089695692062378,-0.4579925239086151,-0.009892278350889683,0.9994794726371765,-0.10676531493663788,-0.4314046800136566,-0.2008306086063385,0.9996999502182007,0.2363782525062561,-0.2576558291912079,0.053661048412323,0.2523711025714874,-0.2168874889612198,-0.21002055704593658,-0.22140727937221527,0.6695410013198853,0.29030516743659973,-0.06844548881053925,-0.0149309067055583,0.04460877180099487,-0.20754748582839966,-0.0533975251019001,-0.25357645750045776,0.12921175360679626,0.12481093406677246,0.010307895950973034,0.04222864285111427,0.0033308977726846933,-0.12422730773687363,-0.029270082712173462,-0.03746722266077995,0.002991878893226385
49,1772099460.5432549,0,0,0.14825820922851562,-0.586396336555481,-0.2527220547199249,0.9998409748077393,0.16130521893501282,-0.45802849531173706,-0.009510345757007599,0.9994754791259766,-0.10672537237405777,-0.43204465508461,-0.20024383068084717,0.999701976776123,0.23642189800739288,-0.2575625777244568,0.053640592843294144,0.2511908710002899,-0.21660196781158447,-0.21001023054122925,-0.2213616818189621,0.6702395081520081,0.28984570503234863,-0.06733392179012299,-0.015223588794469833,0.04445870593190193,-0.20620954036712646,-0.0533163957297802,-0.254038542509079,0.13002662360668182,0.12467081099748611,0.010340253822505474,0.04226215183734894,0.0032893295865505934,-0.12409605830907822,-0.0292885210365057,-0.03751703351736069,0.0029564949218183756
50,1772099460.5952773,0,0,0.14817959070205688,-0.585414707660675,-0.2536316514015198,0.999837338924408,0.16177943348884583,-0.458025187253952,-0.009500260464847088,0.999467134475708,-0.10654187947511673,-0.43263164162635803,-0.20008836686611176,0.9997031688690186,0.23642463982105255,-0.2574141323566437,0.05382899194955826,0.2498328685760498,-0.21609030663967133,-0.21020618081092834,-0.22120526432991028,0.6710624694824219,0.2898145020008087,-0.06692437827587128,-0.015006782487034798,0.0439893938601017,-0.2059866040945053,-0.05329008772969246,-0.2539978325366974,0.13066893815994263,0.12455680966377258,0.010339854285120964,0.04228200018405914,0.0033023955766111612,-0.12399869412183762,-0.029261257499456406,-0.037541214376688004,0.0029750445391982794
51,1772099460.6422226,0,0,0.1489795446395874,-0.5840408802032471,-0.25366076827049255,0.9998217225074768,0.16121485829353333,-0.4581153094768524,-0.009787455201148987,0.9994649291038513,-0.10652771592140198,-0.4326852262020111,-0.20142862200737,0.9997013211250305,0.2362966537475586,-0.2583794891834259,0.05381565913558006,0.2526007294654846,-0.21482479572296143,-0.21036002039909363,-0.22349224984645844,0.6737219095230103,0.28972169756889343,-0.06741324812173843,-0.01384772453457117,0.04382561892271042,-0.20542410016059875,-0.05349842458963394,-0.254948228597641,0.13133445382118225,0.12389276176691055,0.010158354416489601,0.042254384607076645,0.0033272881992161274,-0.12337552756071091,-0.02866818942129612,-0.037530265748500824,0.002981387311592698
52,1772099460.693294,0,0,0.14953432977199554,-0.582112729549408,-0.25357183814048767,0.9998136758804321,0.1602035015821457,-0.4582090973854065,-0.009825890883803368,0.999469518661499,-0.10651955008506775,-0.4326910376548767,-0.2020961195230484,0.9997037649154663,0.23605801165103912,-0.25897181034088135,0.05429000407457352,0.2546837627887726,-0.21416211128234863,-0.21035148203372955,-0.22399641573429108,0.6759433746337891,0.2891206741333008,-0.06792329251766205,-0.010617822408676147,0.04349532350897789,-0.20439499616622925,-0.05348052456974983,-0.2549242675304413,0.13205164670944214,0.12359370291233063,0.009989233687520027,0.042263783514499664,0.003350054146721959,-0.12309813499450684,-0.028238223865628242,-0.03754189610481262,0.0029979730024933815
53,1772099460.7451727,0,0,0.14917685091495514,-0.5810030102729797,-0.25555849075317383,0.9998096227645874,0.1603267937898636,-0.4587075710296631,-0.010204941965639591,0.999472975730896,-0.1068248525261879,-0.4333679676055908,-0.20203797519207,0.9997084736824036,0.2360103577375412,-0.259564608335495,0.054206255823373795,0.255068838596344,-0.21444259583950043,-0.21062728762626648,-0.22392487525939941,0.6787989735603333,0.2889133393764496,-0.06776402145624161,-0.010227433405816555,0.04285011067986488,-0.20449776947498322,-0.05333171412348747,-0.25489726662635803,0.13181234896183014,0.1234460398554802,0.009949089959263802,0.042043425142765045,0.0033756375778466463,-0.12295971810817719,-0.02807925082743168,-0.037359341979026794,0.003012624103575945
54,1772099460.7958646,0,0,0.145472452044487,-0.5797735452651978,-0.2655707597732544,0.999806821346283,0.161257803440094,-0.45952746272087097,-0.013039693236351013,0.9994761943817139,-0.10751237720251083,-0.43443045020103455,-0.20191089808940887,0.9997174739837646,0.23536033928394318,-0.2608480751514435,0.05419005826115608,0.2579644024372101,-0.21448589861392975,-0.21088241040706635,-0.22267769277095795,0.68609619140625,0.28656241297721863,-0.06762547045946121,-0.009350063279271126,0.042226072400808334,-0.20436304807662964,-0.05201650410890579,-0.2546426057815552,0.13283462822437286,0.12310359627008438,0.009896398521959782,0.041273459792137146,0.0035513013135641813,-0.12265027314424515,-0.027699928730726242,-0.0366915799677372,0.003169297007843852
55,1772099460.8419137,0,0,0.14227961003780365,-0.5784144997596741,-0.27354028820991516,0.9998041391372681,0.16120988130569458,-0.46075737476348877,-0.017790379002690315,0.9994811415672302,-0.10902458429336548,-0.43464651703834534,-0.2031071037054062,0.9997243881225586,0.2342376857995987,-0.26330456137657166,0.05326046049594879,0.2593812346458435,-0.21505938470363617,-0.21089519560337067,-0.22294649481773376,0.6922833919525146,0.28600066900253296,-0.06821101158857346,-0.009496795013546944,0.0414595790207386,-0.20429660379886627,-0.05120019242167473,-0.25541365146636963,0.13303355872631073,0.1229642927646637,0.009603147394955158,0.040647465735673904,0.0036601966712623835,-0.1225292831659317,-0.026995578780770302,-0.03609718754887581,0.0032567998860031366
56,1772099460.8925755,0,0,0.14166009426116943,-0.5781891345977783,-0.27269068360328674,0.999803364276886,0.16097530722618103,-0.4613562226295471,-0.017636744305491447,0.9994878768920898,-0.10922032594680786,-0.43474096059799194,-0.20291489362716675,0.9997302293777466,0.23290911316871643,-0.2638610005378723,0.05377271771430969,0.25980716943740845,-0.21501414477825165,-0.2109510749578476,-0.22276972234249115,0.6943784952163696,0.28467318415641785,-0.0685463547706604,-0.006047040224075317,0.04110891371965408,-0.20427218079566956,-0.05104488134384155,-0.25522381067276,0.13295169174671173,0.12288413941860199,0.009484066627919674,0.040498122572898865,0.0037098624743521214,-0.12245163321495056,-0.026791170239448547,-0.03594353795051575,0.0032913743052631617
57,1772099460.945867,0,0,0.14072009921073914,-0.5781152248382568,-0.27205154299736023,0.9998016357421875,0.16102224588394165,-0.46189507842063904,-0.01725725270807743,0.999487578868866,-0.10956870764493942,-0.4351354241371155,-0.20195619761943817,0.9997336864471436,0.23275066912174225,-0.2639579772949219,0.05381636694073677,0.2580180764198303,-0.21520987153053284,-0.2109251171350479,-0.22208112478256226,0.6952465176582336,0.2843570113182068,-0.06843871623277664,-0.006426978390663862,0.040497031062841415,-0.20424394309520721,-0.05103609338402748,-0.25477632880210876,0.13234180212020874,0.12286828458309174,0.009470416232943535,0.04048490524291992,0.0037117765750736,-0.12243751436471939,-0.02677873894572258,-0.035930510610342026,0.0032939764205366373
58,1772099460.9941683,0,0,0.14063526690006256,-0.5785326957702637,-0.27018818259239197,0.9998016357421875,0.16083265841007233,-0.46243390440940857,-0.0164007730782032,0.9994890689849854,-0.10970476269721985,-0.4353674352169037,-0.20130370557308197,0.9997369647026062,0.23204165697097778,-0.2643064260482788,0.05381003022193909,0.25607696175575256,-0.21532854437828064,-0.21104083955287933,-0.22179828584194183,0.6958733797073364,0.2822580933570862,-0.06859024614095688,-0.006489078979939222,0.0397980734705925,-0.20424818992614746,-0.051029134541749954,-0.25460341572761536,0.13146471977233887,0.12275715917348862,0.00944975484162569,0.04042597487568855,0.0036872688215225935,-0.1223166361451149,-0.02675112523138523,-0.03588279336690903,0.0032706218771636486
59,1772099461.0429685,0,0,0.14091169834136963,-0.5785515308380127,-0.2640211582183838,0.9997982978820801,0.15925458073616028,-0.4624090790748596,-0.014481411315500736,0.9994879961013794,-0.10992993414402008,-0.43485456705093384,-0.20133042335510254,0.9997327327728271,0.23127016425132751,-0.26375001668930054,0.054010868072509766,0.2542065382003784,-0.21522600948810577,-0.20951053500175476,-0.22204381227493286,0.693025529384613,0.2815861999988556,-0.06846242398023605,-0.00675706472247839,0.03964301571249962,-0.20417042076587677,-0.05102601647377014,-0.2545901834964752,0.1310262382030487,0.12277664244174957,0.009440775029361248,0.040683332830667496,0.003593351459130645,-0.1223350390791893,-0.02677234821021557,-0.036123305559158325,0.0031865346245467663
60,1772099461.0943155,0,0,0.12875530123710632,-0.5828436613082886,-0.2649814486503601,0.9998106360435486,0.15980984270572662,-0.4624146521091461,-0.014531334862112999,0.9994795918464661,-0.11105911433696747,-0.4348810315132141,-0.1941165179014206,0.9997385144233704,0.22975607216358185,-0.26267364621162415,0.053199414163827896,0.248739093542099,-0.21759474277496338,-0.20957346260547638,-0.20935776829719543,0.6958121061325073,0.28014543652534485,-0.06780481338500977,-0.006822373252362013,0.038669146597385406,-0.20538857579231262,-0.050350453704595566,-0.24697791039943695,0.13184751570224762,0.12327340990304947,0.0093523059040308,0.04010053351521492,0.003659819718450308,-0.12280288338661194,-0.026715213432908058,-0.03545461595058441,0.0032790121622383595
61,1772099461.1440353,1,1,0.12353575229644775,-0.5870686769485474,-0.2676657438278198,0.9998218417167664,0.16043812036514282,-0.462478369474411,-0.014947334304451942,0.9994710683822632,-0.11121857166290283,-0.4348948299884796,-0.19095748662948608,0.9997439980506897,0.22821028530597687,-0.26253899931907654,0.05301786586642265,0.2440367043018341,-0.2181376963853836,-0.209788516163826,-0.2035948932170868,0.6979416012763977,0.27752211689949036,-0.06673284620046616,-0.0043897973373532295,0.03765038028359413,-0.2056267261505127,-0.049749694764614105,-0.2416565716266632,0.1321701556444168,0.1233484148979187,0.009268819354474545,0.039187829941511154,0.003754815785214305,-0.12286517769098282,-0.02661757543683052,-0.03448214754462242,0.0033857375383377075
62,1772099461.1998875,1,1,0.12308022379875183,-0.5874184966087341,-0.2700173556804657,0.9998320937156677,0.16237927973270416,-0.46235859394073486,-0.015985941514372826,0.999472439289093,-0.11185447871685028,-0.43477892875671387,-0.19035570323467255,0.9997492432594299,0.22809602320194244,-0.2619114816188812,0.05300978943705559,0.24123302102088928,-0.21882003545761108,-0.20948068797588348,-0.20276957750320435,0.6992055177688599,0.2772195637226105,-0.06341297179460526,-0.0016934014856815338,0.03709710016846657,-0.2064714878797531,-0.04882368817925453,-0.23959088325500488,0.13089589774608612,0.12386132031679153,0.009341392666101456,0.039022497832775116,0.0038271842058748007,-0.12337303906679153,-0.026746053248643875,-0.03430917486548424,0.0034601190127432346
63,1772099461.2386963,1,1,0.1207210123538971,-0.5900583863258362,-0.2703568935394287,0.9998416900634766,0.16245746612548828,-0.46253252029418945,-0.01620921492576599,0.9994726181030273,-0.11227183043956757,-0.4351502060890198,-0.18708768486976624,0.9997541904449463,0.22738362848758698,-0.26189878582954407,0.0520973801612854,0.23897984623908997,-0.22124692797660828,-0.210139200091362,-0.19825391471385956,0.7016890048980713,0.27686670422554016,-0.06343327462673187,-0.0019484983058646321,0.03667301684617996,-0.2094534933567047,-0.048796456307172775,-0.23746372759342194,0.13107185065746307,0.12387485057115555,0.009256554767489433,0.03840991109609604,0.0039518969133496284,-0.12338054180145264,-0.026600852608680725,-0.03367635980248451,0.0035808542743325233
64,1772099461.2828815,1,1,0.11995921283960342,-0.5905278325080872,-0.2705661356449127,0.9998507499694824,0.16333059966564178,-0.46248888969421387,-0.016379699110984802,0.9994696974754333,-0.11290332674980164,-0.4353008568286896,-0.18574832379817963,0.9997591376304626,0.22736407816410065,-0.26173266768455505,0.05205954983830452,0.23595492541790009,-0.22202913463115692,-0.21026168763637543,-0.19745056331157684,0.7034715414047241,0.27707424759864807,-0.06323760747909546,-0.0012087431969121099,0.03619854524731636,-0.21018129587173462,-0.048618804663419724,-0.23702046275138855,0.13063955307006836,0.1240861564874649,0.009258474223315716,0.038356807082891464,0.004032970871776342,-0.12358623743057251,-0.026635508984327316,-0.033633310347795486,0.003668347606435418
65,1772099461.3287845,1,1,0.11971855163574219,-0.591637134552002,-0.2705083191394806,0.9998571872711182,0.16414675116539001,-0.46265891194343567,-0.016165394335985184,0.9994661211967468,-0.11306572705507278,-0.4355173408985138,-0.18414565920829773,0.9997620582580566,0.22738580405712128,-0.2617778778076172,0.052201177924871445,0.23425909876823425,-0.22205576300621033,-0.21026764810085297,-0.19651104509830475,0.7044578194618225,0.2770712673664093,-0.06319144368171692,-0.00047087552957236767,0.03577037900686264,-0.2103918045759201,-0.04859857261180878,-0.23621751368045807,0.12983539700508118,0.12408141046762466,0.009336523711681366,0.03823746740818024,0.004138623829931021,-0.12357903271913528,-0.026684679090976715,-0.03355492278933525,0.0037750396877527237
66,1772099461.3773491,1,1,0.11918437480926514,-0.5922915935516357,-0.27004972100257874,0.9998634457588196,0.16409273445606232,-0.4630357623100281,-0.015556570142507553,0.9994653463363647,-0.11308147758245468,-0.4359663724899292,-0.18281669914722443,0.9997658133506775,0.22689302265644073,-0.26207706332206726,0.05323006957769394,0.23308773338794708,-0.22308968007564545,-0.2114061862230301,-0.19608934223651886,0.7075029015541077,0.27709493041038513,-0.06361907720565796,0.0006982827326282859,0.03551466017961502,-0.2114456743001938,-0.04888990893959999,-0.23621681332588196,0.13018406927585602,0.1240476593375206,0.009334943257272243,0.03808676823973656,0.004260302055627108,-0.12353930622339249,-0.026658736169338226,-0.03340497612953186,0.0038935707416385412
67,1772099461.4331813,1,1,0.11950601637363434,-0.5926563143730164,-0.2691095471382141,0.9998697638511658,0.16419664025306702,-0.4630419909954071,-0.015438230708241463,0.9994747638702393,-0.1130061000585556,-0.43597912788391113,-0.18297573924064636,0.9997697472572327,0.2268718183040619,-0.26187536120414734,0.05319872871041298,0.23316049575805664,-0.22306840121746063,-0.211301788687706,-0.19635990262031555,0.7073065042495728,0.2771114706993103,-0.06363605707883835,0.00045862412662245333,0.035755470395088196,-0.2116941511631012,-0.04892215505242348,-0.23637595772743225,0.12957854568958282,0.12409523874521255,0.009358133189380169,0.038098398596048355,0.004307069815695286,-0.12358617782592773,-0.026720400899648666,-0.03342000022530556,0.003930218517780304
68,1772099461.4781108,1,1,0.11977880448102951,-0.5934439897537231,-0.26884886622428894,0.9998769760131836,0.16414666175842285,-0.46305039525032043,-0.015225401148200035,0.9994766712188721,-0.11301540583372116,-0.43598437309265137,-0.18312861025333405,0.9997730255126953,0.22669512033462524,-0.26178398728370667,0.0532827265560627,0.22975605726242065,-0.22326403856277466,-0.2113160490989685,-0.19676092267036438,0.7070431709289551,0.27723297476768494,-0.06369723379611969,0.0008253197884187102,0.03553769737482071,-0.21267323195934296,-0.04905897006392479,-0.23653672635555267,0.1297951191663742,0.12419631332159042,0.009346231818199158,0.03819204494357109,0.004307578317821026,-0.12368010729551315,-0.02675091288983822,-0.033509403467178345,0.003936620429158211
69,1772099461.5281575,1,1,0.12002293765544891,-0.5947085022926331,-0.2687309682369232,0.999884307384491,0.16442978382110596,-0.4631216526031494,-0.014613891951739788,0.9994808435440063,-0.1124141663312912,-0.43599632382392883,-0.18317876756191254,0.9997772574424744,0.22668620944023132,-0.26165837049484253,0.053932707756757736,0.2269805520772934,-0.22303549945354462,-0.21133066713809967,-0.1970350295305252,0.7067627906799316,0.27740517258644104,-0.06371216475963593,0.002650816459208727,0.03533225506544113,-0.21268200874328613,-0.04909816384315491,-0.23644770681858063,0.12993280589580536,0.12423083931207657,0.009359133429825306,0.03835782781243324,0.004345770459622145,-0.12370900809764862,-0.02684982307255268,-0.033677298575639725,0.0039845905266702175
70,1772099461.5786633,1,1,0.11981669068336487,-0.5953290462493896,-0.2684289813041687,0.9998911023139954,0.16486267745494843,-0.46319013833999634,-0.01416352391242981,0.999484121799469,-0.112349733710289,-0.43612489104270935,-0.18248604238033295,0.9997813701629639,0.22672294080257416,-0.26148948073387146,0.05406350642442703,0.22376252710819244,-0.22303760051727295,-0.21134886145591736,-0.19676342606544495,0.7068394422531128,0.2784920930862427,-0.06377322971820831,0.0026669749058783054,0.0350743904709816,-0.21350441873073578,-0.04915372282266617,-0.23650391399860382,0.1300891488790512,0.1244560033082962,0.009373730979859829,0.03837153688073158,0.004416769370436668,-0.12393046915531158,-0.02689911052584648,-0.03368985280394554,0.004069318529218435
71,1772099461.6291854,1,1,0.11971540749073029,-0.5957051515579224,-0.2681896686553955,0.9998972415924072,0.16512027382850647,-0.4632520377635956,-0.013830335810780525,0.9994874596595764,-0.11231165379285812,-0.43617045879364014,-0.18215660750865936,0.9997852444648743,0.22675001621246338,-0.26142093539237976,0.054355621337890625,0.22094613313674927,-0.22304730117321014,-0.2113541215658188,-0.1966571807861328,0.7072182297706604,0.2791995704174042,-0.06389603763818741,0.003144362010061741,0.034859996289014816,-0.2141072005033493,-0.049183208495378494,-0.23654893040657043,0.13032613694667816,0.12463317066431046,0.00938839465379715,0.03838542476296425,0.00447895796969533,-0.12410474568605423,-0.026940884068608284,-0.03370228409767151,0.004142815712839365
72,1772099461.6848347,1,1,0.11915436387062073,-0.5959519743919373,-0.26807379722595215,0.9999021887779236,0.16545797884464264,-0.46326375007629395,-0.013783504255115986,0.9994881749153137,-0.1123141273856163,-0.43618398904800415,-0.1813986450433731,0.9997866749763489,0.22674353420734406,-0.26061856746673584,0.05344509705901146,0.21835891902446747,-0.22305071353912354,-0.2111426591873169,-0.1954832822084427,0.7053661942481995,0.2791008949279785,-0.06370258331298828,0.0006720461533404887,0.034448590129613876,-0.21446435153484344,-0.049161892384290695,-0.2356448620557785,0.12973465025424957,0.12481247633695602,0.009401103481650352,0.03830767050385475,0.004513241350650787,-0.12428253889083862,-0.02697642147541046,-0.033620454370975494,0.0041897837072610855
73,1772099461.7282312,1,1,0.11775475740432739,-0.5977393984794617,-0.26805225014686584,0.9999071955680847,0.16515614092350006,-0.46378424763679504,-0.013763201422989368,0.999488890171051,-0.11239618062973022,-0.4362235963344574,-0.18131759762763977,0.9997896552085876,0.2261498123407364,-0.26097044348716736,0.05331570282578468,0.21626104414463043,-0.2241443544626236,-0.21139198541641235,-0.19544148445129395,0.7078465819358826,0.2789531648159027,-0.06489922106266022,0.0006514379638247192,0.03425971791148186,-0.21658232808113098,-0.049293819814920425,-0.2356896698474884,0.1309281289577484,0.12482205778360367,0.00931530725210905,0.03822292760014534,0.0045567722991108894,-0.12429055571556091,-0.026895487681031227,-0.033531904220581055,0.004241626709699631
74,1772099461.7822444,1,1,0.11737004667520523,-0.5979464650154114,-0.2680078446865082,0.999912440776825,0.16526687145233154,-0.4637957811355591,-0.01375232357531786,0.9994886517524719,-0.11237229406833649,-0.43620941042900085,-0.18097104132175446,0.9997913241386414,0.22604167461395264,-0.260713666677475,0.053199391812086105,0.21295714378356934,-0.22411879897117615,-0.21132011711597443,-0.19432182610034943,0.7066225409507751,0.2789568305015564,-0.06485757231712341,0.0006633764714933932,0.03379251807928085,-0.21656017005443573,-0.04929645359516144,-0.23506538569927216,0.13102462887763977,0.12507618963718414,0.00927781779319048,0.038144249469041824,0.004620647057890892,-0.12454148381948471,-0.026879815384745598,-0.033438071608543396,0.004311630502343178
75,1772099461.825535,1,1,0.11743336915969849,-0.5981824398040771,-0.2677417993545532,0.9999181032180786,0.16516362130641937,-0.4637708067893982,-0.013189271092414856,0.9994921684265137,-0.11224311590194702,-0.43598103523254395,-0.18099506199359894,0.9997931122779846,0.2260095477104187,-0.2602601945400238,0.0547441691160202,0.21027067303657532,-0.22458434104919434,-0.21132011711597443,-0.19443033635616302,0.7053627967834473,0.2797265350818634,-0.06484846025705338,0.004021377768367529,0.033378489315509796,-0.21782447397708893,-0.049585018306970596,-0.23510971665382385,0.13052602112293243,0.12529036402702332,0.009275481104850769,0.03824378177523613,0.004603145644068718,-0.12475131452083588,-0.02697024680674076,-0.03351333737373352,0.0043031563982367516
76,1772099461.8799596,1,1,0.1174718514084816,-0.5984069108963013,-0.26761552691459656,0.9999232292175293,0.16504724323749542,-0.4637688100337982,-0.012812649831175804,0.9994955658912659,-0.11216426640748978,-0.4357772767543793,-0.18102188408374786,0.9997950196266174,0.22591128945350647,-0.2600933909416199,0.05617954954504967,0.20791499316692352,-0.22482667863368988,-0.21132276952266693,-0.1944863200187683,0.7046412825584412,0.2802972197532654,-0.06486429274082184,0.007100136484950781,0.032992471009492874,-0.21854785084724426,-0.04976547136902809,-0.23514124751091003,0.13012854754924774,0.1254528909921646,0.009267248213291168,0.038325145840644836,0.004602151922881603,-0.1249106377363205,-0.02701495587825775,-0.03357554227113724,0.004308315459638834
77,1772099461.9326816,1,1,0.11751145124435425,-0.598393440246582,-0.26702576875686646,0.9999260902404785,0.16440705955028534,-0.4637167453765869,-0.012795143760740757,0.9994966983795166,-0.11242151260375977,-0.4353082776069641,-0.18127334117889404,0.9997934699058533,0.22591044008731842,-0.26008644700050354,0.0564008466899395,0.20850110054016113,-0.22488826513290405,-0.2111211121082306,-0.19456395506858826,0.7037195563316345,0.2802976667881012,-0.06552877277135849,0.00740981288254261,0.032937001436948776,-0.2185627967119217,-0.04978238046169281,-0.23494407534599304,0.1297558844089508,0.12557491660118103,0.009231187403202057,0.038378097116947174,0.004582829307764769,-0.12503403425216675,-0.027018612250685692,-0.033618029206991196,0.004295947961509228
78,1772099461.9806736,1,1,0.11768724769353867,-0.5984953045845032,-0.26698651909828186,0.99992835521698,0.16437716782093048,-0.46373680233955383,-0.012543403543531895,0.9994961023330688,-0.11236923933029175,-0.43529757857322693,-0.181929349899292,0.999792218208313,0.22598817944526672,-0.26007863879203796,0.05671051889657974,0.20878060162067413,-0.22406984865665436,-0.21111536026000977,-0.19597819447517395,0.7028586268424988,0.2805080711841583,-0.0655364841222763,0.007443124894052744,0.03298661857843399,-0.218459352850914,-0.04974399879574776,-0.2354058027267456,0.12947145104408264,0.12557776272296906,0.009247967973351479,0.03855929896235466,0.004550464916974306,-0.12503662705421448,-0.027103234082460403,-0.03381045535206795,0.0042649502865970135
79,1772099462.0286646,1,1,0.11720015853643417,-0.5985291600227356,-0.2669539153575897,0.9999302625656128,0.1639741063117981,-0.4638441503047943,-0.012649946846067905,0.9994992017745972,-0.11260221153497696,-0.4352750778198242,-0.18208613991737366,0.9997926950454712,0.22556902468204498,-0.26037323474884033,0.057204101234674454,0.21133466064929962,-0.22394680976867676,-0.2112646996974945,-0.19602243602275848,0.7058194279670715,0.2804875075817108,-0.06602202355861664,0.009850863367319107,0.03337642177939415,-0.21844381093978882,-0.04972733184695244,-0.23494888842105865,0.13046894967556,0.12559065222740173,0.009237229824066162,0.03854142874479294,0.0046639153733849525,-0.12505118548870087,-0.027027089148759842,-0.03378986939787865,0.004375876393169165
80,1772099462.082162,1,1,0.11702122539281845,-0.5984988808631897,-0.26685506105422974,0.9999326467514038,0.16382712125778198,-0.46418440341949463,-0.012572458945214748,0.9995044469833374,-0.11296437680721283,-0.4352913200855255,-0.1820918321609497,0.9997935891151428,0.2255258411169052,-0.2606663405895233,0.058084726333618164,0.2122594118118286,-0.22430282831192017,-0.21158523857593536,-0.19606374204158783,0.7062522172927856,0.2805352807044983,-0.06610681861639023,0.012348192743957043,0.03363528847694397,-0.21979619562625885,-0.0500277616083622,-0.2347782999277115,0.1300225406885147,0.12561197578907013,0.009288058616220951,0.038567084819078445,0.0046624536626040936,-0.12507596611976624,-0.02709912694990635,-0.03381878882646561,0.00437617301940918
81,1772099462.1318445,1,1,0.11582694947719574,-0.598267674446106,-0.267691969871521,0.9999281167984009,0.16383017599582672,-0.46421751379966736,-0.013611570931971073,0.9994960427284241,-0.11447509378194809,-0.43553832173347473,-0.18216535449028015,0.9997897148132324,0.2258756458759308,-0.2607385218143463,0.055827297270298004,0.2144233137369156,-0.22522269189357758,-0.21183763444423676,-0.19613094627857208,0.707912802696228,0.28107917308807373,-0.0662434846162796,0.005791369825601578,0.033721547573804855,-0.22090362012386322,-0.050188686698675156,-0.2347942590713501,0.13020189106464386,0.12562553584575653,0.009317656047642231,0.03836947679519653,0.004620985593646765,-0.1250915229320526,-0.027104979380965233,-0.03364752233028412,0.004344698041677475
82,1772099462.1787574,1,1,0.11504323780536652,-0.5982605814933777,-0.26861217617988586,0.999925434589386,0.16380442678928375,-0.4642525911331177,-0.014514831826090813,0.9994900822639465,-0.11541439592838287,-0.4357835352420807,-0.18242771923542023,0.9997872114181519,0.22589248418807983,-0.2608470618724823,0.0541936419904232,0.2169165164232254,-0.22582577168941498,-0.21210543811321259,-0.19640494883060455,0.7110538482666016,0.2813563346862793,-0.066350556910038,0.0009777434170246124,0.03391136974096298,-0.22157198190689087,-0.05028153583407402,-0.2350374460220337,0.1313178390264511,0.1256362348794937,0.009312045760452747,0.03827967867255211,0.0046304925344884396,-0.12510499358177185,-0.027064168825745583,-0.03357037901878357,0.004358556121587753
83,1772099462.2290554,1,1,0.11331083625555038,-0.5980170369148254,-0.2703797519207001,0.9999224543571472,0.16408677399158478,-0.46409872174263,-0.01654365099966526,0.9994820952415466,-0.11693499237298965,-0.4360417127609253,-0.18233121931552887,0.9997841119766235,0.22656884789466858,-0.2608489692211151,0.051717713475227356,0.22096407413482666,-0.22683170437812805,-0.21229808032512665,-0.19587911665439606,0.7143767476081848,0.2837424576282501,-0.06631703674793243,-0.0031369586940854788,0.03390692546963692,-0.2218513786792755,-0.05025648698210716,-0.2349364161491394,0.13146279752254486,0.12578091025352478,0.009327339008450508,0.03786851838231087,0.004653303883969784,-0.12527917325496674,-0.02705303579568863,-0.03315738961100578,0.0043745338916778564
84,1772099462.2752924,1,1,0.11074572801589966,-0.599409282207489,-0.27032676339149475,0.9999147057533264,0.1636512279510498,-0.4641990661621094,-0.01740630716085434,0.9994721412658691,-0.1173759177327156,-0.43590879440307617,-0.18240083754062653,0.9997794032096863,0.22748549282550812,-0.26295754313468933,0.049345407634973526,0.23031140863895416,-0.22765544056892395,-0.2140704244375229,-0.19593657553195953,0.7188311219215393,0.2857685685157776,-0.07051502913236618,-0.006746334955096245,0.03439953923225403,-0.22317057847976685,-0.05088753625750542,-0.2347741276025772,0.13144642114639282,0.12530335783958435,0.009328068234026432,0.03683251515030861,0.004657215904444456,-0.1248498484492302,-0.026853026822209358,-0.03216547146439552,0.004387456923723221
85,1772099462.3290637,1,1,0.10733678191900253,-0.5996332764625549,-0.2701013684272766,0.999908983707428,0.16323502361774445,-0.46419286727905273,-0.017500394955277443,0.9994632601737976,-0.11852948367595673,-0.4358275234699249,-0.18252138793468475,0.9997766613960266,0.22865048050880432,-0.26324206590652466,0.046738289296627045,0.2376028448343277,-0.2279077172279358,-0.21485856175422668,-0.19674301147460938,0.7236011028289795,0.29090359807014465,-0.07086923718452454,-0.01474435068666935,0.0351015143096447,-0.224269837141037,-0.05082421377301216,-0.23614297807216644,0.1321304440498352,0.12503664195537567,0.009361815638840199,0.03646440804004669,0.004641443956643343,-0.12464077770709991,-0.02673688530921936,-0.0318523645401001,0.004386883694678545
86,1772099462.3804052,1,1,0.10400508344173431,-0.6004101037979126,-0.2698326110839844,0.9998989701271057,0.1631605476140976,-0.46433281898498535,-0.01881016232073307,0.9994634389877319,-0.12080999463796616,-0.4358014762401581,-0.18120157718658447,0.9997699856758118,0.2302405834197998,-0.26381200551986694,0.03863419592380524,0.24888506531715393,-0.22960379719734192,-0.215150386095047,-0.19431960582733154,0.7247623801231384,0.2911306321620941,-0.07156604528427124,-0.027144940569996834,0.035880859941244125,-0.2265644073486328,-0.050504595041275024,-0.23309940099716187,0.1289561241865158,0.1246710866689682,0.00951811671257019,0.034677669405937195,0.004624912515282631,-0.124294213950634,-0.02669530361890793,-0.030094511806964874,0.004365534987300634
87,1772099462.4298017,1,1,0.09126650542020798,-0.6011255383491516,-0.2718919515609741,0.9998928904533386,0.16320262849330902,-0.46552568674087524,-0.02222428284585476,0.999474048614502,-0.1269562691450119,-0.4367067217826843,-0.17464396357536316,0.9997677803039551,0.2302335798740387,-0.2645612359046936,0.03098411299288273,0.2554428279399872,-0.23603110015392303,-0.21514631807804108,-0.1832532435655594,0.7223830223083496,0.2913685441017151,-0.07166589051485062,-0.04151163995265961,0.03569250926375389,-0.235896497964859,-0.04969582334160805,-0.2259548455476761,0.12397298961877823,0.12481409311294556,0.009765466675162315,0.03206669166684151,0.004579789936542511,-0.1244472786784172,-0.026723746210336685,-0.027450213208794594,0.00429742643609643
88,1772099462.478736,1,1,0.08530063182115555,-0.6017265915870667,-0.27208811044692993,0.9998888373374939,0.16338396072387695,-0.46587732434272766,-0.023877205327153206,0.9994841814041138,-0.13019055128097534,-0.4370352625846863,-0.17075905203819275,0.999767541885376,0.2303740680217743,-0.2646368443965912,0.026656396687030792,0.2599927484989166,-0.23955076932907104,-0.21501977741718292,-0.17829376459121704,0.7186002731323242,0.29159510135650635,-0.07169262319803238,-0.04751485958695412,0.03543682396411896,-0.2407573014497757,-0.04897207021713257,-0.2222832590341568,0.11936349421739578,0.12509314715862274,0.010041826404631138,0.030671438202261925,0.00451670540496707,-0.1247372105717659,-0.026841087266802788,-0.02604924701154232,0.004232844337821007
89,1772099462.5297732,1,1,0.08283234387636185,-0.6018688082695007,-0.27225157618522644,0.9998839497566223,0.16343608498573303,-0.46609389781951904,-0.024826254695653915,0.9994865655899048,-0.1318347156047821,-0.43706604838371277,-0.1689404547214508,0.9997662305831909,0.23037278652191162,-0.2647894620895386,0.02507709711790085,0.26479125022888184,-0.24106241762638092,-0.2149674892425537,-0.17573000490665436,0.7180570960044861,0.2918945252895355,-0.07254063338041306,-0.04793069139122963,0.035605642944574356,-0.2431865781545639,-0.04849687218666077,-0.2212470918893814,0.11676806956529617,0.12512516975402832,0.010083279572427273,0.030001115053892136,0.004521380178630352,-0.12476956844329834,-0.026814667508006096,-0.025402557104825974,0.004240497015416622
90,1772099462.5781384,1,1,0.08149207383394241,-0.6018770933151245,-0.27221980690956116,0.9998759031295776,0.16377626359462738,-0.4662605822086334,-0.02690170891582966,0.9994902610778809,-0.13380731642246246,-0.4371066987514496,-0.16677118837833405,0.9997641444206238,0.23044650256633759,-0.264717161655426,0.018663179129362106,0.2716158926486969,-0.2417955845594406,-0.21408359706401825,-0.1728067547082901,0.7156862020492554,0.2915447950363159,-0.07255969196557999,-0.05790886655449867,0.03583364188671112,-0.24327869713306427,-0.04766702651977539,-0.2180599868297577,0.1136123463511467,0.1252930760383606,0.010144143365323544,0.028830697759985924,0.004486148711293936,-0.12495674192905426,-0.02681073360145092,-0.02423751913011074,0.00421144301071763
91,1772099462.6251812,1,1,0.06943760067224503,-0.6057175397872925,-0.2721022367477417,0.9998819231987,0.15604202449321747,-0.46676772832870483,-0.02812093123793602,0.9995032548904419,-0.13802236318588257,-0.4369177222251892,-0.1671513170003891,0.9997695088386536,0.22950495779514313,-0.2661404013633728,0.014214333146810532,0.2759348750114441,-0.2515336573123932,-0.21465767920017242,-0.17341405153274536,0.7124925255775452,0.29807111620903015,-0.0794733539223671,-0.06806788593530655,0.03728031739592552,-0.25439026951789856,-0.049227938055992126,-0.21829374134540558,0.11566267907619476,0.1257106065750122,0.008383425883948803,0.02836117148399353,0.004481281153857708,-0.12535688281059265,-0.025342117995023727,-0.023733962327241898,0.00424487330019474
92,1772099462.678896,1,1,0.06405284255743027,-0.6066260933876038,-0.25325527787208557,0.9998928904533386,0.14873072504997253,-0.46675822138786316,-0.019336558878421783,0.9995376467704773,-0.13764823973178864,-0.4369370639324188,-0.13664360344409943,0.9997665286064148,0.2289205938577652,-0.27729374170303345,0.010758147574961185,0.27776241302490234,-0.2485697716474533,-0.21898123621940613,-0.1543322503566742,0.6972450613975525,0.33708298206329346,-0.20229488611221313,-0.10566465556621552,0.07392650842666626,-0.2529321610927582,-0.05055856704711914,-0.20712105929851532,0.12828676402568817,0.12888003885746002,0.0029809740372002125,0.030186019837856293,0.004248396959155798,-0.12847673892974854,-0.024768367409706116,-0.02512369491159916,0.00396333634853363
93,1772099462.7291405,1,1,0.05953233316540718,-0.6066952347755432,-0.2536136209964752,0.9999018907546997,0.14568305015563965,-0.46683746576309204,-0.019059598445892334,0.9995656609535217,-0.13833141326904297,-0.4360734224319458,-0.12827938795089722,0.9997217655181885,0.23298926651477814,-0.2869836091995239,-0.012049422599375248,0.2781270146369934,-0.24514082074165344,-0.2186431586742401,-0.14619436860084534,0.6634330153465271,0.36325421929359436,-0.24895812571048737,-0.1628730744123459,0.12102466076612473,-0.25246158242225647,-0.04774419218301773,-0.19638493657112122,0.12965421378612518,0.13115878403186798,0.0007084364187903702,0.03086240030825138,0.003937142435461283,-0.13080504536628723,-0.024766745045781136,-0.025542914867401123,0.0036329510621726513
94,1772099462.7755327,1,1,0.06241986155509949,-0.6066572070121765,-0.250334233045578,0.9999102354049683,0.14637061953544617,-0.46663758158683777,-0.012701581232249737,0.999587893486023,-0.1381557136774063,-0.43624261021614075,-0.12670481204986572,0.9997077584266663,0.23367248475551605,-0.29119226336479187,-0.009941828437149525,0.27911287546157837,-0.23330385982990265,-0.22065788507461548,-0.14807219803333282,0.6517147421836853,0.3593931794166565,-0.2663692831993103,-0.16921018064022064,0.16066811978816986,-0.2460051327943802,-0.04823477566242218,-0.19902993738651276,0.13982100784778595,0.1312905102968216,9.817307000048459e-05,0.03433692455291748,0.003822518279775977,-0.1309659630060196,-0.024768192321062088,-0.02901906706392765,0.0034364345483481884
95,1772099462.831499,1,1,0.06809101998806,-0.6012330055236816,-0.24061448872089386,0.9999187588691711,0.15927480161190033,-0.4569466710090637,-0.011498559266328812,0.9996237754821777,-0.13303211331367493,-0.43089550733566284,-0.12121913582086563,0.9996882677078247,0.26072463393211365,-0.28435686230659485,-0.032671451568603516,0.3183903694152832,-0.21957924962043762,-0.21571609377861023,-0.14128150045871735,0.62466961145401,0.36794179677963257,-0.29644766449928284,-0.2103831022977829,0.23990531265735626,-0.23402926325798035,-0.045967161655426025,-0.19093729555606842,0.15301990509033203,0.1335674226284027,-0.0002679658937267959,0.03944775089621544,0.003682280657812953,-0.13335539400577545,-0.02607521414756775,-0.03379946947097778,0.0032287854701280594
96,1772099462.8815157,1,1,0.07152929157018661,-0.5981627106666565,-0.2380559891462326,0.9999260306358337,0.1656731218099594,-0.45420610904693604,-0.011700915172696114,0.9996485114097595,-0.1283932477235794,-0.42750170826911926,-0.1211678683757782,0.9996472597122192,0.2647112011909485,-0.28520917892456055,-0.05963720381259918,0.3475755453109741,-0.20821435749530792,-0.2142295092344284,-0.13804204761981964,0.6068398952484131,0.36229586601257324,-0.3131725788116455,-0.2582007050514221,0.3102041184902191,-0.2282513529062271,-0.04536139965057373,-0.18174992501735687,0.16984029114246368,0.13432863354682922,-0.00018458516569808125,0.04093481972813606,0.003583286888897419,-0.13419106602668762,-0.027343623340129852,-0.03524890914559364,0.0030534006655216217
97,1772099462.9288633,1,1,0.07179910689592361,-0.5921117663383484,-0.23616008460521698,0.9999331831932068,0.17177829146385193,-0.4425172805786133,-0.009868907742202282,0.9996787905693054,-0.1273082047700882,-0.42173531651496887,-0.11567433178424835,0.9996117949485779,0.3017778694629669,-0.2805587947368622,-0.08707274496555328,0.3943541347980499,-0.20050014555454254,-0.2068646103143692,-0.11962191760540009,0.5824325680732727,0.3579895794391632,-0.38165080547332764,-0.30360493063926697,0.37769120931625366,-0.22618462145328522,-0.039194829761981964,-0.15017110109329224,0.18475483357906342,0.13899078965187073,5.278849494061433e-05,0.041498515754938126,0.0033292018342763186,-0.13903261721134186,-0.03263410925865173,-0.03562388941645622,0.002797012683004141
98,1772099462.9751725,1,1,0.07204067707061768,-0.5909966230392456,-0.22859159111976624,0.9999396800994873,0.1732126772403717,-0.43679574131965637,-0.0019167738500982523,0.9997065663337708,-0.12598899006843567,-0.4199627935886383,-0.10965274274349213,0.9995996356010437,0.3124452233314514,-0.27416276931762695,-0.07687783986330032,0.4422844350337982,-0.20010846853256226,-0.2016012966632843,-0.11357011646032333,0.5648821592330933,0.3561192750930786,-0.4042304456233978,-0.27483034133911133,0.4385985732078552,-0.22602973878383636,-0.030421478673815727,-0.15593557059764862,0.2056567519903183,0.14026597142219543,0.0001493824238423258,0.041720278561115265,0.0031307011377066374,-0.14027203619480133,-0.034219954162836075,-0.03571634739637375,0.002588433213531971
99,1772099463.0287237,1,1,0.07428678870201111,-0.590094804763794,-0.2238817811012268,0.9999454617500305,0.1755753457546234,-0.4348706305027008,0.003572870045900345,0.9997292160987854,-0.12118127197027206,-0.42013639211654663,-0.10865368694067001,0.9995878338813782,0.31812551617622375,-0.27413082122802734,-0.06947226077318192,0.48681843280792236,-0.1950385570526123,-0.20147396624088287,-0.11257519572973251,0.557246208190918,0.3547818660736084,-0.4231809973716736,-0.2589135468006134,0.49344712495803833,-0.22197259962558746,-0.029087428003549576,-0.1542084664106369,0.2290523648262024,0.14016705751419067,0.00028471843688748777,0.04236965253949165,0.0030388287268579006,-0.14016275107860565,-0.03502916544675827,-0.03629795461893082,0.0024571879766881466
100,1772099463.0787346,1,1,0.07534720748662949,-0.5902689695358276,-0.223164364695549,0.9999503493309021,0.17764507234096527,-0.43279901146888733,0.0069332122802734375,0.9997431039810181,-0.1138400062918663,-0.4192221164703369,-0.11004362255334854,0.9995439052581787,0.3301069736480713,-0.27739831805229187,-0.0662158727645874,0.5289251208305359,-0.18272145092487335,-0.20093995332717896,-0.11255059391260147,0.5506396889686584,0.352247416973114,-0.4426240921020508,-0.25302863121032715,0.5429121255874634,-0.22002969682216644,-0.029625391587615013,-0.150496706366539,0.2557394504547119,0.1400589942932129,0.0003540704492479563,0.04298678785562515,0.0029497731011360884,-0.14004595577716827,-0.03559001907706261,-0.03685281425714493,0.0023415000177919865
101,1772099463.1286736,1,1,0.0771133229136467,-0.5904577970504761,-0.22183531522750854,0.9999546408653259,0.17759963870048523,-0.4336055815219879,0.012631136924028397,0.9997575283050537,-0.10584215074777603,-0.4188176989555359,-0.11137601733207703,0.9995216131210327,0.3314703702926636,-0.28528738021850586,-0.06249549984931946,0.5699753761291504,-0.1721402257680893,-0.19982130825519562,-0.11565732210874557,0.5532692074775696,0.35117217898368835,-0.4559457302093506,-0.24398577213287354,0.5877492427825928,-0.21851129829883575,-0.03026239015161991,-0.15335455536842346,0.2869054973125458,0.13795118033885956,0.0005878554657101631,0.043761298060417175,0.0031139475759118795,-0.13787026703357697,-0.03558667004108429,-0.03780704364180565,0.0023866062983870506
102,1772099463.175214,1,1,0.07954968512058258,-0.5906013250350952,-0.2229338437318802,0.9999576807022095,0.17735403776168823,-0.4338764250278473,0.013955369591712952,0.9997662901878357,-0.10121593624353409,-0.4179985225200653,-0.1126948744058609,0.9994836449623108,0.3333028554916382,-0.29504022002220154,-0.0583006776869297,0.607507050037384,-0.16880916059017181,-0.1992562860250473,-0.11878550797700882,0.5569084882736206,0.3508995473384857,-0.46507319808006287,-0.23197373747825623,0.6280022859573364,-0.21599268913269043,-0.030639035627245903,-0.15729805827140808,0.31238681077957153,0.1352246254682541,0.0009833549847826362,0.04466235265135765,0.0033448494505137205,-0.13498452305793762,-0.03551957756280899,-0.03888057917356491,0.0024713214952498674
103,1772099463.2255743,1,1,0.08331525325775146,-0.5907344818115234,-0.22705590724945068,0.9999609589576721,0.17535801231861115,-0.4341332018375397,0.012263251468539238,0.9997814297676086,-0.10267511010169983,-0.41782885789871216,-0.11705891788005829,0.9994670748710632,0.3307691514492035,-0.3282002806663513,-0.05688728392124176,0.6442703604698181,-0.17216211557388306,-0.20046894252300262,-0.11979016661643982,0.5700476169586182,0.3339186906814575,-0.5129766464233398,-0.2266114056110382,0.664707362651825,-0.21677042543888092,-0.03678634390234947,-0.1539161205291748,0.33792054653167725,0.13175779581069946,0.0008973122457973659,0.04442470520734787,0.004476909060031176,-0.13149094581604004,-0.03357884660363197,-0.03880693390965462,0.003032086417078972
104,1772099463.278783,1,1,0.08429311215877533,-0.5908135771751404,-0.23845438659191132,0.9999641180038452,0.17521056532859802,-0.435310959815979,0.0034849115181714296,0.999796986579895,-0.10406215488910675,-0.41795551776885986,-0.11942463368177414,0.999443769454956,0.33322328329086304,-0.3441906273365021,-0.0712834894657135,0.6779071688652039,-0.17474350333213806,-0.20130077004432678,-0.12083909660577774,0.5825114846229553,0.32573047280311584,-0.528106689453125,-0.24771030247211456,0.6977053880691528,-0.21707139909267426,-0.03921569138765335,-0.14977213740348816,0.3531710207462311,0.13015982508659363,0.0009252461022697389,0.04210081696510315,0.0057285018265247345,-0.12993773818016052,-0.0321793369948864,-0.03701132535934448,0.0035656949039548635
105,1772099463.3255997,1,1,0.08536460250616074,-0.5917678475379944,-0.24543240666389465,0.9999669194221497,0.17503149807453156,-0.4363288879394531,-0.0007898852345533669,0.9998103976249695,-0.10428756475448608,-0.41802287101745605,-0.12073690444231033,0.9994199275970459,0.3372374475002289,-0.352008193731308,-0.07874935120344162,0.708415687084198,-0.1763632446527481,-0.20235836505889893,-0.12161225080490112,0.5947944521903992,0.32356151938438416,-0.5412163734436035,-0.25865498185157776,0.7273910045623779,-0.21975381672382355,-0.04236357659101486,-0.14742986857891083,0.36773690581321716,0.1287894994020462,0.0009288382716476917,0.0402560830116272,0.006949282716959715,-0.12864018976688385,-0.03100546821951866,-0.035566866397857666,0.00411866744980216
106,1772099463.3755443,1,1,0.08550750464200974,-0.592582643032074,-0.24852927029132843,0.9999688863754272,0.17501625418663025,-0.43716973066329956,-0.004243616480380297,0.9998211860656738,-0.10475790500640869,-0.41809582710266113,-0.12101418524980545,0.9993658661842346,0.3391028940677643,-0.35645592212677,-0.08003193140029907,0.7361138463020325,-0.1768140345811844,-0.2024252712726593,-0.12186259031295776,0.6039268374443054,0.3235207200050354,-0.5530957579612732,-0.25777044892311096,0.7541875243186951,-0.22232632339000702,-0.04284203425049782,-0.140020489692688,0.3760391175746918,0.12766043841838837,0.0009605521918274462,0.03795693442225456,0.008155440911650658,-0.12758436799049377,-0.030166368931531906,-0.0335974358022213,0.004675874952226877
107,1772099463.4252162,1,1,0.08557094633579254,-0.5931635499000549,-0.2513246536254883,0.9999707341194153,0.17506302893161774,-0.43861305713653564,-0.00620300741866231,0.9998307824134827,-0.10559368878602982,-0.41816556453704834,-0.12168963253498077,0.9993183612823486,0.34045299887657166,-0.35784557461738586,-0.07851780205965042,0.7605758905410767,-0.17761152982711792,-0.20198321342468262,-0.12203468382358551,0.6102378964424133,0.32449230551719666,-0.5526443123817444,-0.2536024749279022,0.7781435251235962,-0.22472545504570007,-0.04262407124042511,-0.1418224424123764,0.38031885027885437,0.1272878348827362,0.0010305439354851842,0.03669338300824165,0.008798515424132347,-0.12725064158439636,-0.0298549123108387,-0.0324731171131134,0.00495894905179739
108,1772099463.4787006,1,1,0.08670118451118469,-0.5941061973571777,-0.2520880699157715,0.9999722838401794,0.17544786632061005,-0.4396779239177704,-0.00671684555709362,0.9998387694358826,-0.10621249675750732,-0.4182894825935364,-0.12322501838207245,0.9992859959602356,0.3424047827720642,-0.3580138683319092,-0.07640615105628967,0.7823719382286072,-0.17817814648151398,-0.20142008364200592,-0.12466024607419968,0.6159491539001465,0.32725316286087036,-0.5532669425010681,-0.2504971921443939,0.7995635271072388,-0.2256624698638916,-0.04250121861696243,-0.1423635184764862,0.38398122787475586,0.12706831097602844,0.0012462432496249676,0.03627649322152138,0.009210030548274517,-0.1270463466644287,-0.029811929911375046,-0.032089173793792725,0.005167719908058643
109,1772099463.5301795,1,1,0.08674009889364243,-0.5941578149795532,-0.2528711259365082,0.9999732375144958,0.17543990910053253,-0.44036704301834106,-0.0072256047278642654,0.9998453259468079,-0.1066151112318039,-0.4183623194694519,-0.12402939051389694,0.9992356300354004,0.34126144647598267,-0.35683849453926086,-0.0751338005065918,0.802280843257904,-0.17856979370117188,-0.20111271739006042,-0.12554778158664703,0.6247625946998596,0.32776910066604614,-0.5509913563728333,-0.24936731159687042,0.8190760016441345,-0.22618326544761658,-0.04169241711497307,-0.14361736178398132,0.39033350348472595,0.12646158039569855,0.00131121592130512,0.03584873676300049,0.009946407750248909,-0.12649445235729218,-0.029404878616333008,-0.03170991316437721,0.005542032420635223
110,1772099463.5755684,1,1,0.0871034786105156,-0.594283938407898,-0.25371628999710083,0.9999741911888123,0.17545410990715027,-0.4404846727848053,-0.007607416249811649,0.9998504519462585,-0.1068909764289856,-0.41843000054359436,-0.12531153857707977,0.9991945028305054,0.34047627449035645,-0.3553033471107483,-0.07483101636171341,0.8199971318244934,-0.1788802444934845,-0.20115774869918823,-0.12769846618175507,0.6322475075721741,0.32815441489219666,-0.5480852127075195,-0.25128254294395447,0.8365707397460938,-0.22633646428585052,-0.041678011417388916,-0.14398585259914398,0.39618006348609924,0.1260463148355484,0.0013390795793384314,0.035738829523324966,0.010739514604210854,-0.1261223554611206,-0.02901577018201351,-0.03160611167550087,0.0059576681815087795
111,1772099463.6299188,1,1,0.08672688156366348,-0.5947230458259583,-0.253837525844574,0.9999752044677734,0.17456446588039398,-0.44074469804763794,-0.008035406470298767,0.9998554587364197,-0.10811422765254974,-0.4183461368083954,-0.12567229568958282,0.9991689920425415,0.33960604667663574,-0.3574334979057312,-0.07521611452102661,0.8359862565994263,-0.17911991477012634,-0.2011946439743042,-0.12799328565597534,0.637549638748169,0.32779377698898315,-0.5506891012191772,-0.25188276171684265,0.8523886203765869,-0.2273380309343338,-0.04166598990559578,-0.14484387636184692,0.4050169587135315,0.1257072538137436,0.0012543885968625546,0.03517140448093414,0.011468912474811077,-0.12581373751163483,-0.02823120914399624,-0.031111035495996475,0.006372233387082815
112,1772099463.679028,1,1,0.08667486160993576,-0.5948718786239624,-0.2543843388557434,0.9999762177467346,0.17390573024749756,-0.4411866366863251,-0.008217793889343739,0.9998611211776733,-0.10892662405967712,-0.4183872640132904,-0.1269073486328125,0.9991650581359863,0.3389729857444763,-0.3576952815055847,-0.07504529505968094,0.8503544330596924,-0.18011876940727234,-0.20125141739845276,-0.1302727460861206,0.6453844308853149,0.32773005962371826,-0.5498918294906616,-0.2522926330566406,0.8666290640830994,-0.22742895781993866,-0.0416245199739933,-0.1474144458770752,0.41373035311698914,0.1252230852842331,0.001217092969454825,0.03512898460030556,0.012534501031041145,-0.12533943355083466,-0.02755577303469181,-0.031071951612830162,0.006993603426963091
113,1772099463.7264729,1,1,0.08661618828773499,-0.5956204533576965,-0.25429052114486694,0.9999770522117615,0.17339041829109192,-0.4415171444416046,-0.008364151231944561,0.9998664855957031,-0.10977336019277573,-0.4186253249645233,-0.1272210329771042,0.9991565942764282,0.338569313287735,-0.3576178252696991,-0.07505051791667938,0.863486111164093,-0.18125437200069427,-0.2022162824869156,-0.13130705058574677,0.6504220962524414,0.3278818130493164,-0.5497514009475708,-0.2523070275783539,0.8794586062431335,-0.2288835644721985,-0.04186747223138809,-0.1491973102092743,0.41887712478637695,0.1249297484755516,0.0011391533771529794,0.03486844524741173,0.013629446737468243,-0.12507635354995728,-0.026884224265813828,-0.030832162126898766,0.007605902850627899
114,1772099463.775504,1,1,0.08484847843647003,-0.5960588455200195,-0.2541884183883667,0.9999776482582092,0.17217937111854553,-0.44210734963417053,-0.008361329324543476,0.9998701810836792,-0.11172660440206528,-0.41863012313842773,-0.12723597884178162,0.9991379976272583,0.3377288579940796,-0.357561856508255,-0.07490663975477219,0.8752747178077698,-0.1836070865392685,-0.20241035521030426,-0.13137653470039368,0.6557389497756958,0.32791438698768616,-0.5485986471176147,-0.25207895040512085,0.8910695910453796,-0.2319835126399994,-0.041857365518808365,-0.1497206836938858,0.42740365862846375,0.12460600584745407,0.001069914549589157,0.034744277596473694,0.014169235713779926,-0.1247914582490921,-0.026414867490530014,-0.03075755201280117,0.007899721153080463
115,1772099463.8251774,1,1,0.08383087068796158,-0.5962188839912415,-0.25428497791290283,0.9999786019325256,0.1716214418411255,-0.4430443346500397,-0.00850006565451622,0.9998756647109985,-0.11421624571084976,-0.4189169108867645,-0.1273440420627594,0.9991428852081299,0.33746272325515747,-0.35754653811454773,-0.07490778714418411,0.8856235146522522,-0.18831554055213928,-0.203062504529953,-0.13334229588508606,0.6610864996910095,0.3283761739730835,-0.5465801358222961,-0.2527031898498535,0.9014371037483215,-0.2324339896440506,-0.041526589542627335,-0.160333052277565,0.43097612261772156,0.12454608827829361,0.0010599393863230944,0.03469753637909889,0.014544527977705002,-0.12473467737436295,-0.02622290328145027,-0.03071095608174801,0.00809754990041256
116,1772099463.8771234,1,1,0.08075909316539764,-0.594720184803009,-0.257508248090744,0.9999793171882629,0.1706254780292511,-0.44376999139785767,-0.008997521363198757,0.999881386756897,-0.11705123633146286,-0.41894638538360596,-0.1262824684381485,0.9991242289543152,0.33358055353164673,-0.35726332664489746,-0.07525224983692169,0.8953111171722412,-0.18970410525798798,-0.203075110912323,-0.12738198041915894,0.6660391688346863,0.32719865441322327,-0.54628586769104,-0.25801005959510803,0.9109236598014832,-0.23530305922031403,-0.0387834832072258,-0.1479780077934265,0.437682181596756,0.12395787239074707,0.0010489693377166986,0.03367175534367561,0.015079242177307606,-0.12421900033950806,-0.025751380249857903,-0.02991396002471447,0.008300494402647018
117,1772099463.9239707,1,1,0.0787309929728508,-0.5937736630439758,-0.2588343322277069,0.9999799728393555,0.16969101130962372,-0.4442519247531891,-0.009326314553618431,0.9998863935470581,-0.11900528520345688,-0.41897639632225037,-0.1254318207502365,0.9991126656532288,0.33087894320487976,-0.35723522305488586,-0.07572119683027267,0.9039761424064636,-0.19070839881896973,-0.20317460596561432,-0.12424381822347641,0.6703670620918274,0.3263048529624939,-0.5462672114372253,-0.26121389865875244,0.9194595813751221,-0.23695531487464905,-0.037594106048345566,-0.1427648812532425,0.4446287751197815,0.12350550293922424,0.0010386437643319368,0.03292315825819969,0.015554221346974373,-0.12382485717535019,-0.025397075340151787,-0.029339050874114037,0.008483035489916801
118,1772099463.9755852,1,1,0.07740728557109833,-0.593548059463501,-0.2625197768211365,0.9999797344207764,0.1689368635416031,-0.44468891620635986,-0.009343838319182396,0.9998827576637268,-0.11988420784473419,-0.41927409172058105,-0.12654606997966766,0.9990512728691101,0.32977044582366943,-0.3578741252422333,-0.07192514091730118,0.91107577085495,-0.19212192296981812,-0.204994335770607,-0.12456846237182617,0.6755189299583435,0.327688992023468,-0.5462759137153625,-0.2542123794555664,0.9268981218338013,-0.237110435962677,-0.03757480904459953,-0.14337027072906494,0.4516822397708893,0.12299361824989319,0.0008300909539684653,0.03284529969096184,0.01574862375855446,-0.12337435036897659,-0.02454163134098053,-0.029309606179594994,0.008589675650000572
119,1772099464.0229044,1,1,0.0765770748257637,-0.5939476490020752,-0.2629324793815613,0.9999802708625793,0.16889651119709015,-0.4456283748149872,-0.008248300291597843,0.9998809695243835,-0.12012671679258347,-0.42033150792121887,-0.12667235732078552,0.9990550875663757,0.33020877838134766,-0.3591955602169037,-0.0625598132610321,0.9169591069221497,-0.1931956261396408,-0.2066149264574051,-0.12475316226482391,0.6819173693656921,0.33694276213645935,-0.5469297170639038,-0.2299761176109314,0.9332576990127563,-0.23731206357479095,-0.037427376955747604,-0.14389950037002563,0.45439180731773376,0.1226644441485405,0.0007872456917539239,0.03270258009433746,0.016148552298545837,-0.12307332456111908,-0.024247203022241592,-0.02921498380601406,0.008878414519131184
120,1772099464.0753124,1,1,0.07459807395935059,-0.5942438840866089,-0.2641083896160126,0.9999802112579346,0.16741789877414703,-0.4457876682281494,-0.00811793003231287,0.999874472618103,-0.12135209888219833,-0.4203326404094696,-0.12721732258796692,0.9990072250366211,0.3289327323436737,-0.3597244322299957,-0.06110657751560211,0.9223228693008423,-0.19414687156677246,-0.20742669701576233,-0.1234433576464653,0.6835835576057434,0.3369430601596832,-0.5464203357696533,-0.22892896831035614,0.93912672996521,-0.23859484493732452,-0.036593519151210785,-0.1408671736717224,0.4592108130455017,0.12191735953092575,0.0004501656221691519,0.032480817288160324,0.016230329871177673,-0.12240248918533325,-0.023361481726169586,-0.029133303090929985,0.008985396474599838
121,1772099464.1256301,1,1,0.07359259575605392,-0.5944889783859253,-0.2643881142139435,0.999980628490448,0.16677376627922058,-0.44716471433639526,-0.006969402078539133,0.9998705387115479,-0.12232506275177002,-0.4205850064754486,-0.12726210057735443,0.9989961981773376,0.3288975954055786,-0.3620520830154419,-0.05682514235377312,0.9266306161880493,-0.19512248039245605,-0.2089393138885498,-0.12356399744749069,0.687153160572052,0.33886027336120605,-0.5461135506629944,-0.22332121431827545,0.9441721439361572,-0.2389184683561325,-0.03615429624915123,-0.14108942449092865,0.4610811173915863,0.12134383618831635,0.00033299275673925877,0.03246055543422699,0.016213001683354378,-0.12185405939817429,-0.02298150770366192,-0.029127681627869606,0.009014644660055637
122,1772099464.1751418,1,1,0.07274620234966278,-0.5950011610984802,-0.2642662823200226,0.9999810457229614,0.1660463511943817,-0.4481106102466583,-0.006707048509269953,0.9998692870140076,-0.12323445081710815,-0.4206967055797577,-0.12682287395000458,0.9989927411079407,0.3289007246494293,-0.36386317014694214,-0.054753292351961136,0.9311598539352417,-0.1955028772354126,-0.20992520451545715,-0.1205492839217186,0.6875125169754028,0.3403235971927643,-0.5458893179893494,-0.21937932074069977,0.9489695429801941,-0.24009080231189728,-0.03601657226681709,-0.13799063861370087,0.4638592600822449,0.12095171958208084,0.00015722739044576883,0.031932681798934937,0.01622198335826397,-0.12150033563375473,-0.022598199546337128,-0.02879241667687893,0.009058642201125622
123,1772099464.2218847,1,1,0.07298155128955841,-0.5946223735809326,-0.26556479930877686,0.9999808669090271,0.16642190515995026,-0.4481576085090637,-0.006721441633999348,0.9998658895492554,-0.12379635125398636,-0.4207167327404022,-0.1271662712097168,0.9989483952522278,0.3300425410270691,-0.3637242615222931,-0.055238254368305206,0.9354716539382935,-0.19557544589042664,-0.2099086195230484,-0.12067096680402756,0.6926001310348511,0.3422466814517975,-0.5455250144004822,-0.22175373136997223,0.9532778263092041,-0.23860102891921997,-0.034025855362415314,-0.1392020881175995,0.4673900604248047,0.12092304229736328,5.5513210099888965e-05,0.03178686276078224,0.01640312746167183,-0.12148349732160568,-0.022253278642892838,-0.02868128940463066,0.009129689075052738
124,1772099464.2755044,1,1,0.07326003164052963,-0.5946403741836548,-0.2655066251754761,0.9999808073043823,0.16659042239189148,-0.448462575674057,-0.005568557884544134,0.9998636841773987,-0.12389317154884338,-0.42073509097099304,-0.12711653113365173,0.9989235401153564,0.3311232924461365,-0.36421898007392883,-0.053875286132097244,0.9390660524368286,-0.1955687552690506,-0.2099227011203766,-0.1204962432384491,0.6934393644332886,0.345578134059906,-0.5453415513038635,-0.2215486615896225,0.9571086764335632,-0.23861394822597504,-0.0323253758251667,-0.13881902396678925,0.46414804458618164,0.12063583731651306,6.671559094684198e-05,0.031779803335666656,0.016571996733546257,-0.12119726836681366,-0.022235797718167305,-0.028681181371212006,0.00922795943915844
125,1772099464.325252,1,1,0.07375480979681015,-0.594670832157135,-0.2654413878917694,0.9999804496765137,0.16790494322776794,-0.44851014018058777,-0.005321335047483444,0.9998618960380554,-0.12404462695121765,-0.42075175046920776,-0.12624023854732513,0.998875081539154,0.33256807923316956,-0.364120215177536,-0.05405860394239426,0.9428821802139282,-0.19528356194496155,-0.20963530242443085,-0.1196550726890564,0.6963500380516052,0.3462980389595032,-0.545189380645752,-0.22292554378509521,0.9606426358222961,-0.2385166436433792,-0.030248723924160004,-0.13895732164382935,0.4629358947277069,0.12045808881521225,0.00011028434528270736,0.03143888711929321,0.01679472252726555,-0.12104644626379013,-0.022198501974344254,-0.02844221517443657,0.009299922734498978
126,1772099464.375715,1,1,0.07408542931079865,-0.5947252511978149,-0.2653654217720032,0.999980092048645,0.16797898709774017,-0.4490269422531128,-0.004789697006344795,0.9998601675033569,-0.12414300441741943,-0.42076313495635986,-0.12596960365772247,0.9988386034965515,0.33261433243751526,-0.3646654784679413,-0.053407326340675354,0.9461206793785095,-0.1952705830335617,-0.2094845175743103,-0.11946689337491989,0.6994755268096924,0.3462103009223938,-0.5450502634048462,-0.22346119582653046,0.9638404846191406,-0.23845483362674713,-0.028845416381955147,-0.13918785750865936,0.4629131555557251,0.11985292285680771,0.00011461040412541479,0.03140994906425476,0.01695217192173004,-0.1204424723982811,-0.022087810561060905,-0.028428466990590096,0.00934205949306488
127,1772099464.4255726,1,1,0.07530038058757782,-0.5947458744049072,-0.2653517723083496,0.9999799728393555,0.16883742809295654,-0.4490624964237213,-0.004263557959347963,0.999857485294342,-0.12415750324726105,-0.42070844769477844,-0.12595859169960022,0.9987851977348328,0.3337872326374054,-0.36459848284721375,-0.0534515380859375,0.9490304589271545,-0.19492244720458984,-0.20879089832305908,-0.1195436641573906,0.7021424770355225,0.3467791974544525,-0.5449148416519165,-0.22404184937477112,0.9666392803192139,-0.2382301390171051,-0.026982035487890244,-0.1417064368724823,0.4628543555736542,0.1197405457496643,0.00011083561548730358,0.031372133642435074,0.01714339293539524,-0.12033217400312424,-0.022013820707798004,-0.02841131016612053,0.009383957833051682
128,1772099464.4751496,1,1,0.07656099647283554,-0.5950804948806763,-0.26488232612609863,0.999979555606842,0.16993370652198792,-0.44917044043540955,-0.004030256066471338,0.9998568296432495,-0.12399230897426605,-0.4208037257194519,-0.12444821000099182,0.9987474679946899,0.3341491222381592,-0.36454933881759644,-0.0535932332277298,0.9520297646522522,-0.19393905997276306,-0.20875653624534607,-0.1172914057970047,0.7050920128822327,0.34663906693458557,-0.544661819934845,-0.22473247349262238,0.9692439436912537,-0.23822030425071716,-0.02646632120013237,-0.1393468827009201,0.46268895268440247,0.11925005912780762,0.00016942204092629254,0.030857117846608162,0.017676135525107384,-0.11983485519886017,-0.02194025367498398,-0.02802160568535328,0.00961848720908165
129,1772099464.5283844,1,1,0.07655461132526398,-0.5948441624641418,-0.26498499512672424,0.9999788999557495,0.16979068517684937,-0.4491955637931824,-0.004332005046308041,0.9998529553413391,-0.12400854378938675,-0.4206908047199249,-0.12450483441352844,0.9987000823020935,0.3329298794269562,-0.3643791675567627,-0.053970854729413986,0.9542239904403687,-0.19380752742290497,-0.20835962891578674,-0.11724255979061127,0.7072176933288574,0.34590062499046326,-0.5433244705200195,-0.22642847895622253,0.9715434312820435,-0.23819077014923096,-0.02632095105946064,-0.13799165189266205,0.4652523696422577,0.11913468688726425,0.00014417769853025675,0.03077704645693302,0.017786800861358643,-0.11971702426671982,-0.02177230268716812,-0.027949491515755653,0.009667019359767437
130,1772099464.5788488,1,1,0.07681561261415482,-0.5946899056434631,-0.26503634452819824,0.99997878074646,0.1696663796901703,-0.44921526312828064,-0.004401350859552622,0.9998512268066406,-0.12403902411460876,-0.4206025302410126,-0.12458920478820801,0.9986699819564819,0.3318355679512024,-0.36431270837783813,-0.05466499552130699,0.9565454721450806,-0.1937069445848465,-0.20805136859416962,-0.1173221692442894,0.7121950387954712,0.3430708646774292,-0.5424317717552185,-0.22993722558021545,0.9737215638160706,-0.23733754456043243,-0.02619212120771408,-0.13809214532375336,0.4720402657985687,0.11890333145856857,9.125057113124058e-05,0.030708150938153267,0.018077751621603966,-0.11949003487825394,-0.021512063220143318,-0.02791193686425686,0.009767143055796623
131,1772099464.6257632,1,1,0.07700827717781067,-0.5929737687110901,-0.2654258608818054,0.9999786019325256,0.16919054090976715,-0.4491128921508789,-0.007347914390265942,0.9998551607131958,-0.12440326064825058,-0.42008867859840393,-0.12567093968391418,0.9986540675163269,0.3310282230377197,-0.3635683059692383,-0.06872725486755371,0.9591866135597229,-0.19376182556152344,-0.20767079293727875,-0.11773617565631866,0.7176432013511658,0.33778801560401917,-0.5352303385734558,-0.2636752426624298,0.9758963584899902,-0.23699672520160675,-0.024973228573799133,-0.13829751312732697,0.48176178336143494,0.1188129410147667,-3.961651964345947e-05,0.03048327937722206,0.018576674163341522,-0.11939758062362671,-0.02106623537838459,-0.027689635753631592,0.009887219406664371
132,1772099464.6779413,1,1,0.07789140194654465,-0.592988908290863,-0.2672778367996216,0.9999793171882629,0.16879962384700775,-0.4490308463573456,-0.010236220434308052,0.9998611211776733,-0.12387145310640335,-0.41995999217033386,-0.12811493873596191,0.9986636638641357,0.33150821924209595,-0.3641473650932312,-0.0733918622136116,0.9619916677474976,-0.19391030073165894,-0.20782244205474854,-0.12142448127269745,0.7198565006256104,0.3340815603733063,-0.5383632183074951,-0.26322445273399353,0.9779680371284485,-0.23698236048221588,-0.028477754443883896,-0.1412939429283142,0.4902494251728058,0.11883190274238586,-0.00021896239195484668,0.030453357845544815,0.018997617065906525,-0.11940832436084747,-0.020931297913193703,-0.027635179460048676,0.010016495361924171
133,1772099464.7291284,1,1,0.07765602320432663,-0.5917292833328247,-0.27137279510498047,0.9999797344207764,0.1688104271888733,-0.4486030638217926,-0.014144745655357838,0.999863862991333,-0.12426415830850601,-0.4198075234889984,-0.1292090266942978,0.9986347556114197,0.33143672347068787,-0.36354586482048035,-0.07524213194847107,0.9641159176826477,-0.19410495460033417,-0.20771394670009613,-0.12089076638221741,0.7216380834579468,0.3340063691139221,-0.5386146306991577,-0.2618217170238495,0.9797594547271729,-0.23650971055030823,-0.0279692355543375,-0.13809910416603088,0.49449414014816284,0.11932837218046188,-0.0004978530341759324,0.030381502583622932,0.01934615708887577,-0.11991450935602188,-0.020753983408212662,-0.027503222227096558,0.010139595717191696
134,1772099464.7755575,1,1,0.07698725908994675,-0.5911092758178711,-0.27388477325439453,0.9999800324440002,0.1687367707490921,-0.44847047328948975,-0.014227509498596191,0.9998558759689331,-0.12383324652910233,-0.4193781912326813,-0.1321498155593872,0.9986032247543335,0.3297624886035919,-0.3635810613632202,-0.07021432369947433,0.9646006226539612,-0.19410079717636108,-0.20775657892227173,-0.12333886325359344,0.7229981422424316,0.334828644990921,-0.5405728816986084,-0.24780815839767456,0.9810715317726135,-0.2361302673816681,-0.028796007856726646,-0.13886204361915588,0.4982815682888031,0.11961308866739273,-0.000647126929834485,0.03113618493080139,0.019176101312041283,-0.12019434571266174,-0.020724959671497345,-0.028069285675883293,0.010062234476208687
135,1772099464.8278873,1,1,0.07645698636770248,-0.5908808708190918,-0.27369579672813416,0.9999809265136719,0.1678619533777237,-0.4486064910888672,-0.014064307324588299,0.999851405620575,-0.12359880656003952,-0.419333279132843,-0.13218477368354797,0.9986172914505005,0.3271985650062561,-0.36355912685394287,-0.0692128837108612,0.9629802107810974,-0.1947786957025528,-0.2084033191204071,-0.12522250413894653,0.7198026180267334,0.3365762233734131,-0.5390409827232361,-0.2444341480731964,0.9819023013114929,-0.23607662320137024,-0.030368681997060776,-0.1450851857662201,0.49800601601600647,0.11988714337348938,-0.0006335324142128229,0.03229839354753494,0.01832210272550583,-0.12043311446905136,-0.021230995655059814,-0.02898845449090004,0.009614240378141403
136,1772099464.8721027,1,1,0.0757172554731369,-0.5908598899841309,-0.2733973264694214,0.9999814033508301,0.16758877038955688,-0.4486352205276489,-0.013295236974954605,0.9998449087142944,-0.12330260127782822,-0.4188869595527649,-0.1317431479692459,0.9986136555671692,0.32630446553230286,-0.3635513186454773,-0.06441143900156021,0.9617425203323364,-0.19491711258888245,-0.20875787734985352,-0.12548699975013733,0.7148525714874268,0.3424408435821533,-0.5383204221725464,-0.23421871662139893,0.9826762676239014,-0.23608122766017914,-0.031421978026628494,-0.14900773763656616,0.4975544214248657,0.1198473796248436,-0.0005668255616910756,0.03268677741289139,0.017519120126962662,-0.12039422243833542,-0.021558886393904686,-0.02943366952240467,0.009202120825648308
137,1772099464.9255438,1,1,0.07545871287584305,-0.5909214019775391,-0.27252906560897827,0.9999814033508301,0.16760049760341644,-0.44861215353012085,-0.011300596408545971,0.9998406171798706,-0.12391480803489685,-0.4177797734737396,-0.1313837617635727,0.9985315799713135,0.326335072517395,-0.3636101186275482,-0.06370222568511963,0.9624148011207581,-0.19510948657989502,-0.20643460750579834,-0.12540537118911743,0.7138856649398804,0.3465534746646881,-0.54363614320755,-0.23221102356910706,0.9837601184844971,-0.23630334436893463,-0.02688905969262123,-0.14944666624069214,0.49451881647109985,0.11980579793453217,-0.0004432553250808269,0.032724473625421524,0.01734369620680809,-0.12035097926855087,-0.02165665663778782,-0.029510654509067535,0.009114409796893597
138,1772099464.9761386,1,1,0.07557424157857895,-0.5917351245880127,-0.27106237411499023,0.9999803900718689,0.1692802459001541,-0.4486999213695526,-0.01110423170030117,0.9998135566711426,-0.12407014518976212,-0.41635745763778687,-0.1320497691631317,0.9984263777732849,0.3282232880592346,-0.37010711431503296,-0.06381849944591522,0.9593108296394348,-0.19595476984977722,-0.2052091807126999,-0.1316453069448471,0.7099858522415161,0.3619346618652344,-0.5511305332183838,-0.23246225714683533,0.98334139585495,-0.23806223273277283,-0.026914887130260468,-0.1645699143409729,0.4846547245979309,0.12050775438547134,-0.00042358506470918655,0.03355789557099342,0.016517167910933495,-0.12103167176246643,-0.021946081891655922,-0.030256936326622963,0.008717299439013004
139,1772099465.0257478,1,1,0.07628906518220901,-0.5918853282928467,-0.27073895931243896,0.9999804496765137,0.1699759066104889,-0.44904306530952454,-0.011340653523802757,0.9998108744621277,-0.12441717833280563,-0.4154738783836365,-0.13260146975517273,0.9983788132667542,0.3298996686935425,-0.37546515464782715,-0.06786683201789856,0.9595940709114075,-0.19655142724514008,-0.20407167077064514,-0.1337922364473343,0.7119425535202026,0.3656785786151886,-0.555580735206604,-0.24279707670211792,0.9839274883270264,-0.240132138133049,-0.02694343589246273,-0.16330547630786896,0.4794074594974518,0.12089277803897858,-0.00031945714727044106,0.03380667045712471,0.016325538977980614,-0.12137961387634277,-0.022193647921085358,-0.030449746176600456,0.008615275844931602
140,1772099465.0751228,1,1,0.07907876372337341,-0.5918897390365601,-0.2702837586402893,0.9999806880950928,0.17214560508728027,-0.4490344524383545,-0.011492425575852394,0.9998079538345337,-0.12419264018535614,-0.4154617488384247,-0.13377293944358826,0.9983610510826111,0.3360205590724945,-0.3774200677871704,-0.07029838860034943,0.9596962332725525,-0.19587638974189758,-0.20396709442138672,-0.1373881846666336,0.7095680236816406,0.37083855271339417,-0.5589213967323303,-0.24610678851604462,0.9842559695243835,-0.2400938868522644,-0.029096471145749092,-0.16279584169387817,0.4707767367362976,0.12184303998947144,-8.627920033177361e-05,0.03548415005207062,0.01613357849419117,-0.12227938324213028,-0.02290198765695095,-0.03191150352358818,0.008553498424589634
141,1772099465.1289272,1,1,0.07955016195774078,-0.5919422507286072,-0.2701460123062134,0.9999808073043823,0.1721397340297699,-0.44890153408050537,-0.01148769911378622,0.9998042583465576,-0.12432155758142471,-0.4153309762477875,-0.13507026433944702,0.9983594417572021,0.3368262052536011,-0.37795203924179077,-0.06994137167930603,0.9597744345664978,-0.19582442939281464,-0.2035854011774063,-0.1384398490190506,0.7079128623008728,0.3711262345314026,-0.562220573425293,-0.2400015890598297,0.9846020936965942,-0.2401173710823059,-0.02963930368423462,-0.16211161017417908,0.4654098153114319,0.12209321558475494,-7.91687416494824e-05,0.03604524955153465,0.016229886561632156,-0.12251301109790802,-0.02299608290195465,-0.032444123178720474,0.008674370124936104
142,1772099465.1787343,1,1,0.08073418587446213,-0.5927620530128479,-0.2682958245277405,0.9999811053276062,0.1734316051006317,-0.4488743841648102,-0.010841403156518936,0.9998012781143188,-0.12422572076320648,-0.4153270721435547,-0.13515155017375946,0.9983636140823364,0.34159180521965027,-0.37842315435409546,-0.06936116516590118,0.9593620300292969,-0.19588159024715424,-0.20358727872371674,-0.13919596374034882,0.7002484798431396,0.37654340267181396,-0.5646762251853943,-0.2323797643184662,0.9846698045730591,-0.2421850562095642,-0.03065829910337925,-0.16453924775123596,0.454410195350647,0.12256350368261337,6.906838098075241e-05,0.03632481396198273,0.01592453569173813,-0.12295981496572495,-0.023578282445669174,-0.0327066071331501,0.008554442785680294
143,1772099465.2286959,1,1,0.08078750967979431,-0.5938535928726196,-0.2675381302833557,0.999981701374054,0.17406466603279114,-0.4490099251270294,-0.010527417063713074,0.9998015761375427,-0.12422814965248108,-0.4152395725250244,-0.13512872159481049,0.9983575940132141,0.3440277576446533,-0.379887193441391,-0.0692455843091011,0.9590797424316406,-0.19590671360492706,-0.20320308208465576,-0.1389441341161728,0.6931995153427124,0.3767150044441223,-0.5701617002487183,-0.2310766577720642,0.9848623275756836,-0.2436060756444931,-0.03076685406267643,-0.16399483382701874,0.4424884617328644,0.12322389334440231,0.00016499561024829745,0.03660071641206741,0.015667187049984932,-0.12354976683855057,-0.024089094251394272,-0.032891854643821716,0.008445112966001034
144,1772099465.2751493,1,1,0.08077695965766907,-0.5949321389198303,-0.26590022444725037,0.9999819397926331,0.17478562891483307,-0.44961750507354736,-0.010458340868353844,0.9998030662536621,-0.12431840598583221,-0.41516047716140747,-0.13504481315612793,0.9983475208282471,0.34880274534225464,-0.38475722074508667,-0.06920335441827774,0.9599606394767761,-0.19587978720664978,-0.20221467316150665,-0.1391953080892563,0.688567578792572,0.3789753019809723,-0.5765159726142883,-0.22964750230312347,0.9850443005561829,-0.24556241929531097,-0.030789276584982872,-0.16460905969142914,0.42982688546180725,0.12372709065675735,0.0002613123506307602,0.03674310818314552,0.015666289255023003,-0.12399992346763611,-0.02436455525457859,-0.032980844378471375,0.008455961011350155
145,1772099465.328911,1,1,0.08076533675193787,-0.596289336681366,-0.2656406760215759,0.9999820590019226,0.1747749000787735,-0.450247585773468,-0.010526282712817192,0.9998056292533875,-0.12428726255893707,-0.4150702655315399,-0.13516056537628174,0.9983370900154114,0.34898412227630615,-0.38765624165534973,-0.06940804421901703,0.9610515832901001,-0.19596049189567566,-0.2021867036819458,-0.13939327001571655,0.6866832375526428,0.37785330414772034,-0.5798614025115967,-0.22934825718402863,0.9854552149772644,-0.2474520057439804,-0.03145090490579605,-0.16433387994766235,0.42303264141082764,0.12373144924640656,0.0002721653145272285,0.03674125298857689,0.016057351604104042,-0.1240028589963913,-0.024370895698666573,-0.03297882154583931,0.008688345551490784
146,1772099465.3752153,1,1,0.08055716007947922,-0.5953277945518494,-0.2657446563243866,0.999983012676239,0.17250782251358032,-0.4496985673904419,-0.010203401558101177,0.9998124837875366,-0.12124273926019669,-0.4159041941165924,-0.13527745008468628,0.9984245300292969,0.3407125174999237,-0.35921716690063477,-0.06486432254314423,0.958702027797699,-0.1951833963394165,-0.20341993868350983,-0.13931968808174133,0.6845930814743042,0.3643854856491089,-0.5284192562103271,-0.2284296751022339,0.9854439496994019,-0.24549847841262817,-0.03617853298783302,-0.15546712279319763,0.42572784423828125,0.12402407824993134,0.00030875945230945945,0.03732952103018761,0.015311070717871189,-0.12428440898656845,-0.025028938427567482,-0.033360205590724945,0.008277494460344315
147,1772099465.4213374,1,1,0.08075395971536636,-0.5935370326042175,-0.2670450210571289,0.9999831318855286,0.17230288684368134,-0.4473394453525543,-0.014009305275976658,0.9998202919960022,-0.12106528878211975,-0.41617798805236816,-0.13514642417430878,0.9984263777732849,0.3360297381877899,-0.35295799374580383,-0.07783594727516174,0.9611026644706726,-0.1940656453371048,-0.20391099154949188,-0.13212990760803223,0.6906773447990417,0.3459251821041107,-0.5321543216705322,-0.2661472260951996,0.986502468585968,-0.24512630701065063,-0.03613927587866783,-0.13552148640155792,0.43915456533432007,0.12402012944221497,0.00012248344137333333,0.035731323063373566,0.015942087396979332,-0.12428714334964752,-0.024472851306200027,-0.031828757375478745,0.008570900186896324
148,1772099465.4751406,1,1,0.0835961103439331,-0.5932657122612,-0.26682907342910767,0.9999832510948181,0.17223913967609406,-0.4452311098575592,-0.014783566817641258,0.9998268485069275,-0.11903559416532516,-0.41591787338256836,-0.13575753569602966,0.9984244108200073,0.33482155203819275,-0.3506908714771271,-0.08876956254243851,0.9632816910743713,-0.19141633808612823,-0.20373974740505219,-0.1328728348016739,0.6986916065216064,0.33437231183052063,-0.5318415760993958,-0.29401570558547974,0.9874184727668762,-0.2414063662290573,-0.035892486572265625,-0.1369381994009018,0.45451876521110535,0.12395283579826355,0.00012789368338417262,0.03558685630559921,0.016231874004006386,-0.12421231716871262,-0.024416588246822357,-0.031664956361055374,0.008662812411785126
149,1772099465.528109,1,1,0.0851556807756424,-0.5930304527282715,-0.26675230264663696,0.9999833106994629,0.1721990555524826,-0.4436793029308319,-0.015828348696231842,0.9998311400413513,-0.11664008349180222,-0.4149222671985626,-0.13812266290187836,0.9984319806098938,0.33488544821739197,-0.3521638512611389,-0.09467847645282745,0.9652795791625977,-0.1881696581840515,-0.2037339210510254,-0.135314479470253,0.7065657377243042,0.327831894159317,-0.5328848958015442,-0.30259472131729126,0.9881967902183533,-0.23641778528690338,-0.036378584802150726,-0.13867732882499695,0.47095540165901184,0.12384255975484848,8.78953724168241e-05,0.03552861511707306,0.016492657363414764,-0.12408857047557831,-0.02428104169666767,-0.03160477057099342,0.008721215650439262
150,1772099465.5887563,1,1,0.08841784298419952,-0.5929780006408691,-0.2649443447589874,0.9999836087226868,0.1719905287027359,-0.4430237412452698,-0.015773344784975052,0.999837338924408,-0.11583507806062698,-0.4148840010166168,-0.1402292549610138,0.998473048210144,0.3351427912712097,-0.3522741198539734,-0.09580320119857788,0.9667575359344482,-0.18523943424224854,-0.2030729353427887,-0.1423378735780716,0.71170973777771,0.3287839889526367,-0.5321729183197021,-0.3036685287952423,0.9888073205947876,-0.23243051767349243,-0.03633624315261841,-0.1504419445991516,0.4829144775867462,0.12370733916759491,0.00013184644922148436,0.035810183733701706,0.01666431315243244,-0.12395179271697998,-0.0242906603962183,-0.03191007673740387,0.008739836513996124
151,1772099465.6419325,1,1,0.08927132934331894,-0.5929648280143738,-0.2641932964324951,0.999984085559845,0.17187801003456116,-0.44266143441200256,-0.01583576202392578,0.9998451471328735,-0.11576223373413086,-0.4148825407028198,-0.14017368853092194,0.998517632484436,0.3354243338108063,-0.351727157831192,-0.09852159023284912,0.9684318900108337,-0.1853245347738266,-0.20282568037509918,-0.14225879311561584,0.7163540124893188,0.3286619782447815,-0.5321783423423767,-0.3074864447116852,0.9894886612892151,-0.2307908982038498,-0.036494676023721695,-0.15146857500076294,0.4928998351097107,0.12364280223846436,0.00019852948025800288,0.035816509276628494,0.016498882323503494,-0.1238812804222107,-0.024371415376663208,-0.03191985934972763,0.00861690379679203
152,1772099465.6939437,1,1,0.08951456844806671,-0.5930600166320801,-0.26313939690589905,0.9999845027923584,0.17128294706344604,-0.44232839345932007,-0.015783697366714478,0.9998512864112854,-0.11523692309856415,-0.4148138165473938,-0.14022639393806458,0.998555064201355,0.3354780375957489,-0.35169991850852966,-0.09851562976837158,0.9697778224945068,-0.18443796038627625,-0.20250694453716278,-0.14286944270133972,0.7194868922233582,0.32804879546165466,-0.5327978134155273,-0.30496296286582947,0.9900126457214355,-0.2300705462694168,-0.03755263239145279,-0.15161235630512238,0.5000685453414917,0.1236187145113945,0.00020561693236231804,0.035831645131111145,0.016476983204483986,-0.12384936958551407,-0.024379229173064232,-0.0319293774664402,0.008577528409659863
153,1772099465.7518785,1,1,0.08934503048658371,-0.5932021141052246,-0.2620725631713867,0.9999847412109375,0.17069484293460846,-0.442077100276947,-0.01573842577636242,0.9998573660850525,-0.11527244746685028,-0.4149010479450226,-0.1399952620267868,0.9986022114753723,0.33549949526786804,-0.35109320282936096,-0.09905886650085449,0.9711374640464783,-0.18450550734996796,-0.20249775052070618,-0.14285752177238464,0.7231367230415344,0.3286932408809662,-0.532397449016571,-0.3059188723564148,0.9905254244804382,-0.23001164197921753,-0.03781934082508087,-0.1529385894536972,0.5090023279190063,0.12346788495779037,0.000212513652513735,0.035852476954460144,0.01668340526521206,-0.12370216101408005,-0.024361658841371536,-0.03197528421878815,0.008677095174789429
154,1772099465.792201,1,1,0.08903574198484421,-0.5933112502098083,-0.2601415812969208,0.9999849200248718,0.17029033601284027,-0.44190117716789246,-0.014967422932386398,0.9998610019683838,-0.11529476195573807,-0.4148910939693451,-0.13987308740615845,0.9986373782157898,0.3355412185192108,-0.3509639799594879,-0.09824764728546143,0.9721309542655945,-0.18458980321884155,-0.2022305428981781,-0.144657701253891,0.7259324193000793,0.32954925298690796,-0.5327844023704529,-0.30299562215805054,0.9909411668777466,-0.22970961034297943,-0.0381244532763958,-0.16002456843852997,0.5169920921325684,0.12335580587387085,0.0002512672508601099,0.03609885647892952,0.01657812111079693,-0.12359917163848877,-0.024371357634663582,-0.03230414167046547,0.008624006994068623
155,1772099465.8480763,1,1,0.08974242210388184,-0.5935421586036682,-0.25863224267959595,0.9999850392341614,0.16937308013439178,-0.44177234172821045,-0.014483648352324963,0.9998651146888733,-0.11481718719005585,-0.4149515926837921,-0.13995370268821716,0.9986802935600281,0.33553531765937805,-0.35113656520843506,-0.09780411422252655,0.9733410477638245,-0.18467693030834198,-0.20239882171154022,-0.14732465147972107,0.7295491695404053,0.3297341465950012,-0.5331241488456726,-0.3008837401866913,0.9913901090621948,-0.2297898828983307,-0.03989296406507492,-0.1631525754928589,0.5271480679512024,0.12291291356086731,0.00028279630350880325,0.036208946257829666,0.016728006303310394,-0.12318801879882812,-0.024359555914998055,-0.03248941898345947,0.008709892630577087
156,1772099465.8918383,1,1,0.09130322933197021,-0.5939961075782776,-0.257254421710968,0.9999850988388062,0.1690891683101654,-0.4417758882045746,-0.012411624193191528,0.9998679161071777,-0.11398673802614212,-0.4155065417289734,-0.14015235006809235,0.9987136721611023,0.3360195755958557,-0.35130825638771057,-0.09288277477025986,0.9741799831390381,-0.1847034990787506,-0.20285844802856445,-0.15015602111816406,0.7310252785682678,0.3300902843475342,-0.5335246920585632,-0.29449671506881714,0.9917201995849609,-0.22922919690608978,-0.04205317795276642,-0.16862356662750244,0.5335302948951721,0.12262429296970367,0.00037228158907964826,0.03725277632474899,0.016620410606265068,-0.12289095669984818,-0.02444133535027504,-0.033616211265325546,0.008668657392263412
157,1772099465.9463546,1,1,0.09135791659355164,-0.5912196040153503,-0.25863417983055115,0.9999851584434509,0.16902413964271545,-0.4419867694377899,-0.013870005495846272,0.9998731017112732,-0.11415162682533264,-0.41550058126449585,-0.14013300836086273,0.9987441897392273,0.33584585785865784,-0.35218292474746704,-0.09415046870708466,0.9753097891807556,-0.18533717095851898,-0.20303834974765778,-0.14995624125003815,0.7355138659477234,0.3302184045314789,-0.5337360501289368,-0.3007003366947174,0.9921746850013733,-0.22926673293113708,-0.04218681529164314,-0.1678878366947174,0.542633056640625,0.1225752905011177,0.00031797794508747756,0.037175752222537994,0.01669147051870823,-0.1228456050157547,-0.02427254617214203,-0.033551957458257675,0.008643119595944881
158,1772099465.9944723,1,1,0.09134303033351898,-0.5894771218299866,-0.2596782147884369,0.9999852776527405,0.16904495656490326,-0.4421849250793457,-0.014646547846496105,0.9998775720596313,-0.1142151802778244,-0.4155113101005554,-0.13996995985507965,0.9987708926200867,0.33583685755729675,-0.35271766781806946,-0.094923235476017,0.9761949181556702,-0.1856917291879654,-0.20318837463855743,-0.1496592015028,0.7389641404151917,0.33042705059051514,-0.5338807702064514,-0.30349642038345337,0.992551863193512,-0.22931429743766785,-0.04247759282588959,-0.16773399710655212,0.549510657787323,0.1225597932934761,0.0003106103395111859,0.037141188979148865,0.016659704968333244,-0.12283027917146683,-0.024232637137174606,-0.033519066870212555,0.008573203347623348
159,1772099466.041828,1,1,0.0918096974492073,-0.5895310640335083,-0.259609192609787,0.9999852180480957,0.16910307109355927,-0.44267401099205017,-0.014630880206823349,0.9998824596405029,-0.1141725480556488,-0.4159652888774872,-0.13934139907360077,0.9988067150115967,0.3361859619617462,-0.3537503480911255,-0.09442388266324997,0.9771912693977356,-0.18645961582660675,-0.20413511991500854,-0.14947563409805298,0.7419847846031189,0.3305318355560303,-0.5339875221252441,-0.3031836748123169,0.9928693771362305,-0.23026607930660248,-0.04528796300292015,-0.1674080789089203,0.5521124005317688,0.12249527126550674,0.0003953291743528098,0.036873526871204376,0.01680952124297619,-0.12276817113161087,-0.0242210291326046,-0.03325401246547699,0.008670204319059849
160,1772099466.1003547,1,1,0.09272489696741104,-0.5893420577049255,-0.2596025764942169,0.9999852776527405,0.16921323537826538,-0.44312456250190735,-0.014533442445099354,0.9998873472213745,-0.11408037692308426,-0.41619834303855896,-0.13894714415073395,0.998833417892456,0.33712902665138245,-0.35487520694732666,-0.09311342239379883,0.9781249761581421,-0.1865941286087036,-0.20431329309940338,-0.14892655611038208,0.7431647181510925,0.33069300651550293,-0.5350428223609924,-0.3003352880477905,0.9931447505950928,-0.23029184341430664,-0.046859659254550934,-0.16512785851955414,0.5511295795440674,0.12245069444179535,0.00048269741819240153,0.036820948123931885,0.016638724133372307,-0.12272150069475174,-0.024237532168626785,-0.033197470009326935,0.008562205359339714
161,1772099466.14181,1,1,0.0949656292796135,-0.5895549058914185,-0.25825995206832886,0.9999850988388062,0.16899321973323822,-0.4438299238681793,-0.013307452201843262,0.9998902678489685,-0.11323791742324829,-0.41629844903945923,-0.13905557990074158,0.9988572001457214,0.3371419310569763,-0.35629627108573914,-0.08591382205486298,0.9788848757743835,-0.1866721510887146,-0.20516780018806458,-0.15013998746871948,0.7446886897087097,0.3308407664299011,-0.5361672043800354,-0.284026563167572,0.9934160113334656,-0.23049332201480865,-0.04897066205739975,-0.16602618992328644,0.553952693939209,0.12208034843206406,0.0005147891934029758,0.036855410784482956,0.016680531203746796,-0.12235172837972641,-0.024210471659898758,-0.03324582800269127,0.008613989688456059
162,1772099466.192168,1,1,0.09758985787630081,-0.5894527435302734,-0.25613269209861755,0.999984622001648,0.16829998791217804,-0.4440036714076996,-0.011881440877914429,0.9998930096626282,-0.11229877173900604,-0.4160192310810089,-0.1393648386001587,0.9988710880279541,0.3365001678466797,-0.35656118392944336,-0.0788034126162529,0.9797385334968567,-0.18644915521144867,-0.20521093904972076,-0.15027612447738647,0.7447016835212708,0.3306896686553955,-0.5362291932106018,-0.27382323145866394,0.9937590956687927,-0.23051905632019043,-0.049974747002124786,-0.16395439207553864,0.55808424949646,0.12155919522047043,0.0005236933939158916,0.037054192274808884,0.016846010461449623,-0.1218574121594429,-0.02413548342883587,-0.03350095450878143,0.008715598843991756
163,1772099466.2464325,1,1,0.10316669195890427,-0.5881622433662415,-0.2556309103965759,0.9999849200248718,0.16757626831531525,-0.4452255368232727,-0.007570122368633747,0.9998975992202759,-0.11225612461566925,-0.416537880897522,-0.13951870799064636,0.9989044070243835,0.3364582061767578,-0.3573179841041565,-0.06566549092531204,0.9802796840667725,-0.18703579902648926,-0.2054636925458908,-0.15126357972621918,0.7471657991409302,0.3307804763317108,-0.5365341901779175,-0.2551347613334656,0.9940099716186523,-0.2298017293214798,-0.050379879772663116,-0.16563689708709717,0.558739423751831,0.12074901163578033,0.0006088914233259857,0.037734564393758774,0.01660500094294548,-0.12102359533309937,-0.024139730259776115,-0.03428349271416664,0.00858341995626688
164,1772099466.291759,1,1,0.10490391403436661,-0.5869787335395813,-0.25492703914642334,0.9999851584434509,0.16679257154464722,-0.44598662853240967,-0.004518522880971432,0.9999017119407654,-0.11226474493741989,-0.41680827736854553,-0.13948430120944977,0.9989331364631653,0.3361893594264984,-0.3578087091445923,-0.059085600078105927,0.9807233810424805,-0.1877545267343521,-0.20559215545654297,-0.1512928456068039,0.7484142184257507,0.3308669328689575,-0.5367345213890076,-0.24683402478694916,0.9942542910575867,-0.22947119176387787,-0.050772421061992645,-0.16592851281166077,0.5599045753479004,0.1201464831829071,0.0007399264140985906,0.03816826641559601,0.016279662027955055,-0.12041469663381577,-0.02417905069887638,-0.03482523187994957,0.008416445925831795
165,1772099466.3441117,1,1,0.10694599896669388,-0.5856818556785583,-0.254426509141922,0.9999853372573853,0.16536587476730347,-0.4461292326450348,-0.004224991425871849,0.9999057054519653,-0.11221429705619812,-0.4170999228954315,-0.13950902223587036,0.9989659190177917,0.33448806405067444,-0.3581705093383789,-0.05847994610667229,0.9814128279685974,-0.18774758279323578,-0.20687076449394226,-0.15074390172958374,0.7496268153190613,0.33072972297668457,-0.5367117524147034,-0.24792936444282532,0.9945682287216187,-0.2291540950536728,-0.051790788769721985,-0.16320277750492096,0.5668049454689026,0.11951975524425507,0.0006655470351688564,0.03831348940730095,0.016598127782344818,-0.11981882154941559,-0.02387334406375885,-0.03503482788801193,0.008565256372094154
166,1772099466.3918047,1,1,0.10775146633386612,-0.58561772108078,-0.2526901066303253,0.9999854564666748,0.1639273762702942,-0.4468438923358917,-0.0030366540886461735,0.999908983707428,-0.1121092140674591,-0.4172251522541046,-0.13959453999996185,0.998991072177887,0.3333580791950226,-0.36035338044166565,-0.054393794387578964,0.9818625450134277,-0.18776731193065643,-0.20838616788387299,-0.1508363038301468,0.7489463090896606,0.33075815439224243,-0.5375705361366272,-0.2382727563381195,0.9948410391807556,-0.22898665070533752,-0.05289140343666077,-0.1632995754480362,0.5694488883018494,0.11888101696968079,0.0005793551099486649,0.03867064043879509,0.016993306577205658,-0.11916623264551163,-0.023586532101035118,-0.03546588122844696,0.00875800009816885
167,1772099466.4418247,1,1,0.1092841699719429,-0.5855733156204224,-0.252451092004776,0.9999852776527405,0.16310977935791016,-0.44740715622901917,-0.002734186127781868,0.9999118447303772,-0.11214520037174225,-0.41730204224586487,-0.14106690883636475,0.9990057349205017,0.3329217731952667,-0.3608945310115814,-0.05492446944117546,0.9822635650634766,-0.18812856078147888,-0.20841121673583984,-0.1541232317686081,0.7507993578910828,0.3305627703666687,-0.5382441282272339,-0.24061177670955658,0.995047926902771,-0.22867242991924286,-0.05279717966914177,-0.1686275154352188,0.5701284408569336,0.11839455366134644,0.0005277474992908537,0.03893870487809181,0.017196856439113617,-0.11865510791540146,-0.02331249602138996,-0.035764582455158234,0.008844558149576187
168,1772099466.4921024,1,1,0.1103985533118248,-0.5852906107902527,-0.25001293420791626,0.9999855756759644,0.16183684766292572,-0.4477158188819885,-0.0019529975252225995,0.9999157190322876,-0.11212195456027985,-0.4174756109714508,-0.1409957855939865,0.9990368485450745,0.3324021100997925,-0.3618188202381134,-0.05089480057358742,0.9827719926834106,-0.18814823031425476,-0.20969177782535553,-0.1531308889389038,0.7492575645446777,0.33055102825164795,-0.5383861064910889,-0.23077775537967682,0.9953230023384094,-0.2286413013935089,-0.053350429981946945,-0.16412509977817535,0.5718328356742859,0.11788921803236008,0.0004357878933660686,0.03910856321454048,0.01772858388721943,-0.11815107613801956,-0.023090030997991562,-0.03598244488239288,0.009115852415561676
169,1772099466.5491033,1,1,0.11158286780118942,-0.5847968459129333,-0.24971002340316772,0.9999858736991882,0.16158008575439453,-0.44782909750938416,-0.001254592789337039,0.999919056892395,-0.1119430884718895,-0.41753458976745605,-0.1410001665353775,0.9990693926811218,0.33197683095932007,-0.36182186007499695,-0.04802083596587181,0.9831657409667969,-0.1886119842529297,-0.20988355576992035,-0.1530110239982605,0.7499043941497803,0.33052870631217957,-0.5381599068641663,-0.22616420686244965,0.9955245852470398,-0.22893154621124268,-0.05343053117394447,-0.16347573697566986,0.5736851096153259,0.11737751960754395,0.00043335516238585114,0.03943908214569092,0.018135059624910355,-0.11761829257011414,-0.023032892495393753,-0.03636081516742706,0.009326201863586903
170,1772099466.5923293,1,1,0.11367099732160568,-0.5833393931388855,-0.249745175242424,0.9999862909317017,0.16185079514980316,-0.4483422338962555,-0.0008846179698593915,0.9999228119850159,-0.11170164495706558,-0.4181300699710846,-0.14101377129554749,0.9991006851196289,0.3321458399295807,-0.3618251383304596,-0.046920470893383026,0.983333170413971,-0.18859846889972687,-0.20983019471168518,-0.15299279987812042,0.7522643208503723,0.33126160502433777,-0.537645697593689,-0.2263910323381424,0.9956045150756836,-0.22792011499404907,-0.053403981029987335,-0.16311275959014893,0.5704854130744934,0.11734838783740997,0.00048764373059384525,0.03975755721330643,0.018239280208945274,-0.11757554858922958,-0.023056525737047195,-0.036634787917137146,0.009304122999310493
171,1772099466.6421568,1,1,0.11464741826057434,-0.5825885534286499,-0.24882225692272186,0.9999864101409912,0.16169212758541107,-0.44848933815956116,-3.035384725080803e-05,0.999925434589386,-0.11151164770126343,-0.41834670305252075,-0.14085623621940613,0.9991219639778137,0.33186569809913635,-0.36182695627212524,-0.04336943477392197,0.9835236072540283,-0.1886490434408188,-0.21009263396263123,-0.15287812054157257,0.7505918741226196,0.3314325213432312,-0.5372074246406555,-0.21869824826717377,0.9957613945007324,-0.22832444310188293,-0.05345392972230911,-0.16310150921344757,0.5697951912879944,0.11709033697843552,0.00048346075345762074,0.039953600615262985,0.018380288034677505,-0.1173078641295433,-0.023032842203974724,-0.03684369847178459,0.009347774088382721
172,1772099466.6917508,1,1,0.11719369143247604,-0.5819460153579712,-0.24805948138237,0.9999865293502808,0.16172538697719574,-0.4486459791660309,0.0010087854461744428,0.9999278783798218,-0.11055954545736313,-0.41859865188598633,-0.1409233659505844,0.9991481304168701,0.3318702280521393,-0.3618343472480774,-0.039605703204870224,0.983730673789978,-0.18835461139678955,-0.21019959449768066,-0.15323519706726074,0.7510784268379211,0.33254876732826233,-0.5368189215660095,-0.21273425221443176,0.9958939552307129,-0.22828073799610138,-0.05344795808196068,-0.16387882828712463,0.5703940987586975,0.11674445867538452,0.0005321305943652987,0.04033360257744789,0.018720153719186783,-0.1169465109705925,-0.023030079901218414,-0.03723836690187454,0.009513416327536106
173,1772099466.7422683,1,1,0.11174172163009644,-0.5794335007667542,-0.25246596336364746,0.9999861121177673,0.16202425956726074,-0.44852185249328613,-0.005286782514303923,0.9999284148216248,-0.11189807951450348,-0.41861623525619507,-0.14065313339233398,0.9991462826728821,0.3304000496864319,-0.3618369996547699,-0.05959981307387352,0.9833188652992249,-0.1882125288248062,-0.21034598350524902,-0.14726877212524414,0.7503030300140381,0.3284767270088196,-0.5362741351127625,-0.25047868490219116,0.9959635734558105,-0.22586573660373688,-0.05286658555269241,-0.15398405492305756,0.5680682063102722,0.1174369603395462,0.00046787442988716066,0.039928365498781204,0.019223228096961975,-0.1175958663225174,-0.022975485771894455,-0.03661763668060303,0.009728792123496532
174,1772099466.834704,1,1,0.10837555676698685,-0.5794724225997925,-0.2538447082042694,0.999985933303833,0.1620332896709442,-0.44827646017074585,-0.006090050563216209,0.9999235272407532,-0.11198678612709045,-0.41920050978660583,-0.14080527424812317,0.999151885509491,0.32746225595474243,-0.36045750975608826,-0.06164272874593735,0.9823229908943176,-0.18727067112922668,-0.21209411323070526,-0.14731743931770325,0.7531255483627319,0.328564316034317,-0.5324604511260986,-0.25350162386894226,0.9959405064582825,-0.22585739195346832,-0.052895624190568924,-0.15743710100650787,0.5766310691833496,0.11779654026031494,0.00028124501113779843,0.03990162909030914,0.019829008728265762,-0.11799225956201553,-0.022809231653809547,-0.03653232753276825,0.01017560251057148
175,1772099466.883752,1,1,0.10716533660888672,-0.5795100331306458,-0.2543952465057373,0.9999858736991882,0.16205675899982452,-0.44804811477661133,-0.0064549981616437435,0.999920129776001,-0.11202598363161087,-0.4197379946708679,-0.14089205861091614,0.9991605877876282,0.3259829580783844,-0.35918471217155457,-0.0626748651266098,0.9815160632133484,-0.18670503795146942,-0.21319614350795746,-0.14748552441596985,0.7558140754699707,0.3286321461200714,-0.5292847156524658,-0.2548294961452484,0.9959298968315125,-0.2258342206478119,-0.05289449542760849,-0.1605222523212433,0.5840091109275818,0.11803489178419113,0.00019338530546519905,0.039899345487356186,0.02039344608783722,-0.1182536631822586,-0.022730516269803047,-0.03649671748280525,0.010572281666100025
176,1772099466.9281027,1,1,0.10667021572589874,-0.5795599818229675,-0.2544171214103699,0.9999861717224121,0.16239546239376068,-0.44750532507896423,-0.006488764192909002,0.9999201893806458,-0.11201691627502441,-0.42075011134147644,-0.14021942019462585,0.9991769790649414,0.32624009251594543,-0.35720083117485046,-0.06318198144435883,0.9810843467712402,-0.1862603724002838,-0.21452616155147552,-0.14608395099639893,0.7536367177963257,0.3296935260295868,-0.5262787938117981,-0.25396162271499634,0.995966374874115,-0.22575825452804565,-0.05329081788659096,-0.16039511561393738,0.5863795280456543,0.11833146959543228,0.00011636700219241902,0.039862483739852905,0.020664794370532036,-0.11857181787490845,-0.022716883569955826,-0.03641463816165924,0.010747945867478848
177,1772099466.975111,1,1,0.10570649802684784,-0.5800790190696716,-0.2562329173088074,0.9999865293502808,0.1624300628900528,-0.4474591314792633,-0.006684273015707731,0.999920129776001,-0.11204475164413452,-0.42179420590400696,-0.14020471274852753,0.9991864562034607,0.32677143812179565,-0.35705313086509705,-0.06302417069673538,0.9809029698371887,-0.18605603277683258,-0.21471793949604034,-0.14601731300354004,0.7539559602737427,0.3302510380744934,-0.5266897678375244,-0.2531111240386963,0.9959402680397034,-0.22563284635543823,-0.05383243039250374,-0.16040658950805664,0.5865296125411987,0.11860998719930649,-4.0829072531778365e-05,0.03962867334485054,0.020607715472579002,-0.11886072903871536,-0.022634971886873245,-0.036060966551303864,0.010723549872636795
178,1772099467.0250971,1,1,0.10464552044868469,-0.5801329016685486,-0.2581970691680908,0.999986469745636,0.16392594575881958,-0.4466992914676666,-0.008098912425339222,0.9999192953109741,-0.11203843355178833,-0.4220074415206909,-0.14009255170822144,0.9991697669029236,0.3286362290382385,-0.35610413551330566,-0.06528334319591522,0.9810414910316467,-0.18517708778381348,-0.214774489402771,-0.14464139938354492,0.753411591053009,0.3320770263671875,-0.5276288390159607,-0.2546709179878235,0.9959903955459595,-0.2259701043367386,-0.053940217941999435,-0.15735644102096558,0.5846073031425476,0.11924402415752411,-0.00011926062143174931,0.03869529440999031,0.020698240026831627,-0.11953644454479218,-0.02257593348622322,-0.034914568066596985,0.010773246176540852
179,1772099467.075154,1,1,0.1033163070678711,-0.5801711678504944,-0.25967884063720703,0.9999864101409912,0.16426979005336761,-0.44657623767852783,-0.009247828274965286,0.9999181628227234,-0.112153559923172,-0.42206841707229614,-0.14009422063827515,0.9991560578346252,0.3289112150669098,-0.35611262917518616,-0.06853605806827545,0.9808569550514221,-0.18494027853012085,-0.21477380394935608,-0.1445041298866272,0.7528888583183289,0.33219102025032043,-0.5293735861778259,-0.25899070501327515,0.9959776401519775,-0.2262793630361557,-0.05395818129181862,-0.1568782478570938,0.58216392993927,0.11960643529891968,-0.00018229664419777691,0.038121163845062256,0.020759012550115585,-0.1199091374874115,-0.022510508075356483,-0.03422094136476517,0.010807435028254986
180,1772099467.12892,1,1,0.10307224094867706,-0.5802006721496582,-0.2599310874938965,0.9999865889549255,0.16425250470638275,-0.4463281035423279,-0.00935469288378954,0.9999173879623413,-0.11218579858541489,-0.42209479212760925,-0.14040260016918182,0.9991498589515686,0.3290884792804718,-0.35591021180152893,-0.06872181594371796,0.980710506439209,-0.1847541630268097,-0.21481774747371674,-0.14465948939323425,0.7528598308563232,0.3325114846229553,-0.5294828414916992,-0.2592129111289978,0.9960275292396545,-0.22621609270572662,-0.05434679985046387,-0.15694256126880646,0.5832559466362,0.1199476346373558,-0.0003249910951126367,0.03811577707529068,0.020655225962400436,-0.12025795876979828,-0.022440768778324127,-0.03418881073594093,0.01078126486390829
181,1772099467.1751602,1,1,0.10209859162569046,-0.5802266597747803,-0.2608371078968048,0.9999866485595703,0.16426701843738556,-0.4460338056087494,-0.009898149408400059,0.9999166131019592,-0.11226867884397507,-0.4220608174800873,-0.14040537178516388,0.9991409182548523,0.3290570080280304,-0.3556559979915619,-0.07095099240541458,0.9807667136192322,-0.1845187395811081,-0.21478939056396484,-0.14406736195087433,0.7535926103591919,0.3324756622314453,-0.5295398831367493,-0.26517221331596375,0.9960646033287048,-0.2267822027206421,-0.054300546646118164,-0.15479783713817596,0.5865685343742371,0.12017868459224701,-0.00046218864736147225,0.03762297332286835,0.020793728530406952,-0.1205204576253891,-0.022263243794441223,-0.033669810742139816,0.01085235271602869
182,1772099467.2220669,1,1,0.1017402783036232,-0.5805825591087341,-0.2615776062011719,0.9999869465827942,0.1643700748682022,-0.44599592685699463,-0.009914863854646683,0.9999158382415771,-0.11215941607952118,-0.4224316477775574,-0.14040976762771606,0.9991376996040344,0.3296463191509247,-0.35556966066360474,-0.07074590027332306,0.9804580211639404,-0.1845017820596695,-0.21513597667217255,-0.14408721029758453,0.7536199688911438,0.3330109417438507,-0.5298640131950378,-0.26467210054397583,0.9960157871246338,-0.22693197429180145,-0.055621255189180374,-0.15489159524440765,0.5866960287094116,0.12065116316080093,-0.0004936773329973221,0.037452057003974915,0.020527664572000504,-0.12099359929561615,-0.022244855761528015,-0.033415067940950394,0.010735858231782913
183,1772099467.276577,1,1,0.1017983928322792,-0.5807485580444336,-0.2617429792881012,0.9999871850013733,0.1643442064523697,-0.4458080530166626,-0.00974048487842083,0.9999150633811951,-0.11210598051548004,-0.4225943386554718,-0.14098626375198364,0.9991378784179688,0.33016282320022583,-0.35504627227783203,-0.06990940123796463,0.9801053404808044,-0.18467164039611816,-0.2152712047100067,-0.14655041694641113,0.7525004744529724,0.33358055353164673,-0.529944121837616,-0.2604108452796936,0.9959840774536133,-0.2276362031698227,-0.056060995906591415,-0.16163955628871918,0.5870575904846191,0.12089995294809341,-0.000582232023589313,0.03750307112932205,0.02005157060921192,-0.12123334407806396,-0.0222304854542017,-0.033435579389333725,0.010507376864552498
184,1772099467.3281891,1,1,0.10190917551517487,-0.5807734131813049,-0.2617360055446625,0.9999871850013733,0.16514600813388824,-0.44542479515075684,-0.010706156492233276,0.9999151825904846,-0.112032949924469,-0.4226132929325104,-0.14061075448989868,0.9991374015808105,0.3302876353263855,-0.3546315133571625,-0.07340840995311737,0.980351448059082,-0.18461881577968597,-0.2154012769460678,-0.14571458101272583,0.7548081278800964,0.3335629403591156,-0.5299447178840637,-0.2675175070762634,0.9960438013076782,-0.22770002484321594,-0.05612301453948021,-0.16008788347244263,0.5891610980033875,0.12112000584602356,-0.0006007190677337348,0.03717237710952759,0.020459208637475967,-0.12144740670919418,-0.022215381264686584,-0.03303482383489609,0.010746465995907784
185,1772099467.375072,1,1,0.10199634730815887,-0.5814048647880554,-0.26171690225601196,0.9999873042106628,0.16573458909988403,-0.44523537158966064,-0.011312099173665047,0.9999167919158936,-0.11202841997146606,-0.4228360652923584,-0.1398661583662033,0.999147355556488,0.3312506377696991,-0.35461005568504333,-0.07680313289165497,0.9808870553970337,-0.18484684824943542,-0.21601969003677368,-0.14495211839675903,0.7556535005569458,0.33349186182022095,-0.5301382541656494,-0.27132391929626465,0.9961418509483337,-0.22875356674194336,-0.05634647607803345,-0.1592184454202652,0.5896216630935669,0.12115226686000824,-0.0006164178485050797,0.036734987050294876,0.020868467167019844,-0.12148310244083405,-0.02220073528587818,-0.032608963549137115,0.010974446311593056
186,1772099467.4252188,1,1,0.10221882909536362,-0.581943154335022,-0.26151978969573975,0.9999873042106628,0.1664094626903534,-0.44515153765678406,-0.011775368824601173,0.9999178647994995,-0.11170856654644012,-0.4228595197200775,-0.1393362134695053,0.999157190322876,0.3313989043235779,-0.3551025688648224,-0.07691529393196106,0.9813628792762756,-0.18474416434764862,-0.21696749329566956,-0.14293013513088226,0.7575433850288391,0.33322665095329285,-0.5316063761711121,-0.27035418152809143,0.9962432980537415,-0.2291010171175003,-0.05701163783669472,-0.1540294885635376,0.5903504490852356,0.12115538865327835,-0.0006256321212276816,0.03650785982608795,0.022126082330942154,-0.12148202210664749,-0.022174730896949768,-0.03237411379814148,0.011660677380859852
187,1772099467.4751022,1,1,0.10214455425739288,-0.58216792345047,-0.26184582710266113,0.9999868869781494,0.16834528744220734,-0.4449218511581421,-0.012231252156198025,0.9999174475669861,-0.11143898963928223,-0.4228936731815338,-0.13880416750907898,0.9991422295570374,0.33310815691947937,-0.3550672233104706,-0.07710679620504379,0.9817831516265869,-0.18450646102428436,-0.2169753760099411,-0.14146788418293,0.7576785683631897,0.33325091004371643,-0.5318179130554199,-0.26985907554626465,0.9962759613990784,-0.22918035089969635,-0.05706522986292839,-0.1531790941953659,0.5872827768325806,0.12118035554885864,-0.0005434960476122797,0.03636232018470764,0.02278788760304451,-0.12150201946496964,-0.022189807146787643,-0.032214462757110596,0.012037568725645542
188,1772099467.5381877,1,1,0.10202232003211975,-0.5822766423225403,-0.2618900239467621,0.999986469745636,0.16879072785377502,-0.4449560344219208,-0.012456962838768959,0.9999186992645264,-0.1114376038312912,-0.42296290397644043,-0.13860192894935608,0.9991433620452881,0.33341267704963684,-0.35520216822624207,-0.07722244411706924,0.9824233651161194,-0.18446744978427887,-0.21694596111774445,-0.1412878781557083,0.7601406574249268,0.3332476019859314,-0.5319169163703918,-0.27218204736709595,0.9963667392730713,-0.2292477786540985,-0.056842587888240814,-0.15311923623085022,0.586014986038208,0.12116437405347824,-0.0005015326896682382,0.0363643653690815,0.024162231013178825,-0.12148313224315643,-0.022162247449159622,-0.03221750631928444,0.012772130779922009
189,1772099467.5751314,1,1,0.10198310762643814,-0.5827673077583313,-0.26198244094848633,0.9999863505363464,0.16973981261253357,-0.44504714012145996,-0.012211066670715809,0.9999196529388428,-0.11116346716880798,-0.423191100358963,-0.13839668035507202,0.9991453886032104,0.3347688317298889,-0.3556167483329773,-0.07630699127912521,0.9828281402587891,-0.18416422605514526,-0.21659907698631287,-0.1413053572177887,0.7622501850128174,0.3338722586631775,-0.5331737995147705,-0.2713378071784973,0.996367871761322,-0.22921547293663025,-0.056727126240730286,-0.1534990817308426,0.5842626690864563,0.12115778774023056,-0.00041992581100203097,0.03639322891831398,0.024748412892222404,-0.12147454917430878,-0.022171735763549805,-0.03225415199995041,0.013033569790422916
190,1772099467.6308746,1,1,0.10317916423082352,-0.5840448141098022,-0.25975415110588074,0.9999862313270569,0.17001737654209137,-0.4456227123737335,-0.01045299507677555,0.9999212026596069,-0.11071088165044785,-0.42386916279792786,-0.13822659850120544,0.9991583228111267,0.3362559676170349,-0.35697224736213684,-0.07234014570713043,0.9831488728523254,-0.1842450350522995,-0.21703267097473145,-0.14297236502170563,0.7630890607833862,0.33536335825920105,-0.534476101398468,-0.2619640827178955,0.9963743090629578,-0.22931787371635437,-0.057106565684080124,-0.15819907188415527,0.579677402973175,0.12104067951440811,-0.00024327696883119643,0.03648027777671814,0.02522057481110096,-0.12134653329849243,-0.022227158769965172,-0.03236571326851845,0.013291360810399055
191,1772099467.6755426,1,1,0.10499916970729828,-0.5845769643783569,-0.25861501693725586,0.9999861717224121,0.16976428031921387,-0.44594234228134155,-0.009097236208617687,0.999921977519989,-0.10980334132909775,-0.4240555763244629,-0.13846097886562347,0.999168336391449,0.33645063638687134,-0.3579656779766083,-0.06725585460662842,0.9834279417991638,-0.18380650877952576,-0.217500701546669,-0.14491021633148193,0.7624702453613281,0.3363385498523712,-0.5354239344596863,-0.2522899806499481,0.9964505434036255,-0.22941748797893524,-0.05833272263407707,-0.15952974557876587,0.579536497592926,0.12085415422916412,-0.00024287920678034425,0.036960866302251816,0.025622457265853882,-0.12115558236837387,-0.022221466526389122,-0.03284621611237526,0.01353621669113636
192,1772099467.7302423,1,1,0.10754799842834473,-0.5846003890037537,-0.25843536853790283,0.9999860525131226,0.16786052286624908,-0.44628652930259705,-0.007810573093593121,0.9999225735664368,-0.10969330370426178,-0.4241352379322052,-0.1406242400407791,0.9991735219955444,0.3354806900024414,-0.3584132194519043,-0.059766244143247604,0.983612060546875,-0.18388517200946808,-0.21747253835201263,-0.15111197531223297,0.7638972997665405,0.3368273377418518,-0.5358162522315979,-0.24317848682403564,0.9964656233787537,-0.22927913069725037,-0.058452341705560684,-0.16517411172389984,0.5785192251205444,0.12052198499441147,-0.0002491827472113073,0.037585221230983734,0.02587910369038582,-0.12081659585237503,-0.022129008546471596,-0.0335112027823925,0.013669478707015514
193,1772099467.7781043,1,1,0.1087382510304451,-0.5844631791114807,-0.258144348859787,0.9999861717224121,0.16667303442955017,-0.44622644782066345,-0.007709366735070944,0.9999234080314636,-0.10967471450567245,-0.42419037222862244,-0.14096283912658691,0.9991827011108398,0.3347100019454956,-0.35813185572624207,-0.05819312483072281,0.98373943567276,-0.18387676775455475,-0.21768522262573242,-0.15110793709754944,0.7634623646736145,0.33712729811668396,-0.5352287292480469,-0.23849135637283325,0.9965413212776184,-0.22929978370666504,-0.058642495423555374,-0.16501063108444214,0.5802025198936462,0.12044171988964081,-0.00029901761445216835,0.03775758296251297,0.02596529945731163,-0.12073155492544174,-0.022089621052145958,-0.033677924424409866,0.013736005872488022
194,1772099467.8224075,1,1,0.1085376888513565,-0.5842599272727966,-0.2582068145275116,0.999986469745636,0.1664438396692276,-0.44618433713912964,-0.007850565947592258,0.999924898147583,-0.10997972637414932,-0.4251601994037628,-0.14016422629356384,0.9992015361785889,0.33472126722335815,-0.3577040731906891,-0.05864911153912544,0.983839213848114,-0.184525728225708,-0.2186802476644516,-0.14846614003181458,0.7632238268852234,0.33739301562309265,-0.534196138381958,-0.2397163361310959,0.9965612292289734,-0.22971223294734955,-0.05899180471897125,-0.16363801062107086,0.5815236568450928,0.12042565643787384,-0.0003160250489600003,0.03775091841816902,0.02583453804254532,-0.12071278691291809,-0.022081756964325905,-0.03367547690868378,0.013699814677238464
195,1772099467.8754334,1,1,0.10908574610948563,-0.5830692648887634,-0.2583833932876587,0.9999868869781494,0.1660170704126358,-0.44618290662765503,-0.00785516481846571,0.9999260306358337,-0.11003720015287399,-0.4254910349845886,-0.14034287631511688,0.9992203712463379,0.334690123796463,-0.35763075947761536,-0.05798865109682083,0.9837563037872314,-0.18463613092899323,-0.2191133052110672,-0.14843261241912842,0.7637290358543396,0.3383638262748718,-0.5320630669593811,-0.23884159326553345,0.9965973496437073,-0.22960388660430908,-0.058924030512571335,-0.16352662444114685,0.5841123461723328,0.12036317586898804,-0.0004017880419269204,0.03801478445529938,0.02560136839747429,-0.12065143883228302,-0.022047795355319977,-0.03394326567649841,0.013547006994485855
196,1772099467.925689,1,1,0.11878375709056854,-0.5832435488700867,-0.25301146507263184,0.9999874234199524,0.16544856131076813,-0.44637972116470337,-0.0038347695954144,0.9999276399612427,-0.10761129856109619,-0.42564380168914795,-0.14274701476097107,0.9992316365242004,0.3350989818572998,-0.35760045051574707,-0.04595828056335449,0.9833622574806213,-0.18408805131912231,-0.21981914341449738,-0.15622445940971375,0.7551097869873047,0.3438906967639923,-0.5312259793281555,-0.21277658641338348,0.9966153502464294,-0.2297632247209549,-0.05965766683220863,-0.17189455032348633,0.5774524211883545,0.12035389989614487,-0.00040466253994964063,0.03973602503538132,0.024516945704817772,-0.12063593417406082,-0.0223735012114048,-0.03557658568024635,0.01296438928693533
197,1772099467.9780767,1,1,0.12435246258974075,-0.583220899105072,-0.2513732314109802,0.9999878406524658,0.16513486206531525,-0.44637298583984375,-0.003079045098274946,0.9999279975891113,-0.10489872843027115,-0.4256577491760254,-0.14537911117076874,0.9992316365242004,0.33505257964134216,-0.35761117935180664,-0.04120783135294914,0.9830468893051147,-0.18211020529270172,-0.22086530923843384,-0.1597222238779068,0.7473059892654419,0.3456194996833801,-0.5307648777961731,-0.2049194574356079,0.9966764450073242,-0.22993919253349304,-0.06130596250295639,-0.17417286336421967,0.5742766261100769,0.12040244787931442,-0.0004612671327777207,0.040920767933130264,0.023744555190205574,-0.12067366391420364,-0.02250891551375389,-0.03660498559474945,0.01254877820611
198,1772099468.0250442,1,1,0.12396993488073349,-0.5830144882202148,-0.2510250508785248,0.999988317489624,0.16387540102005005,-0.4463600516319275,-0.002715648617595434,0.9999284744262695,-0.10493699461221695,-0.4256749451160431,-0.14549574255943298,0.9992418885231018,0.33414360880851746,-0.35760071873664856,-0.040296074002981186,0.9828474521636963,-0.1820051521062851,-0.22108124196529388,-0.15962345898151398,0.7430723905563354,0.34556952118873596,-0.5307781100273132,-0.20425234735012054,0.9967454671859741,-0.23074550926685333,-0.06130903586745262,-0.17433509230613708,0.5751937627792358,0.12040585279464722,-0.0005802177474834025,0.04106597974896431,0.02287614904344082,-0.12067809700965881,-0.02253170683979988,-0.03675854578614235,0.012094005011022091
199,1772099468.076113,1,1,0.12435628473758698,-0.5815458297729492,-0.25093427300453186,0.9999887347221375,0.16325129568576813,-0.4463593661785126,-0.0023179391864687204,0.9999285340309143,-0.10445249080657959,-0.42567184567451477,-0.14591160416603088,0.9992484450340271,0.3328477144241333,-0.3576507270336151,-0.03684436157345772,0.9824433922767639,-0.18054808676242828,-0.22119547426700592,-0.15924429893493652,0.7395610809326172,0.34561875462532043,-0.5306884050369263,-0.20107007026672363,0.9968074560165405,-0.23036491870880127,-0.06131986528635025,-0.17277656495571136,0.5759314894676208,0.12041261792182922,-0.0006406696047633886,0.041589390486478806,0.022242851555347443,-0.12068181484937668,-0.0225729588419199,-0.037212397903203964,0.011738684959709644
200,1772099468.124766,1,1,0.12533269822597504,-0.5808537602424622,-0.24956396222114563,0.9999891519546509,0.1632227897644043,-0.4463432729244232,-0.0022487426176667213,0.9999304413795471,-0.10365363210439682,-0.425773561000824,-0.1453785002231598,0.9992581009864807,0.3328774571418762,-0.3577055037021637,-0.035742953419685364,0.9825670123100281,-0.1796988844871521,-0.2226962447166443,-0.15649941563606262,0.732172966003418,0.3460152745246887,-0.5305928587913513,-0.19665993750095367,0.9969149827957153,-0.23092183470726013,-0.06257335841655731,-0.16545113921165466,0.5722894668579102,0.12056159228086472,-0.000649180612526834,0.04158305004239082,0.021626543253660202,-0.12081241607666016,-0.022800900042057037,-0.037187278270721436,0.011402308009564877
201,1772099468.1751552,1,1,0.12572364509105682,-0.5801181793212891,-0.24965068697929382,0.99998939037323,0.1625114381313324,-0.4463531970977783,-0.0014237494906410575,0.9999294281005859,-0.1032959520816803,-0.42570316791534424,-0.14710426330566406,0.9992516040802002,0.33287033438682556,-0.3584820330142975,-0.03064083121716976,0.9823324084281921,-0.17841321229934692,-0.22250375151634216,-0.1580224484205246,0.7268828749656677,0.3460501730442047,-0.5324591398239136,-0.18820792436599731,0.9969624280929565,-0.23086349666118622,-0.06254983693361282,-0.16673170030117035,0.5703389644622803,0.12055405974388123,-0.0007421588525176048,0.04227738454937935,0.02093350701034069,-0.12080365419387817,-0.022809214890003204,-0.03783014789223671,0.011043536476790905
202,1772099468.226335,1,1,0.1262167990207672,-0.5812593102455139,-0.24394935369491577,0.9999896883964539,0.1628701537847519,-0.4465487003326416,0.00299004465341568,0.9999299049377441,-0.10018421709537506,-0.42667123675346375,-0.14243578910827637,0.9992717504501343,0.33707714080810547,-0.3589210510253906,-0.01927175372838974,0.9821811318397522,-0.17746305465698242,-0.2268773317337036,-0.150948166847229,0.7149122357368469,0.3474569320678711,-0.532450258731842,-0.15040846168994904,0.9969577789306641,-0.2326190322637558,-0.06786967813968658,-0.15931151807308197,0.5639834403991699,0.12052866071462631,-0.0007508969865739346,0.04228580743074417,0.020386066287755966,-0.12076399475336075,-0.023153647780418396,-0.037838924676179886,0.010828441940248013
203,1772099468.275524,1,1,0.1261281669139862,-0.5819728374481201,-0.24314385652542114,0.9999901652336121,0.16299423575401306,-0.44720685482025146,0.006282246671617031,0.9999310970306396,-0.0989561602473259,-0.4284158945083618,-0.13785497844219208,0.999294102191925,0.33870312571525574,-0.35949793457984924,-0.013969844207167625,0.9816457033157349,-0.17722931504249573,-0.23226101696491241,-0.14264445006847382,0.7000473141670227,0.34928080439567566,-0.5315099954605103,-0.14256909489631653,0.9969346523284912,-0.2327166646718979,-0.07006438076496124,-0.149370476603508,0.5540787577629089,0.12021844834089279,-0.000736187503207475,0.04230517894029617,0.019879261031746864,-0.1204303428530693,-0.023491233587265015,-0.03788238391280174,0.010568113066256046
204,1772099468.3250532,1,1,0.12629462778568268,-0.5819911360740662,-0.24120518565177917,0.9999904632568359,0.16361093521118164,-0.44719141721725464,0.007848347537219524,0.9999326467514038,-0.09707234054803848,-0.42925065755844116,-0.13496318459510803,0.9993099570274353,0.3403395712375641,-0.35933470726013184,-0.011366333812475204,0.9817207455635071,-0.1766127049922943,-0.23416073620319366,-0.1383199840784073,0.6857649087905884,0.35125860571861267,-0.5306597352027893,-0.13929854333400726,0.9969775676727295,-0.23288971185684204,-0.07209573686122894,-0.1446516364812851,0.5448945164680481,0.12007346749305725,-0.0007187988958321512,0.042356956750154495,0.019486527889966965,-0.1202792078256607,-0.023723570629954338,-0.03795726224780083,0.010367284528911114
205,1772099468.3755887,1,1,0.1261797547340393,-0.5823141932487488,-0.23872144520282745,0.999990701675415,0.16391313076019287,-0.4472036361694336,0.009781229309737682,0.9999335408210754,-0.09543987363576889,-0.4298725426197052,-0.1323607861995697,0.9993234276771545,0.34133362770080566,-0.3591008484363556,-0.009062197990715504,0.9817125201225281,-0.17624786496162415,-0.23542866110801697,-0.13654743134975433,0.6718959212303162,0.3527313768863678,-0.5297542810440063,-0.1358647346496582,0.9970037937164307,-0.23310525715351105,-0.07372570037841797,-0.14446808397769928,0.53745037317276,0.11981034278869629,-0.0006982103805057704,0.04252501577138901,0.019036216661334038,-0.12001539766788483,-0.02392308972775936,-0.03819001093506813,0.010151123628020287
206,1772099468.4312384,1,1,0.12644298374652863,-0.5823251008987427,-0.2350911647081375,0.9999908208847046,0.16401778161525726,-0.44718384742736816,0.011066325008869171,0.9999333024024963,-0.09414234757423401,-0.43004897236824036,-0.13133437931537628,0.9993274807929993,0.34169116616249084,-0.3586784899234772,-0.008387559093534946,0.9816818237304688,-0.17577724158763885,-0.23534953594207764,-0.13693810999393463,0.6586688160896301,0.35283178091049194,-0.5288478136062622,-0.13354027271270752,0.9969732165336609,-0.23327770829200745,-0.07457345724105835,-0.14968425035476685,0.5302263498306274,0.11975168436765671,-0.0006944600027054548,0.042813386768102646,0.01839076727628708,-0.11994793266057968,-0.024038735777139664,-0.03849765658378601,0.009839448146522045
207,1772099468.4791062,1,1,0.1263349950313568,-0.5825190544128418,-0.23471826314926147,0.9999912977218628,0.16449281573295593,-0.4469309151172638,0.012138358317315578,0.9999346733093262,-0.09330391138792038,-0.43007349967956543,-0.1293087601661682,0.9993462562561035,0.34374386072158813,-0.35628819465637207,-0.006732957437634468,0.9813103675842285,-0.17574645578861237,-0.2352469563484192,-0.13470131158828735,0.6428444385528564,0.35591721534729004,-0.5263789296150208,-0.12456431984901428,0.996928334236145,-0.23356659710407257,-0.07460195571184158,-0.1466563493013382,0.5215506553649902,0.11974409967660904,-0.0007203944842331111,0.04293081909418106,0.017804861068725586,-0.11993924528360367,-0.0242164246737957,-0.03863323852419853,0.00952366553246975
208,1772099468.5253787,1,1,0.12763711810112,-0.5827544331550598,-0.23367272317409515,0.9999917149543762,0.165280282497406,-0.44678735733032227,0.012941207736730576,0.9999358654022217,-0.09108377248048782,-0.4301169216632843,-0.1294509470462799,0.9993658065795898,0.34460505843162537,-0.3541107475757599,-0.004792228806763887,0.981009840965271,-0.17523778975009918,-0.2353764772415161,-0.13494910299777985,0.6315443515777588,0.35797104239463806,-0.5234026312828064,-0.11969221383333206,0.9968907833099365,-0.23354077339172363,-0.0754147469997406,-0.1469738632440567,0.5170605182647705,0.11974207311868668,-0.0007334685069508851,0.043458350002765656,0.01725063845515251,-0.11993405222892761,-0.02442694455385208,-0.03914264962077141,0.009239896200597286
209,1772099468.5788038,1,1,0.12930457293987274,-0.5827248692512512,-0.23282784223556519,0.9999920725822449,0.16707506775856018,-0.4455468952655792,0.013432393781840801,0.9999364018440247,-0.0879637822508812,-0.4300723075866699,-0.1295381784439087,0.9993793368339539,0.34542956948280334,-0.35016322135925293,-0.0037552800495177507,0.9808576703071594,-0.17342251539230347,-0.23532672226428986,-0.1351596564054489,0.6195112466812134,0.36045020818710327,-0.5203242897987366,-0.11859172582626343,0.99687659740448,-0.23337844014167786,-0.07554527372121811,-0.14613905549049377,0.5129466652870178,0.11972612142562866,-0.000709936604835093,0.043749839067459106,0.016935618594288826,-0.11991753429174423,-0.02467477321624756,-0.039445288479328156,0.009097461588680744
210,1772099468.6300328,1,1,0.12931294739246368,-0.5826694965362549,-0.23303614556789398,0.9999923706054688,0.16845831274986267,-0.44425109028816223,0.013320526108145714,0.9999352097511292,-0.0860896185040474,-0.429826021194458,-0.12964579463005066,0.9993858337402344,0.3462892770767212,-0.3479299545288086,-0.004332306794822216,0.9799899458885193,-0.17188660800457,-0.23524954915046692,-0.13511283695697784,0.605911135673523,0.36160147190093994,-0.5197324156761169,-0.11655499786138535,0.9967673420906067,-0.23323753476142883,-0.07584059238433838,-0.14528530836105347,0.5080990791320801,0.1198926791548729,-0.0007327673374675214,0.044145964086055756,0.016507597640156746,-0.12005028873682022,-0.024933308362960815,-0.03975958377122879,0.008915242739021778
211,1772099468.6780677,1,1,0.1307104080915451,-0.5823392868041992,-0.2326483428478241,0.9999924898147583,0.16925878822803497,-0.44351211190223694,0.013236893340945244,0.9999339580535889,-0.08384329825639725,-0.4296654164791107,-0.1303861290216446,0.9993910789489746,0.34635722637176514,-0.3470264971256256,-0.004425752442330122,0.9794145226478577,-0.17052432894706726,-0.23552152514457703,-0.13573358952999115,0.596575140953064,0.36221030354499817,-0.5190291404724121,-0.1138872504234314,0.9967101216316223,-0.23256069421768188,-0.07708940654993057,-0.14572924375534058,0.5061330795288086,0.1199272871017456,-0.0007748364005237818,0.04515663534402847,0.016414117068052292,-0.12006016075611115,-0.02502291649580002,-0.040611520409584045,0.008931661956012249
212,1772099468.725364,1,1,0.13204962015151978,-0.583061933517456,-0.2323826253414154,0.9999924302101135,0.16989369690418243,-0.4428205192089081,0.01353011280298233,0.9999323487281799,-0.08264682441949844,-0.43009868264198303,-0.13161388039588928,0.9993982911109924,0.34908589720726013,-0.34563690423965454,-0.005116594489663839,0.9791350960731506,-0.17028088867664337,-0.2358979880809784,-0.14057236909866333,0.5920001864433289,0.3643992245197296,-0.5190305709838867,-0.11726626008749008,0.9965842366218567,-0.2318563610315323,-0.07711353898048401,-0.16203193366527557,0.5068070292472839,0.11987324804067612,-0.000749047554563731,0.04549289494752884,0.01618882827460766,-0.11997302621603012,-0.02515098638832569,-0.040954381227493286,0.008890263736248016
213,1772099468.775469,1,1,0.1336660534143448,-0.5831040740013123,-0.2308928668498993,0.9999924898147583,0.17034563422203064,-0.4423689842224121,0.013794495724141598,0.9999312162399292,-0.0803712010383606,-0.43015241622924805,-0.1319994032382965,0.9994089603424072,0.34964534640312195,-0.3449484407901764,-0.004946561995893717,0.9789228439331055,-0.16924889385700226,-0.23590901494026184,-0.14331769943237305,0.5894262194633484,0.3652539551258087,-0.5186948776245117,-0.11565688252449036,0.9965210556983948,-0.23120830953121185,-0.07824694365262985,-0.1637336164712906,0.5078593492507935,0.11982888728380203,-0.0006541237817145884,0.04602336511015892,0.016141507774591446,-0.11989308893680573,-0.02537272870540619,-0.04141303524374962,0.00895480066537857
214,1772099468.8250616,1,1,0.13528260588645935,-0.5840563774108887,-0.2298302948474884,0.9999927878379822,0.1703837662935257,-0.4418492913246155,0.01369859091937542,0.9999314546585083,-0.07934155315160751,-0.43019625544548035,-0.13238686323165894,0.9994299411773682,0.3495784103870392,-0.3445884585380554,-0.005222000647336245,0.9788270592689514,-0.16902294754981995,-0.23603665828704834,-0.14345945417881012,0.5898778438568115,0.3651171326637268,-0.5182279944419861,-0.11380914598703384,0.9964683055877686,-0.23085743188858032,-0.07924303412437439,-0.1627705842256546,0.5143570303916931,0.11982140690088272,-0.0007450293633155525,0.04609221965074539,0.016603441908955574,-0.11986518651247025,-0.025366898626089096,-0.04146818071603775,0.009373377077281475
215,1772099468.878842,1,1,0.13958683609962463,-0.5831171870231628,-0.22990655899047852,0.9999929666519165,0.17167781293392181,-0.44004806876182556,0.012647928670048714,0.9999333620071411,-0.07877203077077866,-0.430512011051178,-0.13265326619148254,0.9994463920593262,0.3499736487865448,-0.3407636284828186,-0.00785849429666996,0.9788892865180969,-0.16908955574035645,-0.23769386112689972,-0.14265863597393036,0.5865510702133179,0.36499327421188354,-0.5085853338241577,-0.11877349019050598,0.9964975714683533,-0.23112741112709045,-0.08087094128131866,-0.15538305044174194,0.5151169300079346,0.11985615640878677,-0.0006959792226552963,0.04609992355108261,0.01661335490643978,-0.11987534165382385,-0.025569386780261993,-0.04147713631391525,0.009397496469318867
216,1772099468.9254003,1,1,0.14201804995536804,-0.5778131484985352,-0.22981198132038116,0.9999932646751404,0.17351511120796204,-0.4370746314525604,0.012349541299045086,0.9999342560768127,-0.07690353691577911,-0.4301178455352783,-0.1326054483652115,0.9994539022445679,0.34988701343536377,-0.3361877202987671,-0.00806020013988018,0.9780637621879578,-0.16623571515083313,-0.2380678802728653,-0.13889169692993164,0.5693374872207642,0.3646531105041504,-0.500169038772583,-0.11911401152610779,0.9964794516563416,-0.2277178019285202,-0.08080635219812393,-0.1427178680896759,0.5055216550827026,0.12015628814697266,-0.0006446291226893663,0.04650391265749931,0.016153190284967422,-0.12007422000169754,-0.026277311146259308,-0.04179219901561737,0.009134377352893353
217,1772099468.9642394,1,0,0.1472800374031067,-0.5735507011413574,-0.22858324646949768,0.9999933838844299,0.1766851395368576,-0.43365758657455444,0.012347860261797905,0.9999341368675232,-0.0749097689986229,-0.4292806088924408,-0.13201819360256195,0.9994602203369141,0.3497908115386963,-0.33127081394195557,-0.007004551123827696,0.9774998426437378,-0.165065199136734,-0.23804634809494019,-0.1370251178741455,0.5590946674346924,0.3622092604637146,-0.4964985251426697,-0.11228340119123459,0.9964533448219299,-0.22679255902767181,-0.08075901120901108,-0.14077052474021912,0.5013275742530823,0.12018810957670212,-0.0003736338985618204,0.04670966416597366,0.015859754756093025,-0.12007484585046768,-0.027166998013854027,-0.04198802262544632,0.008989699184894562
218,1772099469.0081072,1,0,0.14816132187843323,-0.5722761154174805,-0.2285434901714325,0.9999934434890747,0.1773100197315216,-0.4325079321861267,0.01236778311431408,0.9999318718910217,-0.07378969341516495,-0.42860057950019836,-0.13207519054412842,0.9994572997093201,0.348017156124115,-0.32972824573516846,-0.005364485550671816,0.9761746525764465,-0.16280017793178558,-0.2379566878080368,-0.13712069392204285,0.5501895546913147,0.3599872589111328,-0.49532175064086914,-0.10727005451917648,0.996390163898468,-0.22325952351093292,-0.08033157885074615,-0.1410808116197586,0.4993624687194824,0.1202133297920227,-0.00022760481806471944,0.046994514763355255,0.015508266165852547,-0.12007307261228561,-0.027715077623724937,-0.04224126785993576,0.008818034082651138
219,1772099469.0522966,1,0,0.14785136282444,-0.5716752409934998,-0.2284223735332489,0.999993622303009,0.17789258062839508,-0.4315319061279297,0.012350251898169518,0.9999308586120605,-0.07331470400094986,-0.42846986651420593,-0.13158278167247772,0.9994559288024902,0.3473990857601166,-0.3263004720211029,-0.005474715493619442,0.975081741809845,-0.1620740294456482,-0.23795826733112335,-0.13704489171504974,0.5385794043540955,0.3589317500591278,-0.49202194809913635,-0.10751854628324509,0.9963314533233643,-0.2209198921918869,-0.08028609305620193,-0.1426975131034851,0.4949147403240204,0.12049119919538498,-0.00010850366379600018,0.04705747589468956,0.014964547008275986,-0.12023851275444031,-0.02841780334711075,-0.042274363338947296,0.008519266732037067
220,1772099469.0916836,1,0,0.14775145053863525,-0.5713867545127869,-0.2283855527639389,0.9999939203262329,0.17980238795280457,-0.4305861294269562,0.012295887805521488,0.999931812286377,-0.07272237539291382,-0.42840468883514404,-0.1304280310869217,0.9994617700576782,0.3477136194705963,-0.3240542709827423,-0.005540912505239248,0.9739995002746582,-0.16175106167793274,-0.23878102004528046,-0.13235518336296082,0.5245859622955322,0.3590046763420105,-0.4898962080478668,-0.10807008296251297,0.9963142275810242,-0.22075626254081726,-0.08045292645692825,-0.13516786694526672,0.48786354064941406,0.12136385589838028,0.00010118816862814128,0.04707327485084534,0.01434582844376564,-0.12092937529087067,-0.029612893238663673,-0.042273640632629395,0.008160281926393509
221,1772099469.1418366,1,0,0.14656728506088257,-0.5715270638465881,-0.2289552390575409,0.9999942183494568,0.1796911209821701,-0.43015867471694946,0.010314945131540298,0.9999324083328247,-0.07296589016914368,-0.42787280678749084,-0.1305869072675705,0.9994704723358154,0.3472244143486023,-0.32356998324394226,-0.009261317551136017,0.9728179574012756,-0.16189506649971008,-0.23875917494297028,-0.13147218525409698,0.5132001042366028,0.358974426984787,-0.4897368848323822,-0.11305483430624008,0.9962793588638306,-0.22084501385688782,-0.0801408588886261,-0.13132695853710175,0.48670944571495056,0.1230626255273819,7.711017678957433e-05,0.046193450689315796,0.013722077012062073,-0.12251939624547958,-0.029818225651979446,-0.04124041646718979,0.007817927747964859
222,1772099469.1928165,1,0,0.14643563330173492,-0.5716421008110046,-0.22897492349147797,0.9999945163726807,0.1804116815328598,-0.42985811829566956,0.00910594779998064,0.9999350905418396,-0.07306832820177078,-0.42795583605766296,-0.12997813522815704,0.9994874000549316,0.3473876118659973,-0.32195329666137695,-0.012336516752839088,0.9729430079460144,-0.16239532828330994,-0.2397831231355667,-0.12788961827754974,0.5045981407165527,0.3598763048648834,-0.48741933703422546,-0.12050653994083405,0.9963808059692383,-0.22329245507717133,-0.0808110237121582,-0.12589646875858307,0.4874293804168701,0.12361262738704681,9.429612691747025e-05,0.04562536999583244,0.013207726180553436,-0.1230216771364212,-0.030081473290920258,-0.04067539423704147,0.007532862480729818
223,1772099469.2417302,1,0,0.14655596017837524,-0.5720046758651733,-0.22857201099395752,0.9999948143959045,0.18040914833545685,-0.4298788905143738,0.009066883474588394,0.9999367594718933,-0.0729459822177887,-0.42793068289756775,-0.1291947215795517,0.999503493309021,0.34726762771606445,-0.32216885685920715,-0.012845546938478947,0.9726852178573608,-0.16275759041309357,-0.2400965392589569,-0.12706813216209412,0.49492132663726807,0.36024221777915955,-0.48807865381240845,-0.12114710360765457,0.9964465498924255,-0.22337400913238525,-0.08188442140817642,-0.12513986229896545,0.4883178472518921,0.12368481606245041,8.944718138081953e-05,0.04558916017413139,0.012795241549611092,-0.12307970225811005,-0.030173471197485924,-0.040663812309503555,0.007316199596971273
224,1772099469.2952883,1,0,0.14646658301353455,-0.5727458596229553,-0.22850148379802704,0.9999951124191284,0.18002799153327942,-0.4299112558364868,0.00907367654144764,0.9999379515647888,-0.07300063967704773,-0.4278683066368103,-0.12913861870765686,0.9995217323303223,0.3469691574573517,-0.3224465847015381,-0.01290375366806984,0.9718477129936218,-0.1640184372663498,-0.24008643627166748,-0.1274063140153885,0.48589593172073364,0.3602195084095001,-0.48854684829711914,-0.12099376320838928,0.9964156150817871,-0.22352272272109985,-0.08202327787876129,-0.12790600955486298,0.48853299021720886,0.12368760257959366,5.199262159294449e-05,0.04562481865286827,0.01239234209060669,-0.12307769805192947,-0.030191762372851372,-0.04072347283363342,0.007111371960490942
225,1772099469.3417578,1,0,0.1465328484773636,-0.5736401677131653,-0.2285023033618927,0.9999953508377075,0.17975690960884094,-0.42994293570518494,0.009053661487996578,0.999938428401947,-0.07303189486265182,-0.4277569055557251,-0.12934242188930511,0.9995343685150146,0.3467389941215515,-0.32264024019241333,-0.013062850572168827,0.9710196852684021,-0.16472680866718292,-0.240269273519516,-0.1281435787677765,0.47927653789520264,0.35985854268074036,-0.4889202117919922,-0.12072686105966568,0.9963873624801636,-0.22371822595596313,-0.08241651952266693,-0.12919166684150696,0.4902518391609192,0.1236313208937645,9.864153071248438e-06,0.045641764998435974,0.012101173400878906,-0.12299885600805283,-0.030202338472008705,-0.04076646640896797,0.00697350362315774
226,1772099469.3910956,1,0,0.14648759365081787,-0.574718713760376,-0.2285209447145462,0.9999955892562866,0.17972177267074585,-0.42998671531677246,0.009137432090938091,0.9999387264251709,-0.07293792068958282,-0.42772141098976135,-0.1293555647134781,0.9995494484901428,0.34671691060066223,-0.3230849802494049,-0.013004464097321033,0.9706852436065674,-0.1653989553451538,-0.24028894305229187,-0.12861669063568115,0.477260947227478,0.35983097553253174,-0.48999035358428955,-0.11995572596788406,0.996347963809967,-0.22399021685123444,-0.08245137333869934,-0.13114996254444122,0.49276986718177795,0.12349967658519745,6.114182269811863e-06,0.04565652832388878,0.012007235549390316,-0.12283947318792343,-0.030209578573703766,-0.040798481553792953,0.006964919622987509
227,1772099469.4388063,1,0,0.14641614258289337,-0.5762518644332886,-0.22829850018024445,0.9999957084655762,0.1796821504831314,-0.43067777156829834,0.010394868440926075,0.9999374747276306,-0.07286454737186432,-0.4278923571109772,-0.12886150181293488,0.9995583891868591,0.34683936834335327,-0.32547304034233093,-0.01225316897034645,0.9704487323760986,-0.16617470979690552,-0.24058112502098083,-0.1296241581439972,0.47639623284339905,0.359825074672699,-0.4933805465698242,-0.11742715537548065,0.9962669014930725,-0.22403447329998016,-0.08251912146806717,-0.14019405841827393,0.4927613437175751,0.12268083542585373,0.00013201229739934206,0.04569794610142708,0.011884994804859161,-0.12197446078062057,-0.030252885073423386,-0.040896907448768616,0.006945917848497629
228,1772099469.4935455,1,0,0.1433044821023941,-0.5763705372810364,-0.2284879833459854,0.9999958872795105,0.1795371025800705,-0.43071895837783813,0.010389498434960842,0.9999376535415649,-0.07408078759908676,-0.42788517475128174,-0.12749697268009186,0.9995735287666321,0.3472037613391876,-0.3261738717556,-0.012716693803668022,0.9702218770980835,-0.16756750643253326,-0.24051161110401154,-0.12840363383293152,0.47500377893447876,0.3597889542579651,-0.49564775824546814,-0.11734873056411743,0.9962008595466614,-0.22458122670650482,-0.08238624781370163,-0.13947652280330658,0.49411001801490784,0.12266594916582108,7.759626168990508e-05,0.04563030228018761,0.0117407888174057,-0.12194913625717163,-0.030226027593016624,-0.04084976762533188,0.006918535567820072
229,1772099469.5479665,1,0,0.14260968565940857,-0.5763733386993408,-0.22854161262512207,0.9999959468841553,0.17923077940940857,-0.4307510256767273,0.010444059036672115,0.999937117099762,-0.07437829673290253,-0.4275936484336853,-0.12750817835330963,0.9995814561843872,0.3471377491950989,-0.32627061009407043,-0.01242784596979618,0.9698631763458252,-0.16771551966667175,-0.24024930596351624,-0.1285296529531479,0.4735047519207001,0.3593814969062805,-0.4957161843776703,-0.11651859432458878,0.9961915612220764,-0.22469870746135712,-0.0821218192577362,-0.13953283429145813,0.49563995003700256,0.12251852452754974,7.424876093864441e-05,0.045831091701984406,0.011585213243961334,-0.12177324295043945,-0.030228029936552048,-0.0410817489027977,0.006860441993921995
230,1772099469.5956893,1,0,0.14070133864879608,-0.5763082504272461,-0.2293349951505661,0.9999960064888,0.1789894849061966,-0.43093639612197876,0.010381022468209267,0.9999377131462097,-0.07531969994306564,-0.4274906516075134,-0.12679636478424072,0.9995898604393005,0.346712201833725,-0.32635337114334106,-0.013068203814327717,0.9695369005203247,-0.167729914188385,-0.2399207055568695,-0.12684771418571472,0.47148433327674866,0.3563287854194641,-0.49418169260025024,-0.11955159157514572,0.9962341785430908,-0.2247331589460373,-0.07880355417728424,-0.13723252713680267,0.4984206557273865,0.12236008793115616,1.842749406932853e-05,0.0457945242524147,0.01166774332523346,-0.12160032987594604,-0.030116941779851913,-0.04106646403670311,0.006944854278117418
231,1772099469.642163,1,0,0.14030872285366058,-0.5758188366889954,-0.22940467298030853,0.9999960660934448,0.17896203696727753,-0.43093350529670715,0.010222691111266613,0.9999390840530396,-0.07646264880895615,-0.4270375669002533,-0.12684299051761627,0.9995933771133423,0.3466114103794098,-0.3244915008544922,-0.015811247751116753,0.9692602157592773,-0.1685437709093094,-0.23886659741401672,-0.12738747894763947,0.4687255024909973,0.35366591811180115,-0.4889013171195984,-0.1267392635345459,0.9962124228477478,-0.22435931861400604,-0.07661733031272888,-0.14156433939933777,0.49520936608314514,0.12260892242193222,9.355534302812885e-07,0.04608284682035446,0.011468402110040188,-0.1217610090970993,-0.030147166922688484,-0.04127394035458565,0.006822490599006414
232,1772099469.694905,1,0,0.13797330856323242,-0.5757685899734497,-0.22937150299549103,0.9999961853027344,0.1787872463464737,-0.43105146288871765,0.010049764066934586,0.9999414086341858,-0.07778463512659073,-0.4263707399368286,-0.1263342797756195,0.999599277973175,0.3456655442714691,-0.32060500979423523,-0.017192168161273003,0.9686768054962158,-0.17029564082622528,-0.2361675500869751,-0.126627579331398,0.46376413106918335,0.35173746943473816,-0.4780466556549072,-0.13307364284992218,0.9962529540061951,-0.2239525467157364,-0.07256470620632172,-0.14131753146648407,0.4933478534221649,0.12300199270248413,-1.3923941878601909e-05,0.046173062175512314,0.011211433447897434,-0.12205618619918823,-0.030210793018341064,-0.04131302610039711,0.006657878868281841
233,1772099469.7417216,1,0,0.12713292241096497,-0.575631856918335,-0.22959469258785248,0.9999961853027344,0.17875762283802032,-0.4308035671710968,0.007480182684957981,0.9999428391456604,-0.0810282751917839,-0.4254433810710907,-0.12366499751806259,0.9995944499969482,0.3399962782859802,-0.30515438318252563,-0.02119862288236618,0.9665035009384155,-0.17371012270450592,-0.23215463757514954,-0.11135068535804749,0.4579758942127228,0.3484167456626892,-0.4528275430202484,-0.14850154519081116,0.9961610436439514,-0.2247072458267212,-0.06854455173015594,-0.11150891333818436,0.4895678162574768,0.12481287866830826,0.00024215804296545684,0.045396607369184494,0.010680004954338074,-0.12372364103794098,-0.031007185578346252,-0.04025910049676895,0.006343260407447815
234,1772099469.7940416,1,0,0.11984838545322418,-0.5745100378990173,-0.22973473370075226,0.9999963641166687,0.17873398959636688,-0.42808735370635986,0.003869556123390794,0.9999441504478455,-0.08762497454881668,-0.42387428879737854,-0.12354297190904617,0.9995886087417603,0.3338964283466339,-0.28177908062934875,-0.042223431169986725,0.9587571620941162,-0.18198740482330322,-0.22636596858501434,-0.11058966815471649,0.4467175304889679,0.3465338945388794,-0.430612176656723,-0.19894035160541534,0.9957635402679443,-0.22540847957134247,-0.06319093704223633,-0.11465152353048325,0.4815465211868286,0.13100266456604004,0.0005401423550210893,0.04542390629649162,0.009794196113944054,-0.12959355115890503,-0.03362436965107918,-0.040225040167570114,0.00581353809684515
235,1772099469.8417542,1,0,0.0875173881649971,-0.5763084888458252,-0.22979044914245605,0.9999964237213135,0.1777963787317276,-0.4332258999347687,-0.0061588650569319725,0.9999464750289917,-0.1196667030453682,-0.4253149628639221,-0.10766066610813141,0.9996013045310974,0.29345715045928955,-0.2684565782546997,-0.06480120122432709,0.9369513988494873,-0.21596793830394745,-0.21643845736980438,-0.11015813052654266,0.44578325748443604,0.3412328064441681,-0.3212704062461853,-0.2534509301185608,0.9898025393486023,-0.22919531166553497,-0.053259022533893585,-0.14892993867397308,0.4568890631198883,0.13828951120376587,0.0007041063508950174,0.04048822447657585,0.009061603806912899,-0.1369379311800003,-0.033624544739723206,-0.03479008376598358,0.005385430529713631
236,1772099469.8942494,1,0,0.07994909584522247,-0.5825735330581665,-0.2322968691587448,0.999995768070221,0.1730864942073822,-0.44501298666000366,-0.011931895278394222,0.999936580657959,-0.12510010600090027,-0.42952802777290344,-0.10893833637237549,0.9996128678321838,0.2610483169555664,-0.27242591977119446,-0.05827911198139191,0.8728624582290649,-0.22755864262580872,-0.21513864398002625,-0.12000057101249695,0.4469887614250183,0.3416171073913574,-0.2638397216796875,-0.22947201132774353,0.947005033493042,-0.23777395486831665,-0.04656245559453964,-0.1791882961988449,0.4324744641780853,0.14019137620925903,0.0007091477746143937,0.03746207803487778,0.008266664110124111,-0.1389724761247635,-0.033149562776088715,-0.03140910342335701,0.004936200566589832
237,1772099469.9416935,1,0,0.08176998049020767,-0.5880081653594971,-0.24188923835754395,0.9999940395355225,0.17042015492916107,-0.4552595317363739,-0.015170692466199398,0.9999247789382935,-0.12846705317497253,-0.4359477758407593,-0.1118302270770073,0.9996196627616882,0.258966326713562,-0.27602458000183105,-0.056499920785427094,0.8058387637138367,-0.23159833252429962,-0.21639497578144073,-0.13064824044704437,0.4468317925930023,0.3498390018939972,-0.20175297558307648,-0.21313385665416718,0.8765344619750977,-0.23953287303447723,-0.04403194040060043,-0.18931816518306732,0.40001964569091797,0.13992199301719666,0.001437487662769854,0.03284020721912384,0.007569089997559786,-0.13878417015075684,-0.033018048852682114,-0.026865383610129356,0.004537857137620449
238,1772099469.9820411,1,0,0.08349032700061798,-0.5914050340652466,-0.2433350682258606,0.9999924302101135,0.1679815649986267,-0.4575822055339813,-0.014194869436323643,0.9999096989631653,-0.12611788511276245,-0.4420836567878723,-0.11733617633581161,0.999637246131897,0.2492239773273468,-0.27435219287872314,-0.013734981417655945,0.7489809393882751,-0.22887936234474182,-0.22106370329856873,-0.14243589341640472,0.45933669805526733,0.35251665115356445,-0.1773616522550583,-0.13906428217887878,0.8075549006462097,-0.2383059859275818,-0.04582928493618965,-0.2098909616470337,0.3760298788547516,0.13953015208244324,0.0016347322380170226,0.03180934861302376,0.007108766585588455,-0.13837309181690216,-0.03171234577894211,-0.025931600481271744,0.004332173615694046
239,1772099470.0239606,1,0,0.08426878601312637,-0.595859706401825,-0.24868230521678925,0.9999879598617554,0.167024627327919,-0.45668506622314453,-0.016735242679715157,0.9998696446418762,-0.12382509559392929,-0.44320613145828247,-0.13818348944187164,0.9996538162231445,0.2450704276561737,-0.265647292137146,0.007100558374077082,0.6927530765533447,-0.2339811772108078,-0.22456055879592896,-0.15888284146785736,0.4726514518260956,0.34480226039886475,-0.09983434528112411,-0.07405243813991547,0.7302753329277039,-0.23901158571243286,-0.05142639949917793,-0.2281336635351181,0.3496670126914978,0.13848619163036346,0.0021751413587480783,0.030245201662182808,0.006834178231656551,-0.13746806979179382,-0.029916299507021904,-0.02453073114156723,0.004349891562014818
240,1772099470.0781255,1,0,0.08512654155492783,-0.5989212989807129,-0.2562907636165619,0.9999721646308899,0.16688409447669983,-0.4573652744293213,-0.02095031552016735,0.9998104572296143,-0.125207781791687,-0.443821519613266,-0.15106093883514404,0.9996592998504639,0.24491183459758759,-0.2602574825286865,0.005763285327702761,0.6474023461341858,-0.23990435898303986,-0.22480300068855286,-0.16731880605220795,0.48969054222106934,0.31906241178512573,-0.06837908178567886,-0.07748095691204071,0.660262942314148,-0.24000759422779083,-0.0534953847527504,-0.22873207926750183,0.32490670680999756,0.13633841276168823,0.004086762201040983,0.02848684787750244,0.006531926337629557,-0.13554996252059937,-0.029356276616454124,-0.02307826280593872,0.004328316077589989
241,1772099470.1264968,1,0,0.08663343638181686,-0.5981813073158264,-0.25970011949539185,0.9999553561210632,0.16693858802318573,-0.45693129301071167,-0.021026473492383957,0.9997443556785583,-0.12434539943933487,-0.44369322061538696,-0.1586485654115677,0.9996611475944519,0.24588239192962646,-0.25691452622413635,0.014644650742411613,0.60508793592453,-0.23920273780822754,-0.2248115837574005,-0.17386049032211304,0.5065822005271912,0.31007838249206543,-0.06321803480386734,-0.05921522155404091,0.5966833829879761,-0.24008198082447052,-0.05529046431183815,-0.2288426160812378,0.30380696058273315,0.135687455534935,0.005755679681897163,0.02864285185933113,0.006183216348290443,-0.13501687347888947,-0.029316764324903488,-0.023299722000956535,0.004204801749438047
242,1772099470.1754117,1,0,0.08731167763471603,-0.5978365540504456,-0.26578280329704285,0.9999476075172424,0.16705277562141418,-0.45636895298957825,-0.023655055090785027,0.999668538570404,-0.1233152225613594,-0.4433222711086273,-0.16273853182792664,0.9996663331985474,0.24023863673210144,-0.25657257437705994,0.03230079263448715,0.5632268190383911,-0.2386980950832367,-0.22525155544281006,-0.1716940701007843,0.5213768482208252,0.2973625659942627,-0.06563445925712585,-0.0008040869724936783,0.5390638113021851,-0.23987406492233276,-0.05746578052639961,-0.22277648746967316,0.28541499376296997,0.1350850611925125,0.006414936855435371,0.02864108793437481,0.005870917811989784,-0.13450028002262115,-0.029220977798104286,-0.02337799035012722,0.004087103996425867
243,1772099470.2281,1,0,0.08833140134811401,-0.5977120995521545,-0.26843908429145813,0.9999422430992126,0.16659767925739288,-0.45631909370422363,-0.025539793074131012,0.9996188282966614,-0.12279821932315826,-0.44312891364097595,-0.16723458468914032,0.9996766448020935,0.2340625524520874,-0.25816023349761963,0.038640327751636505,0.5263340473175049,-0.240101620554924,-0.22621828317642212,-0.17483465373516083,0.537983238697052,0.2910315990447998,-0.07260403782129288,0.009163569658994675,0.4875009059906006,-0.23975704610347748,-0.0596308559179306,-0.22568006813526154,0.2700762152671814,0.13405874371528625,0.006837196182459593,0.028630800545215607,0.005600729491561651,-0.13358961045742035,-0.029011936858296394,-0.02345411293208599,0.0039894054643809795
244,1772099470.2757812,1,0,0.09059496968984604,-0.5980114340782166,-0.27019670605659485,0.999936580657959,0.16497649252414703,-0.45626628398895264,-0.02532012201845646,0.9995654225349426,-0.12288198620080948,-0.44262757897377014,-0.1734018623828888,0.9996814131736755,0.22880709171295166,-0.25867927074432373,0.03842503949999809,0.49237921833992004,-0.24118298292160034,-0.22629216313362122,-0.18489180505275726,0.5566139817237854,0.28627756237983704,-0.0727570652961731,-0.00014097669918555766,0.44115036725997925,-0.2396811842918396,-0.05969490110874176,-0.23757928609848022,0.25931626558303833,0.1331510990858078,0.007085692603141069,0.0287458635866642,0.005300317890942097,-0.1327926516532898,-0.02880261279642582,-0.0235553327947855,0.0038437936455011368
245,1772099470.3278372,1,0,0.09277541190385818,-0.5985493659973145,-0.27030807733535767,0.9999330639839172,0.16540458798408508,-0.45604121685028076,-0.024877669289708138,0.9995232820510864,-0.12251470237970352,-0.44235876202583313,-0.17211228609085083,0.9996857643127441,0.2266809046268463,-0.25616881251335144,0.038160208612680435,0.4591769278049469,-0.2415020763874054,-0.226365327835083,-0.18347486853599548,0.570553719997406,0.2828463613986969,-0.06631586700677872,-0.00034801915171556175,0.399222195148468,-0.2403973937034607,-0.05967444181442261,-0.23609475791454315,0.24696572124958038,0.132822647690773,0.007899154908955097,0.02886122465133667,0.005051228683441877,-0.132472425699234,-0.028934534639120102,-0.023776233196258545,0.003731770673766732
246,1772099470.3787355,1,0,0.09987635165452957,-0.5984562635421753,-0.26997366547584534,0.999930739402771,0.16720050573349,-0.45560115575790405,-0.02460082620382309,0.9994825124740601,-0.12145844846963882,-0.4421359896659851,-0.1709921658039093,0.9996913075447083,0.22463373839855194,-0.25351089239120483,0.038879118859767914,0.4300617277622223,-0.24098584055900574,-0.227096825838089,-0.18215498328208923,0.5856254696846008,0.27724072337150574,-0.06276192516088486,0.008674309588968754,0.3616749942302704,-0.24039526283740997,-0.06001630052924156,-0.23440329730510712,0.23862281441688538,0.13261063396930695,0.008363086730241776,0.02892693504691124,0.004875870421528816,-0.13225528597831726,-0.029013678431510925,-0.023859567940235138,0.0036860466934740543
247,1772099470.4218686,1,0,0.10559003800153732,-0.5983415246009827,-0.26931992173194885,0.9999281764030457,0.1682581603527069,-0.4554804265499115,-0.02407608926296234,0.9994510412216187,-0.12029971927404404,-0.4419707953929901,-0.17105253040790558,0.9996964931488037,0.22213852405548096,-0.251234769821167,0.03940841928124428,0.4024563133716583,-0.24052107334136963,-0.22714155912399292,-0.18418385088443756,0.5994952321052551,0.2714417576789856,-0.05960024893283844,0.00642570573836565,0.3279290795326233,-0.2405514419078827,-0.060008611530065536,-0.23638136684894562,0.2306547313928604,0.132049560546875,0.008741718716919422,0.02913285233080387,0.004758420400321484,-0.13168089091777802,-0.029054641723632812,-0.02416977472603321,0.0036873165518045425
248,1772099470.4740767,1,0,0.11067163199186325,-0.598224401473999,-0.26923859119415283,0.9999231696128845,0.1679561883211136,-0.4554462134838104,-0.02385498583316803,0.9994217157363892,-0.12021686136722565,-0.4418371617794037,-0.1745024472475052,0.9996970891952515,0.2234896719455719,-0.25172722339630127,0.042859598994255066,0.3812353312969208,-0.24024778604507446,-0.22791190445423126,-0.18892255425453186,0.6126088500022888,0.27428191900253296,-0.06508155912160873,0.009197691455483437,0.29813826084136963,-0.2405729591846466,-0.060866013169288635,-0.23888055980205536,0.22382999956607819,0.1315453201532364,0.008779027499258518,0.029440855607390404,0.004580420907586813,-0.13118383288383484,-0.029012516140937805,-0.02456718496978283,0.0035970681346952915
249,1772099470.5255635,1,0,0.11328909546136856,-0.598175048828125,-0.26923272013664246,0.9999198317527771,0.16790539026260376,-0.455634206533432,-0.023722166195511818,0.9993999004364014,-0.1193864494562149,-0.44196248054504395,-0.1743948608636856,0.9996986985206604,0.22414319217205048,-0.25202155113220215,0.047161079943180084,0.36110979318618774,-0.24011892080307007,-0.22885608673095703,-0.18845422565937042,0.6202573776245117,0.27544376254081726,-0.0679839551448822,0.01611238345503807,0.27098482847213745,-0.23982717096805573,-0.062458012253046036,-0.2378106415271759,0.21520492434501648,0.13106036186218262,0.008880709297955036,0.029505355283617973,0.004417736083269119,-0.13068951666355133,-0.0290228221565485,-0.024627408012747765,0.0035079142544418573
250,1772099470.5736902,1,0,0.11557291448116302,-0.5980944633483887,-0.269069105386734,0.9999153017997742,0.16876734793186188,-0.45557644963264465,-0.022672023624181747,0.9993680119514465,-0.11846035718917847,-0.4423905909061432,-0.1735883206129074,0.9996961355209351,0.225022092461586,-0.2523997128009796,0.04888945445418358,0.34071648120880127,-0.23915494978427887,-0.22952739894390106,-0.18733040988445282,0.6242414116859436,0.2756098806858063,-0.06459251791238785,0.016958368942141533,0.24622583389282227,-0.2389923334121704,-0.06340482085943222,-0.23663565516471863,0.2053663730621338,0.13084186613559723,0.009233553893864155,0.029712220653891563,0.0042888810858130455,-0.13043725490570068,-0.0292774997651577,-0.02485056221485138,0.0034429135266691446
251,1772099470.628039,1,0,0.1173722967505455,-0.5980327129364014,-0.2688751518726349,0.9999136328697205,0.1703370213508606,-0.45552897453308105,-0.022071607410907745,0.9993432760238647,-0.11694511771202087,-0.44260749220848083,-0.17300835251808167,0.9996992945671082,0.22550341486930847,-0.25265899300575256,0.0483504980802536,0.32198935747146606,-0.2383110225200653,-0.22978955507278442,-0.1865234076976776,0.629949688911438,0.27362319827079773,-0.06237786263227463,0.014720789156854153,0.2240423709154129,-0.23587088286876678,-0.06350080668926239,-0.23575514554977417,0.1968504786491394,0.13048885762691498,0.009597888216376305,0.02976340986788273,0.004207293502986431,-0.13005447387695312,-0.02946321666240692,-0.024902954697608948,0.0034266801085323095
252,1772099470.675075,1,0,0.11897683143615723,-0.597981870174408,-0.26877856254577637,0.9999113082885742,0.17093834280967712,-0.45492902398109436,-0.021478448063135147,0.9993115663528442,-0.11546172201633453,-0.442912757396698,-0.17255504429340363,0.9997033476829529,0.22491270303726196,-0.25168198347091675,0.04872681945562363,0.3049173951148987,-0.23780107498168945,-0.2307313233613968,-0.185943603515625,0.6366086602210999,0.2707556486129761,-0.060019947588443756,0.015731042250990868,0.20392334461212158,-0.23503921926021576,-0.06391352415084839,-0.23555980622768402,0.19152221083641052,0.13005533814430237,0.009800906293094158,0.029816951602697372,0.004149529617279768,-0.12960955500602722,-0.02953501045703888,-0.024964025244116783,0.0034507589880377054
253,1772099470.7254949,1,0,0.12065496295690536,-0.597748339176178,-0.267000287771225,0.9999116659164429,0.17329303920269012,-0.45464420318603516,-0.019931815564632416,0.999302327632904,-0.11383862048387527,-0.44308385252952576,-0.17093244194984436,0.9997091889381409,0.22529269754886627,-0.25021442770957947,0.0488806813955307,0.28942224383354187,-0.23718851804733276,-0.23075254261493683,-0.18514423072338104,0.6380115747451782,0.2708933651447296,-0.057504743337631226,0.01611895114183426,0.18570511043071747,-0.2347247302532196,-0.06393657624721527,-0.233891099691391,0.18297742307186127,0.1300027221441269,0.010406777262687683,0.029866088181734085,0.004081544000655413,-0.1295359879732132,-0.030134201049804688,-0.02501618303358555,0.00344384484924376
254,1772099470.7750037,1,0,0.1216435432434082,-0.5976277589797974,-0.2667402923107147,0.9999088048934937,0.17598433792591095,-0.45380255579948425,-0.01881534233689308,0.9992767572402954,-0.11251870542764664,-0.44351765513420105,-0.1692245453596115,0.9997084736824036,0.22559861838817596,-0.24790281057357788,0.04840904846787453,0.2757490873336792,-0.23658135533332825,-0.23078325390815735,-0.18242034316062927,0.6409754753112793,0.2705449163913727,-0.05431349575519562,0.014551805332303047,0.1693352311849594,-0.23470842838287354,-0.06381496042013168,-0.23159310221672058,0.17683300375938416,0.12977367639541626,0.011072891764342785,0.0299866683781147,0.004008155781775713,-0.12928102910518646,-0.030639633536338806,-0.025180203840136528,0.003430744167417288
255,1772099470.8250022,1,0,0.12150689214468002,-0.5976031422615051,-0.26701685786247253,0.9999058246612549,0.1765809953212738,-0.453743577003479,-0.01869409717619419,0.999253511428833,-0.11219866573810577,-0.4437922239303589,-0.16912192106246948,0.999713122844696,0.2257813960313797,-0.24818973243236542,0.050368379801511765,0.26525306701660156,-0.23604857921600342,-0.23108021914958954,-0.18114349246025085,0.6496669054031372,0.2695806920528412,-0.05628996714949608,0.017895810306072235,0.15450602769851685,-0.23357482254505157,-0.06401858478784561,-0.22864273190498352,0.17253340780735016,0.12927639484405518,0.01126778218895197,0.030023109167814255,0.0040827468037605286,-0.12878666818141937,-0.030643990263342857,-0.025246357545256615,0.0035737482830882072
256,1772099470.8755,1,0,0.12142680585384369,-0.597536563873291,-0.2673381268978119,0.9999046325683594,0.1767398715019226,-0.45347481966018677,-0.018747420981526375,0.9992346167564392,-0.11207758635282516,-0.4438181519508362,-0.16895581781864166,0.9997183084487915,0.22598682343959808,-0.24843280017375946,0.05013730376958847,0.25538572669029236,-0.2358197122812271,-0.23127292096614838,-0.18072420358657837,0.6565034985542297,0.2691779136657715,-0.05687471851706505,0.01911986619234085,0.14125138521194458,-0.23125748336315155,-0.06403177231550217,-0.22772939503192902,0.16911131143569946,0.12898528575897217,0.011291888542473316,0.02999779023230076,0.004108653403818607,-0.12849640846252441,-0.03060734272003174,-0.025265930220484734,0.003660718910396099
257,1772099470.928126,1,0,0.12175840139389038,-0.5974782109260559,-0.267306923866272,0.9999029040336609,0.1767107993364334,-0.45343485474586487,-0.018713228404521942,0.9992207288742065,-0.11169658601284027,-0.4438111484050751,-0.16895617544651031,0.9997205138206482,0.22610974311828613,-0.24878521263599396,0.051570214331150055,0.24817176163196564,-0.23570765554904938,-0.23198023438453674,-0.18059489130973816,0.66121906042099,0.269427627325058,-0.05814473703503609,0.023721380159258842,0.12948033213615417,-0.23117655515670776,-0.06446442753076553,-0.2275949865579605,0.16534142196178436,0.12872038781642914,0.011304962448775768,0.030033307150006294,0.004089290741831064,-0.12824022769927979,-0.030548522248864174,-0.025308001786470413,0.003678947687149048
258,1772099470.9862983,1,0,0.12167077511548996,-0.5974927544593811,-0.2674266993999481,0.9999018907546997,0.17663653194904327,-0.45339304208755493,-0.018620533868670464,0.9992061257362366,-0.11102617532014847,-0.4439513087272644,-0.16887183487415314,0.9997257590293884,0.22552724182605743,-0.24938735365867615,0.05373860150575638,0.24186883866786957,-0.23460078239440918,-0.23296378552913666,-0.18014273047447205,0.6666397452354431,0.2695949077606201,-0.059030964970588684,0.02412538044154644,0.11917582899332047,-0.23013991117477417,-0.06521483510732651,-0.22697678208351135,0.16441398859024048,0.12814423441886902,0.01130467839539051,0.030097758397459984,0.004142011981457472,-0.1276935487985611,-0.03041805699467659,-0.02543121948838234,0.003784197149798274
259,1772099471.0252078,1,0,0.121644988656044,-0.5974667072296143,-0.26782020926475525,0.9999034404754639,0.1766074150800705,-0.45333707332611084,-0.018648914992809296,0.9992004632949829,-0.11062805354595184,-0.44398289918899536,-0.1688181459903717,0.9997326135635376,0.2252998948097229,-0.2497500628232956,0.055511292070150375,0.23494823276996613,-0.23436063528060913,-0.23391492664813995,-0.17985816299915314,0.6706705689430237,0.2692071497440338,-0.059662193059921265,0.030143115669488907,0.10972022265195847,-0.2298201620578766,-0.06592686474323273,-0.22680841386318207,0.1627732515335083,0.12796922028064728,0.011311754584312439,0.03012932278215885,0.004140937235206366,-0.12752273678779602,-0.03038843534886837,-0.025471150875091553,0.0038243017625063658
260,1772099471.0751302,1,0,0.12213432788848877,-0.5974124073982239,-0.2677616477012634,0.9999036192893982,0.17739062011241913,-0.45333242416381836,-0.018374934792518616,0.9991952180862427,-0.11012645810842514,-0.444180428981781,-0.16838562488555908,0.999735414981842,0.22535447776317596,-0.24992907047271729,0.05713078752160072,0.22678664326667786,-0.23362615704536438,-0.233974426984787,-0.1795574277639389,0.6707648634910583,0.26933082938194275,-0.06020114943385124,0.03511600196361542,0.10077068954706192,-0.22982437908649445,-0.06621361523866653,-0.22613190114498138,0.15793153643608093,0.12791921198368073,0.011458000168204308,0.03015735186636448,0.004113336559385061,-0.12746478617191315,-0.030575677752494812,-0.02550976537168026,0.0038170909974724054
261,1772099471.1250677,1,0,0.12211856991052628,-0.596480131149292,-0.2679019272327423,0.9999046921730042,0.17754654586315155,-0.4532690644264221,-0.01834588497877121,0.9991952180862427,-0.11001357436180115,-0.4441925287246704,-0.16833820939064026,0.9997418522834778,0.22542250156402588,-0.2500625550746918,0.05753246322274208,0.2212914526462555,-0.23324233293533325,-0.2339748591184616,-0.1792866438627243,0.6760381460189819,0.26923394203186035,-0.06052860617637634,0.034258656203746796,0.09322096407413483,-0.229167178273201,-0.06620872765779495,-0.22544284164905548,0.15618771314620972,0.12787990272045135,0.011482357047498226,0.030361389741301537,0.004181118682026863,-0.12741653621196747,-0.03057308867573738,-0.02571452036499977,0.0039223358035087585
262,1772099471.1753914,1,0,0.12183832377195358,-0.5964645147323608,-0.2684010863304138,0.9999054670333862,0.177104651927948,-0.4532431364059448,-0.01836322993040085,0.9991885423660278,-0.10991796851158142,-0.4441991448402405,-0.16829241812229156,0.9997451901435852,0.2244720757007599,-0.25056222081184387,0.05849473923444748,0.21691709756851196,-0.23315829038619995,-0.23446014523506165,-0.17896263301372528,0.6794633269309998,0.26902180910110474,-0.060681991279125214,0.03518041968345642,0.08652496337890625,-0.22908593714237213,-0.06651133298873901,-0.2253662645816803,0.15616415441036224,0.12764020264148712,0.011457768268883228,0.030388159677386284,0.004184504970908165,-0.12719152867794037,-0.03046059049665928,-0.02574918419122696,0.003948570694774389
263,1772099471.2298727,1,0,0.12169664353132248,-0.5964595675468445,-0.2692610025405884,0.9999071359634399,0.17712774872779846,-0.4535192847251892,-0.018478775396943092,0.9991906881332397,-0.10984708368778229,-0.44452208280563354,-0.16768085956573486,0.9997493028640747,0.22452588379383087,-0.2514747679233551,0.05857820436358452,0.21140146255493164,-0.233086958527565,-0.23488640785217285,-0.17765288054943085,0.6800631880760193,0.26906147599220276,-0.06125310808420181,0.036509301513433456,0.08012482523918152,-0.22978909313678741,-0.0671263113617897,-0.22476975619792938,0.1530735194683075,0.12759700417518616,0.011493002064526081,0.030254371464252472,0.0041238716803491116,-0.12714500725269318,-0.030498052015900612,-0.025619177147746086,0.0038972394540905952
264,1772099471.2790587,1,0,0.12166231125593185,-0.5962487459182739,-0.26952114701271057,0.9999074339866638,0.17786985635757446,-0.45350027084350586,-0.018503934144973755,0.9991849064826965,-0.10976118594408035,-0.4447247385978699,-0.16746391355991364,0.9997525811195374,0.2245711088180542,-0.25151750445365906,0.05826118215918541,0.20534740388393402,-0.2328263223171234,-0.234876811504364,-0.17733359336853027,0.6835147738456726,0.2686361074447632,-0.06117140129208565,0.0343884639441967,0.07429700344800949,-0.22903048992156982,-0.067034512758255,-0.2247028946876526,0.1509740799665451,0.12755967676639557,0.011524067260324955,0.030287088826298714,0.004161732736974955,-0.12710122764110565,-0.0305026788264513,-0.02564769797027111,0.003953828476369381
265,1772099471.32498,1,0,0.12149849534034729,-0.5960980653762817,-0.270090252161026,0.9999040961265564,0.17799562215805054,-0.45346835255622864,-0.018768852576613426,0.9991626739501953,-0.10957206040620804,-0.44475269317626953,-0.16732732951641083,0.9997524619102478,0.2246168553829193,-0.2516099512577057,0.058132562786340714,0.2022736370563507,-0.2327071875333786,-0.2351890653371811,-0.17588502168655396,0.6869770288467407,0.2686696946620941,-0.061284199357032776,0.03347998484969139,0.06922009587287903,-0.22899176180362701,-0.06768104434013367,-0.2238563895225525,0.1508912742137909,0.12737330794334412,0.01153122540563345,0.030283257365226746,0.004183080047369003,-0.12692174315452576,-0.030419250950217247,-0.02566281519830227,0.003998727072030306
266,1772099471.3754165,1,0,0.12073775380849838,-0.5947371125221252,-0.2702755630016327,0.9999027252197266,0.17789049446582794,-0.4534505009651184,-0.01839408464729786,0.9991515278816223,-0.1095716804265976,-0.44478872418403625,-0.16728678345680237,0.9997543096542358,0.22462518513202667,-0.25168007612228394,0.058596640825271606,0.19895832240581512,-0.23250143229961395,-0.23488283157348633,-0.1759001910686493,0.6925272941589355,0.2686978280544281,-0.0613742433488369,0.03325328603386879,0.06483500450849533,-0.2288714051246643,-0.06764836609363556,-0.22421517968177795,0.1519586443901062,0.12729398906230927,0.011538182385265827,0.030838293954730034,0.004247588571161032,-0.12683124840259552,-0.030381496995687485,-0.026247384026646614,0.004087209235876799
267,1772099471.4280553,1,0,0.12058421224355698,-0.5942411422729492,-0.27064552903175354,0.9999006986618042,0.17800813913345337,-0.4534966051578522,-0.01844850555062294,0.9991503357887268,-0.10962718725204468,-0.4450525939464569,-0.1670503467321396,0.9997572898864746,0.2247665673494339,-0.25204455852508545,0.05852910503745079,0.19699333608150482,-0.23248489201068878,-0.23497427999973297,-0.17553408443927765,0.6977795362472534,0.26883891224861145,-0.06148727238178253,0.0329454280436039,0.06076361984014511,-0.2289465218782425,-0.06767228990793228,-0.2240477353334427,0.15129101276397705,0.1272604912519455,0.011545216664671898,0.03083939105272293,0.00432560732588172,-0.12679462134838104,-0.030314335599541664,-0.026256315410137177,0.004182680044323206
268,1772099471.4750016,1,0,0.1204485222697258,-0.5942546129226685,-0.2710456848144531,0.9998985528945923,0.17781594395637512,-0.45358091592788696,-0.018609443679451942,0.999140202999115,-0.10961233824491501,-0.44517773389816284,-0.16712228953838348,0.9997599720954895,0.2244742512702942,-0.2527426481246948,0.058435749262571335,0.19551396369934082,-0.23243829607963562,-0.23521028459072113,-0.17558975517749786,0.7037729620933533,0.2684246301651001,-0.062082599848508835,0.03199461102485657,0.05710681155323982,-0.22887490689754486,-0.06805956363677979,-0.22427034378051758,0.1532009094953537,0.12707972526550293,0.011459059081971645,0.030833536759018898,0.004418354947119951,-0.126625195145607,-0.02997608296573162,-0.026266714558005333,0.004312568809837103
269,1772099471.5287242,1,0,0.12037704139947891,-0.5940536260604858,-0.27108994126319885,0.9998964071273804,0.17791931331157684,-0.4538392126560211,-0.01822844333946705,0.9991358518600464,-0.10966604948043823,-0.4454144239425659,-0.16709432005882263,0.9997622966766357,0.2246936857700348,-0.25297895073890686,0.05837491899728775,0.19290076196193695,-0.2323983907699585,-0.23514436185359955,-0.1761266440153122,0.7096126675605774,0.26877227425575256,-0.06222585216164589,0.029269179329276085,0.05379195138812065,-0.22886152565479279,-0.06760240346193314,-0.22541749477386475,0.15304704010486603,0.1269892007112503,0.011469461023807526,0.031004715710878372,0.004532988648861647,-0.12652766704559326,-0.029919687658548355,-0.026461495086550713,0.004446736071258783
270,1772099471.5751019,1,0,0.1203307956457138,-0.5938302874565125,-0.2711625099182129,0.9998937249183655,0.17805276811122894,-0.4537630081176758,-0.018444640561938286,0.9991270899772644,-0.10965719819068909,-0.44551730155944824,-0.16687560081481934,0.9997625946998596,0.22493043541908264,-0.2529577314853668,0.05732749402523041,0.19065676629543304,-0.2323765754699707,-0.23515699803829193,-0.17526252567768097,0.7114110589027405,0.2687889039516449,-0.06224672496318817,0.027281910181045532,0.050601303577423096,-0.2293473184108734,-0.0677066519856453,-0.22439540922641754,0.1522073894739151,0.12695617973804474,0.011469020508229733,0.03096083365380764,0.004545077681541443,-0.12648984789848328,-0.02988799288868904,-0.02641899138689041,0.0044770934619009495
271,1772099471.6320276,1,0,0.12029967457056046,-0.5938882231712341,-0.27135515213012695,0.999890923500061,0.17813564836978912,-0.45372483134269714,-0.018616192042827606,0.9991124272346497,-0.109303317964077,-0.4455341100692749,-0.1668497771024704,0.9997618198394775,0.22563791275024414,-0.25299131870269775,0.057125020772218704,0.18938465416431427,-0.23191827535629272,-0.2351861298084259,-0.17484024167060852,0.7114566564559937,0.26990821957588196,-0.062318794429302216,0.02695157192647457,0.04780806973576546,-0.22934314608573914,-0.06809292733669281,-0.22375138103961945,0.1515708565711975,0.12690572440624237,0.011474775150418282,0.030954185873270035,0.004526137840002775,-0.12643955647945404,-0.029878059402108192,-0.02641870640218258,0.004467794205993414
272,1772099471.6780891,1,0,0.12016043066978455,-0.5936748385429382,-0.27172818779945374,0.9998877644538879,0.17821890115737915,-0.453715980052948,-0.01883392222225666,0.9990992546081543,-0.10924332588911057,-0.44554394483566284,-0.16677318513393402,0.9997612833976746,0.22604070603847504,-0.25311577320098877,0.057076774537563324,0.18803104758262634,-0.2316947728395462,-0.23519259691238403,-0.1745007187128067,0.7127646207809448,0.27070850133895874,-0.062417786568403244,0.026838578283786774,0.04539542645215988,-0.22935356199741364,-0.06837969273328781,-0.22370228171348572,0.15113873779773712,0.12683434784412384,0.011468756012618542,0.030965479090809822,0.004568653181195259,-0.1263619363307953,-0.029827959835529327,-0.02643410675227642,0.004515338689088821
273,1772099471.7290826,1,0,0.12013823539018631,-0.5938700437545776,-0.2718230187892914,0.9998837113380432,0.17836731672286987,-0.45368722081184387,-0.019174950197339058,0.9990940690040588,-0.1090363934636116,-0.4456239938735962,-0.1662735491991043,0.9997588992118835,0.22647058963775635,-0.25314611196517944,0.05573197081685066,0.1882093846797943,-0.23162342607975006,-0.23522479832172394,-0.17341530323028564,0.7113997936248779,0.2713538110256195,-0.06248585134744644,0.024168260395526886,0.04319096729159355,-0.23078864812850952,-0.06938920170068741,-0.2227916717529297,0.14991715550422668,0.12677495181560516,0.011490491218864918,0.03067397139966488,0.004562304355204105,-0.12630321085453033,-0.029819287359714508,-0.026174582540988922,0.004497284535318613
274,1772099471.7788167,1,0,0.1205812394618988,-0.5936006307601929,-0.27180126309394836,0.9998810887336731,0.17865301668643951,-0.45329681038856506,-0.01897059753537178,0.9990825653076172,-0.10889112204313278,-0.4456288814544678,-0.16627928614616394,0.9997570514678955,0.22674116492271423,-0.2528591454029083,0.0557088777422905,0.18790780007839203,-0.2313951551914215,-0.23521803319454193,-0.17340412735939026,0.7133674025535583,0.27118217945098877,-0.0616142675280571,0.023773133754730225,0.041364461183547974,-0.22937078773975372,-0.0693485364317894,-0.2227402776479721,0.15056289732456207,0.12649670243263245,0.011662398464977741,0.030690651386976242,0.0045367456041276455,-0.12604060769081116,-0.029866766184568405,-0.02623347006738186,0.004479772411286831
275,1772099471.8261979,1,0,0.12068336457014084,-0.5935230255126953,-0.2719824016094208,0.9998803734779358,0.17875324189662933,-0.4532874822616577,-0.018983537331223488,0.9990770816802979,-0.10887476056814194,-0.4456363916397095,-0.16639666259288788,0.9997565150260925,0.22676530480384827,-0.2530388832092285,0.056698136031627655,0.18694919347763062,-0.23125173151493073,-0.23523233830928802,-0.17346259951591492,0.7150433659553528,0.27143585681915283,-0.061824504286050797,0.026040125638246536,0.03962744027376175,-0.22945599257946014,-0.06937229633331299,-0.2227257341146469,0.15017583966255188,0.12646469473838806,0.01167190633714199,0.030773954465985298,0.004550617188215256,-0.1260056048631668,-0.0298629067838192,-0.026323845610022545,0.004487169440835714
276,1772099471.878055,1,0,0.12066860496997833,-0.5934556126594543,-0.27205878496170044,0.9998798370361328,0.17883385717868805,-0.45299822092056274,-0.019005775451660156,0.9990712404251099,-0.10878035426139832,-0.4457333981990814,-0.16634735465049744,0.9997565746307373,0.22678899765014648,-0.25277748703956604,0.05664917454123497,0.18520943820476532,-0.23110833764076233,-0.23523154854774475,-0.17317576706409454,0.7141851186752319,0.27150192856788635,-0.06176067888736725,0.02535536326467991,0.037942901253700256,-0.22922591865062714,-0.06943119317293167,-0.22260445356369019,0.15002921223640442,0.12643632292747498,0.01168797630816698,0.03081911988556385,0.004530316684395075,-0.12597469985485077,-0.029884114861488342,-0.02638106606900692,0.004466884303838015
277,1772099471.929775,1,0,0.12063602358102798,-0.5934596061706543,-0.2719658315181732,0.9998782277107239,0.17884577810764313,-0.4527832269668579,-0.018930401653051376,0.9990614056587219,-0.10859917849302292,-0.4457315504550934,-0.166182279586792,0.9997537136077881,0.22677093744277954,-0.25245633721351624,0.05663755163550377,0.18328452110290527,-0.23107582330703735,-0.2351611852645874,-0.17273056507110596,0.7116589546203613,0.2715480625629425,-0.06167617812752724,0.0253102108836174,0.03632712736725807,-0.2294691950082779,-0.06943421810865402,-0.222077414393425,0.1494157612323761,0.12641319632530212,0.011694897897541523,0.03085198625922203,0.00450001610442996,-0.12594950199127197,-0.029894666746258736,-0.026428310200572014,0.00443726172670722
278,1772099471.9781928,1,0,0.12038503587245941,-0.5935705900192261,-0.271964967250824,0.9998756051063538,0.17883817851543427,-0.4527480900287628,-0.01874505542218685,0.9990447163581848,-0.10816747695207596,-0.4457573890686035,-0.1659182906150818,0.9997520446777344,0.22659936547279358,-0.2524113655090332,0.05719514563679695,0.18184037506580353,-0.23025643825531006,-0.23507389426231384,-0.17239810526371002,0.7104102969169617,0.2715397775173187,-0.06184454634785652,0.025536086410284042,0.03485588729381561,-0.22896987199783325,-0.06963850557804108,-0.22200241684913635,0.14911946654319763,0.12633171677589417,0.011700905859470367,0.03093845210969448,0.004527281504124403,-0.12585946917533875,-0.02989267185330391,-0.026518898084759712,0.004467526916414499
279,1772099472.0291214,1,0,0.12037894874811172,-0.5937030911445618,-0.2717941403388977,0.9998713731765747,0.17909933626651764,-0.45244497060775757,-0.018731141462922096,0.9990267157554626,-0.10769747197628021,-0.4457837641239166,-0.16563284397125244,0.9997497797012329,0.22681041061878204,-0.2521126866340637,0.05712830275297165,0.1818413883447647,-0.23019596934318542,-0.23513731360435486,-0.17116571962833405,0.7090518474578857,0.271553635597229,-0.061705175787210464,0.024550754576921463,0.03353669494390488,-0.22907009720802307,-0.07029691338539124,-0.22051799297332764,0.14943143725395203,0.12629768252372742,0.011733385734260082,0.030918831005692482,0.004479843657463789,-0.12582916021347046,-0.02990790829062462,-0.02651486173272133,0.004433502908796072
280,1772099472.0753813,1,0,0.12032543122768402,-0.5937492847442627,-0.2712084650993347,0.9998677372932434,0.1791079044342041,-0.4522160291671753,-0.01819268800318241,0.9990098476409912,-0.10756754875183105,-0.4458150267601013,-0.16518492996692657,0.9997456669807434,0.22682975232601166,-0.25152918696403503,0.05678213760256767,0.18208108842372894,-0.23007045686244965,-0.23505404591560364,-0.17083781957626343,0.7072717547416687,0.27156099677085876,-0.06138356402516365,0.020621975883841515,0.032537538558244705,-0.22909489274024963,-0.07030273973941803,-0.22040949761867523,0.1500614732503891,0.12616461515426636,0.011772087775170803,0.030971555039286613,0.004440324380993843,-0.12569671869277954,-0.029935624450445175,-0.02660125307738781,0.004399408120661974
281,1772099472.129043,1,0,0.12032028287649155,-0.5938172936439514,-0.2709040343761444,0.9998654127120972,0.17911800742149353,-0.45199212431907654,-0.017954912036657333,0.9989941716194153,-0.10733586549758911,-0.44583699107170105,-0.1650061309337616,0.9997425079345703,0.22674953937530518,-0.25149989128112793,0.05714564397931099,0.18198275566101074,-0.2298945039510727,-0.23517924547195435,-0.17046518623828888,0.7069384455680847,0.27157533168792725,-0.061566825956106186,0.020698128268122673,0.03168502822518349,-0.22927039861679077,-0.07041746377944946,-0.2202148139476776,0.15161392092704773,0.1260838359594345,0.01178818941116333,0.031057419255375862,0.004420178942382336,-0.12561975419521332,-0.029947377741336823,-0.026726696640253067,0.004385021515190601
282,1772099472.1732733,1,0,0.12030884623527527,-0.5943230390548706,-0.270504355430603,0.9998616576194763,0.17906151711940765,-0.4518984258174896,-0.017822548747062683,0.9989715218544006,-0.10706513375043869,-0.4460020363330841,-0.16483786702156067,0.9997385740280151,0.22638346254825592,-0.2513505220413208,0.05677374452352524,0.18120767176151276,-0.2297767996788025,-0.2355802059173584,-0.17007721960544586,0.7045317888259888,0.27141913771629333,-0.06153265759348869,0.018091075122356415,0.030669456347823143,-0.22920559346675873,-0.07076846808195114,-0.22001837193965912,0.1520082801580429,0.12594690918922424,0.011780615895986557,0.031056992709636688,0.004395111929625273,-0.12549372017383575,-0.02991298772394657,-0.026739204302430153,0.0043746670708060265
283,1772099472.2280288,1,0,0.1202600747346878,-0.5943329334259033,-0.2705010175704956,0.9998578429222107,0.17934544384479523,-0.45187634229660034,-0.01780276745557785,0.9989569187164307,-0.10706380009651184,-0.4461468756198883,-0.1645418405532837,0.9997345805168152,0.22651579976081848,-0.2513085603713989,0.056627463549375534,0.17978836596012115,-0.2300463169813156,-0.23559002578258514,-0.17003442347049713,0.7039318680763245,0.27155590057373047,-0.06150837615132332,0.017485687509179115,0.029880601912736893,-0.22966434061527252,-0.07085501402616501,-0.22011151909828186,0.1515945941209793,0.12592118978500366,0.011859145946800709,0.031061334535479546,0.0043400912545621395,-0.1254657506942749,-0.02999141253530979,-0.026750437915325165,0.0043108174577355385
284,1772099472.2749507,1,0,0.12022949010133743,-0.5943443775177002,-0.2704997956752777,0.999856173992157,0.1793048083782196,-0.45187923312187195,-0.017662936821579933,0.9989491701126099,-0.10704335570335388,-0.4461607336997986,-0.16467233002185822,0.9997333884239197,0.22649222612380981,-0.2514258325099945,0.05745295435190201,0.17971639335155487,-0.23002557456493378,-0.23558968305587769,-0.17064525187015533,0.7063453793525696,0.271562397480011,-0.06169212609529495,0.01874633878469467,0.02926216833293438,-0.22935333847999573,-0.07097651809453964,-0.22057092189788818,0.15207210183143616,0.125896155834198,0.011878786608576775,0.03114267624914646,0.004345586057752371,-0.12543931603431702,-0.029992543160915375,-0.026830434799194336,0.004314434248954058
285,1772099472.3254075,1,0,0.12019538134336472,-0.5945141911506653,-0.2701839804649353,0.9998559951782227,0.17898915708065033,-0.45186561346054077,-0.01765180565416813,0.9989407062530518,-0.10678692162036896,-0.4461725056171417,-0.1646769940853119,0.9997351765632629,0.2261584848165512,-0.2514401376247406,0.057442814111709595,0.1797659993171692,-0.22995999455451965,-0.23587743937969208,-0.17063967883586884,0.707348644733429,0.2710312306880951,-0.061880603432655334,0.01924942247569561,0.02874963916838169,-0.22904044389724731,-0.07152151316404343,-0.22056235373020172,0.15398721396923065,0.12577448785305023,0.011752581223845482,0.031166473403573036,0.004399857018142939,-0.12531976401805878,-0.029771020635962486,-0.02686174213886261,0.004398273304104805
286,1772099472.3779902,1,0,0.12018243968486786,-0.5945080518722534,-0.26965704560279846,0.9998580813407898,0.1790420264005661,-0.4518527686595917,-0.01759333163499832,0.99894779920578,-0.10640458762645721,-0.4461839497089386,-0.16464126110076904,0.9997385144233704,0.22617481648921967,-0.2509884834289551,0.05731331929564476,0.17738045752048492,-0.2296840399503708,-0.23575331270694733,-0.17079074680805206,0.7052491307258606,0.2710829973220825,-0.06173977628350258,0.019310282543301582,0.027919646352529526,-0.2287246137857437,-0.07160686701536179,-0.22031591832637787,0.15199962258338928,0.12583744525909424,0.011761228553950787,0.03124668262898922,0.004416348412632942,-0.12536132335662842,-0.02981163188815117,-0.02690056338906288,0.004432533401995897
287,1772099472.4237409,1,0,0.12019676715135574,-0.5945078134536743,-0.2695704698562622,0.9998554587364197,0.1790667325258255,-0.45173877477645874,-0.01759433001279831,0.9989367723464966,-0.10638362914323807,-0.4462084174156189,-0.164642333984375,0.9997348189353943,0.22628699243068695,-0.2505248785018921,0.05550863593816757,0.1754724234342575,-0.22965267300605774,-0.2356838881969452,-0.17083139717578888,0.7028876543045044,0.27143505215644836,-0.06128932163119316,0.015180615708231926,0.027350975200533867,-0.22880062460899353,-0.07158563286066055,-0.22030751407146454,0.15128876268863678,0.12583120167255402,0.011791078373789787,0.03128734230995178,0.004367309622466564,-0.12535056471824646,-0.029868056997656822,-0.026935303583741188,0.004388171248137951
288,1772099472.475221,1,0,0.1204429417848587,-0.5946579575538635,-0.26812636852264404,0.9998552799224854,0.1786472499370575,-0.45167556405067444,-0.017255162820219994,0.9989319443702698,-0.1059899851679802,-0.44615504145622253,-0.1648285984992981,0.9997338652610779,0.22630316019058228,-0.25026217103004456,0.055496152490377426,0.1753799468278885,-0.22940559685230255,-0.23569676280021667,-0.1717907190322876,0.7014350891113281,0.27221110463142395,-0.06129429116845131,0.015412341803312302,0.027108468115329742,-0.22909650206565857,-0.07195962965488434,-0.2205396592617035,0.15149752795696259,0.12578025460243225,0.011741457507014275,0.03152361139655113,0.004369569942355156,-0.12529224157333374,-0.029828296974301338,-0.027158359065651894,0.004403791856020689
289,1772099472.522726,1,0,0.12053598463535309,-0.5948301553726196,-0.267654150724411,0.9998499155044556,0.17829035222530365,-0.45166274905204773,-0.016891401261091232,0.9989155530929565,-0.10599853098392487,-0.44606125354766846,-0.16548001766204834,0.9997281432151794,0.22637556493282318,-0.2502693831920624,0.05553817376494408,0.17462068796157837,-0.22938202321529388,-0.23564401268959045,-0.17376312613487244,0.7010226249694824,0.2729114890098572,-0.06129911169409752,0.015512628480792046,0.026701977476477623,-0.2291070967912674,-0.07187043130397797,-0.22181609272956848,0.1503828912973404,0.1257355511188507,0.011736255139112473,0.03171201050281525,0.004367959685623646,-0.12524041533470154,-0.029814286157488823,-0.027337316423654556,0.004400008823722601
290,1772099472.5750127,1,0,0.12054407596588135,-0.5947098731994629,-0.26661381125450134,0.9998526573181152,0.17835749685764313,-0.45133763551712036,-0.016689157113432884,0.99892657995224,-0.10572938621044159,-0.446048766374588,-0.16506363451480865,0.9997303485870361,0.2269117832183838,-0.24887323379516602,0.05517306551337242,0.17280133068561554,-0.22922174632549286,-0.23519226908683777,-0.17368774116039276,0.6963788270950317,0.27365195751190186,-0.0610508993268013,0.015611720271408558,0.026125192642211914,-0.22928962111473083,-0.07184001058340073,-0.22161366045475006,0.1482660323381424,0.12589772045612335,0.011738813482224941,0.03178178891539574,0.004296695813536644,-0.1253708451986313,-0.029912758618593216,-0.02737330086529255,0.004337619990110397
291,1772099472.630185,1,0,0.12034479528665543,-0.5947115421295166,-0.2665769159793854,0.9998542666435242,0.1789930909872055,-0.4509178698062897,-0.01670527458190918,0.9989277720451355,-0.10559742152690887,-0.4460894465446472,-0.16382142901420593,0.9997310638427734,0.22755803167819977,-0.2485104203224182,0.05409788712859154,0.17208079993724823,-0.22919806838035583,-0.23521696031093597,-0.17127014696598053,0.6945658326148987,0.27367573976516724,-0.06083235144615173,0.01451847329735756,0.025768615305423737,-0.22969219088554382,-0.07184075564146042,-0.2199297845363617,0.14848466217517853,0.12594424188137054,0.011788194067776203,0.031743332743644714,0.004229393322020769,-0.12541191279888153,-0.030032576993107796,-0.027342012152075768,0.004280820023268461
292,1772099472.675429,1,0,0.11455704271793365,-0.592932939529419,-0.2648662030696869,0.9998273253440857,0.18513381481170654,-0.4435444176197052,-0.016150489449501038,0.9988395571708679,-0.11436787992715836,-0.4469982385635376,-0.1479734629392624,0.9996743202209473,0.24041150510311127,-0.22436778247356415,-0.011978371068835258,0.17109647393226624,-0.22473743557929993,-0.23247559368610382,-0.17112931609153748,0.6961402297019958,0.21069759130477905,-0.09116154164075851,-0.17991071939468384,0.027462100610136986,-0.12069451808929443,-0.12748152017593384,-0.26263830065727234,0.1601916253566742,0.13008791208267212,0.011088449507951736,0.031755492091178894,0.003986572381108999,-0.1297524869441986,-0.029945462942123413,-0.02734694629907608,0.004057574085891247
293,1772099472.7251668,1,0,0.11128214001655579,-0.5895226001739502,-0.25253650546073914,0.999824047088623,0.18736810982227325,-0.43312257528305054,-0.012013963423669338,0.998728334903717,-0.11617656797170639,-0.44668492674827576,-0.13549698889255524,0.9996463060379028,0.2404143065214157,-0.21216599643230438,-0.019117601215839386,0.1677149534225464,-0.21936263144016266,-0.23247285187244415,-0.18900804221630096,0.7049280405044556,0.2068861871957779,-0.09878474473953247,-0.1911657601594925,0.03342665731906891,-0.09521646052598953,-0.20133748650550842,-0.3443746864795685,0.21397791802883148,0.13131806254386902,0.010158185847103596,0.03503161296248436,0.0038178444374352694,-0.13081541657447815,-0.02979249134659767,-0.030423546209931374,0.00394316716119647
294,1772099472.775374,1,0,0.11149600893259048,-0.5856743454933167,-0.2323504239320755,0.9998248219490051,0.19247721135616302,-0.4250175356864929,0.000953903014305979,0.9987156391143799,-0.11579008400440216,-0.44655564427375793,-0.11744815856218338,0.9996196031570435,0.24054591357707977,-0.2049330472946167,-0.04374703764915466,0.17840050160884857,-0.18843665719032288,-0.23480232059955597,-0.19851131737232208,0.7137674689292908,0.16533970832824707,-0.15457117557525635,-0.2421390265226364,0.05997505038976669,-0.0703432708978653,-0.23000416159629822,-0.36604079604148865,0.2724948525428772,0.13253307342529297,0.009127632714807987,0.038450937718153,0.0037571750581264496,-0.13181172311306,-0.029685214161872864,-0.033433083444833755,0.003913633991032839
295,1772099472.8298526,1,0,0.1116708293557167,-0.583447277545929,-0.22503815591335297,0.9998252391815186,0.1953156292438507,-0.4219658374786377,0.006850348319858313,0.998694896697998,-0.11549005657434464,-0.4464579224586487,-0.11084182560443878,0.9995943307876587,0.24055518209934235,-0.20329633355140686,-0.04788435995578766,0.18819104135036469,-0.1787673681974411,-0.23630858957767487,-0.20152239501476288,0.7224465608596802,0.1581823229789734,-0.16688448190689087,-0.24819828569889069,0.08415253460407257,-0.06599165499210358,-0.23336967825889587,-0.3678849935531616,0.3258086144924164,0.13328421115875244,0.008533831685781479,0.04041711241006851,0.003704773960635066,-0.13244062662124634,-0.029633479192852974,-0.03521560877561569,0.0038930706214159727
296,1772099472.8791218,1,0,0.09977029263973236,-0.5827986001968384,-0.21395376324653625,0.9998403191566467,0.1904071420431137,-0.4227336049079895,0.005536488723009825,0.998756468296051,-0.11594412475824356,-0.446449875831604,-0.09490671008825302,0.999627947807312,0.22675959765911102,-0.2065027356147766,-0.04155680537223816,0.20928464829921722,-0.1972230076789856,-0.23635146021842957,-0.22556746006011963,0.7447748184204102,0.2735390067100525,-0.0744381695985794,-0.21232864260673523,0.11538981646299362,-0.09504416584968567,-0.29396504163742065,-0.45531314611434937,0.39282095432281494,0.13349854946136475,0.008580177091062069,0.0360025055706501,0.0053376019932329655,-0.1328006535768509,-0.029190339148044586,-0.03189154714345932,0.006299727130681276
297,1772099472.9253392,1,0,0.08550425618886948,-0.5829744935035706,-0.2161940038204193,0.9998541474342346,0.1800125390291214,-0.4234672486782074,-0.0011286222143098712,0.9988028407096863,-0.1259266883134842,-0.444898784160614,-0.09445162117481232,0.9996572732925415,0.21970601379871368,-0.20687051117420197,-0.031119275838136673,0.22170981764793396,-0.2369091957807541,-0.23629741370677948,-0.2349998503923416,0.7666105031967163,0.2834080755710602,-0.059987545013427734,-0.1733843833208084,0.14057926833629608,-0.11599721014499664,-0.3131553530693054,-0.4664071500301361,0.4531835615634918,0.1338941603899002,0.008265416137874126,0.031050406396389008,0.005849285051226616,-0.13332273066043854,-0.0280146487057209,-0.027872541919350624,0.0072221579030156136
298,1772099472.9749472,1,0,0.08169502764940262,-0.5830603837966919,-0.2162555307149887,0.9998658299446106,0.1739751249551773,-0.4234400987625122,-0.0062613897025585175,0.998805046081543,-0.1337614506483078,-0.44317516684532166,-0.0966436117887497,0.9996818900108337,0.21733035147190094,-0.2088230550289154,-0.02765202894806862,0.2289278507232666,-0.2651044726371765,-0.2486821860074997,-0.24054387211799622,0.7865951061248779,0.28678643703460693,-0.05144800618290901,-0.15587788820266724,0.15944091975688934,-0.13292308151721954,-0.3393905758857727,-0.4606354236602783,0.5074236392974854,0.1341364085674286,0.00800931267440319,0.02910909242928028,0.005813303403556347,-0.1336335986852646,-0.02757997438311577,-0.02636277675628662,0.007350337691605091
299,1772099473.0219538,1,0,0.07601100951433182,-0.5836166143417358,-0.21291276812553406,0.9998766183853149,0.16806811094284058,-0.4236413836479187,-0.008602761663496494,0.9988352060317993,-0.1399204581975937,-0.4420902132987976,-0.09504348039627075,0.9997023940086365,0.21755725145339966,-0.21033243834972382,-0.02797423116862774,0.24649716913700104,-0.2736089825630188,-0.2500847280025482,-0.24369029700756073,0.8041722774505615,0.2860637307167053,-0.04005657508969307,-0.15233290195465088,0.1842646449804306,-0.16023948788642883,-0.3409046530723572,-0.4694449007511139,0.5563004016876221,0.13426683843135834,0.007819418795406818,0.02705410309135914,0.005903122015297413,-0.1338118463754654,-0.026957791298627853,-0.024655930697917938,0.007560574449598789
300,1772099473.0780435,1,0,0.07297327369451523,-0.5910130739212036,-0.21517060697078705,0.9998860359191895,0.166530042886734,-0.4238138496875763,-0.015475287102162838,0.9988781213760376,-0.14533311128616333,-0.44148457050323486,-0.09439043700695038,0.9997156262397766,0.2211473137140274,-0.21112331748008728,-0.03980472683906555,0.2682289183139801,-0.2858640253543854,-0.24989576637744904,-0.2515769302845001,0.8194031119346619,0.2896399199962616,-0.038643449544906616,-0.1465301811695099,0.19839508831501007,-0.21212425827980042,-0.35391610860824585,-0.49156785011291504,0.6000101566314697,0.13465550541877747,0.007795306853950024,0.023087061941623688,0.00603649253025651,-0.13419725000858307,-0.02636970952153206,-0.020930955186486244,0.007764581590890884
301,1772099473.1242235,1,0,0.07118654996156693,-0.5990059971809387,-0.21639610826969147,0.9998943209648132,0.16407234966754913,-0.4246327877044678,-0.022231118753552437,0.9989036917686462,-0.14602170884609222,-0.441508412361145,-0.09523432701826096,0.9997242093086243,0.22026968002319336,-0.2117399424314499,-0.035542987287044525,0.28978246450424194,-0.30449962615966797,-0.2641099691390991,-0.25664016604423523,0.8327372670173645,0.2886273264884949,-0.042188942432403564,-0.059392377734184265,0.20921489596366882,-0.2647033631801605,-0.3850266635417938,-0.5011470317840576,0.6392487287521362,0.13462689518928528,0.00733752828091383,0.019439861178398132,0.006190115120261908,-0.13417452573776245,-0.025095108896493912,-0.01769884303212166,0.007990873418748379
302,1772099473.1787672,1,0,0.07332560420036316,-0.603097677230835,-0.21668170392513275,0.9999024271965027,0.16466671228408813,-0.4241732358932495,-0.023388342931866646,0.998900294303894,-0.14433135092258453,-0.4382304847240448,-0.09561768174171448,0.9997380375862122,0.22486501932144165,-0.21208877861499786,-0.030511777848005295,0.3009170591831207,-0.31593456864356995,-0.26696646213531494,-0.257693886756897,0.8474316596984863,0.29896414279937744,-0.04524605721235275,-0.028460141271352768,0.21185161173343658,-0.2636178135871887,-0.40343183279037476,-0.48918697237968445,0.6748448014259338,0.13510183990001678,0.007304991129785776,0.01906571350991726,0.006214283872395754,-0.13453176617622375,-0.025085289031267166,-0.017166374251246452,0.008052214980125427
303,1772099473.2240705,1,0,0.0744476169347763,-0.603900134563446,-0.21780440211296082,0.9999086856842041,0.16489243507385254,-0.42173177003860474,-0.02356598526239395,0.9989369511604309,-0.14353631436824799,-0.43569132685661316,-0.09125211089849472,0.9997536540031433,0.2281554639339447,-0.2074987292289734,-0.02862079069018364,0.3187848627567291,-0.33526891469955444,-0.2674320638179779,-0.2536780536174774,0.861341118812561,0.3065122067928314,-0.04365984722971916,-0.04044949635863304,0.2099599838256836,-0.28119033575057983,-0.4151400029659271,-0.47168806195259094,0.7069781422615051,0.1345706582069397,0.007434497587382793,0.014850741252303123,0.006247568875551224,-0.13399526476860046,-0.024963388219475746,-0.01334874052554369,0.008224730379879475
304,1772099473.2766035,1,0,0.07962138205766678,-0.6034625768661499,-0.21821537613868713,0.9999135732650757,0.16707108914852142,-0.4151281416416168,-0.02535477839410305,0.9989723563194275,-0.1416572481393814,-0.43197110295295715,-0.09079175442457199,0.999768853187561,0.23869195580482483,-0.20100131630897522,-0.027357108891010284,0.3342475891113281,-0.3372306823730469,-0.26882433891296387,-0.2514207661151886,0.8739365935325623,0.31364673376083374,-0.039702173322439194,-0.0453069694340229,0.20683737099170685,-0.27388259768486023,-0.4266624450683594,-0.4678369462490082,0.7358392477035522,0.13455437123775482,0.007560231722891331,0.012880107387900352,0.006228400394320488,-0.13396400213241577,-0.024965208023786545,-0.011197755113244057,0.008272279053926468
305,1772099473.3288252,1,0,0.08478070050477982,-0.6033096313476562,-0.21887415647506714,0.99991774559021,0.1694747805595398,-0.4125971496105194,-0.026156390085816383,0.9990124702453613,-0.14008477330207825,-0.4286339581012726,-0.09122873842716217,0.9997842907905579,0.24464064836502075,-0.200697660446167,-0.024923937395215034,0.35050535202026367,-0.3394550681114197,-0.2727747857570648,-0.2493857890367508,0.8856505155563354,0.3168025612831116,-0.040337227284908295,-0.040393006056547165,0.20584893226623535,-0.27527421712875366,-0.4401063919067383,-0.465167760848999,0.7619244456291199,0.13454458117485046,0.007628006394952536,0.012496142648160458,0.0062752338126301765,-0.13393601775169373,-0.02495860867202282,-0.010615350678563118,0.008441722020506859
306,1772099473.3749719,1,0,0.087823785841465,-0.6033860445022583,-0.2191438227891922,0.9999217391014099,0.17252527177333832,-0.4123915135860443,-0.026204954832792282,0.9990507364273071,-0.13681447505950928,-0.42866793274879456,-0.09080839157104492,0.9998006820678711,0.24477235972881317,-0.20135381817817688,-0.016225164756178856,0.3641056418418884,-0.3362131118774414,-0.2833681106567383,-0.24991071224212646,0.896678626537323,0.31372737884521484,-0.0406685434281826,-0.02476024627685547,0.2046990692615509,-0.27247923612594604,-0.4607579708099365,-0.4596664607524872,0.7855121493339539,0.1344735324382782,0.007756585255265236,0.012388724833726883,0.006598187610507011,-0.13378110527992249,-0.024920273572206497,-0.010188344866037369,0.00903460755944252
307,1772099473.4251535,1,0,0.0932658389210701,-0.6032377481460571,-0.21950092911720276,0.9999231696128845,0.17228341102600098,-0.41963881254196167,-0.025062356144189835,0.999101459980011,-0.13630346953868866,-0.43058061599731445,-0.09224765002727509,0.9998139142990112,0.2417135387659073,-0.21611671149730682,0.010800586082041264,0.3830529749393463,-0.33615612983703613,-0.3091782331466675,-0.25749996304512024,0.9066279530525208,0.30796268582344055,-0.05505360662937164,0.0037849796935915947,0.20824572443962097,-0.28239649534225464,-0.49840912222862244,-0.45515844225883484,0.8065957427024841,0.13097107410430908,0.00776361720636487,0.012627553194761276,0.007640956901013851,-0.13013339042663574,-0.023554731160402298,-0.010378671810030937,0.010563691146671772
308,1772099473.4749773,1,0,0.09728141874074936,-0.6032620668411255,-0.2199133336544037,0.9999240636825562,0.17278559505939484,-0.4228428304195404,-0.02363402210175991,0.9991445541381836,-0.1340063214302063,-0.43271151185035706,-0.09189483523368835,0.9998263716697693,0.24096162617206573,-0.22111934423446655,0.014854560606181622,0.4007854163646698,-0.3364374339580536,-0.321204274892807,-0.2559622526168823,0.9156029224395752,0.2998918890953064,-0.062080830335617065,0.0009270975715480745,0.2059549242258072,-0.277875691652298,-0.5062030553817749,-0.4456937611103058,0.825508177280426,0.1286596953868866,0.007830117829144001,0.01213635504245758,0.00813286192715168,-0.12775538861751556,-0.022896045818924904,-0.009904545731842518,0.011505757458508015
309,1772099473.5300956,1,0,0.10494214296340942,-0.6031697988510132,-0.22221283614635468,0.9999229907989502,0.1739479899406433,-0.42348167300224304,-0.02387099713087082,0.9991852045059204,-0.13166141510009766,-0.4334011971950531,-0.09378327429294586,0.9998379349708557,0.2412330061197281,-0.22193750739097595,0.01593807339668274,0.41741108894348145,-0.3407578766345978,-0.33302798867225647,-0.25735339522361755,0.9237487316131592,0.2995224595069885,-0.06370794028043747,-0.0008385846158489585,0.20193365216255188,-0.27828994393348694,-0.5238864421844482,-0.438530832529068,0.8423891663551331,0.12772780656814575,0.007813266478478909,0.01221306063234806,0.009206654503941536,-0.12662768363952637,-0.022231435403227806,-0.010025188326835632,0.013351771980524063
310,1772099473.5791225,1,0,0.10529713332653046,-0.6022025942802429,-0.2266450971364975,0.9999249577522278,0.17426377534866333,-0.42444148659706116,-0.024277275428175926,0.9992257952690125,-0.1309039443731308,-0.43490728735923767,-0.09422411769628525,0.9998495578765869,0.24097536504268646,-0.22305987775325775,0.01823730207979679,0.43267592787742615,-0.34474366903305054,-0.3370489478111267,-0.257933109998703,0.9311097860336304,0.29815733432769775,-0.06436900794506073,0.002857188694179058,0.1971580684185028,-0.2786715626716614,-0.5253244042396545,-0.4383088946342468,0.8576427102088928,0.1264350265264511,0.00779325095936656,0.012242198921740055,0.009670637547969818,-0.1252734363079071,-0.021549643948674202,-0.009969398379325867,0.014231057837605476
311,1772099473.62792,1,0,0.10704166442155838,-0.6017095446586609,-0.23179438710212708,0.9999256134033203,0.17516160011291504,-0.4244512617588043,-0.025462448596954346,0.9992610812187195,-0.1298973262310028,-0.4351663887500763,-0.09601914137601852,0.9998593330383301,0.241680309176445,-0.2243354618549347,0.022718755528330803,0.4465259909629822,-0.34727248549461365,-0.34643471240997314,-0.25886270403862,0.937731921672821,0.2981606721878052,-0.06568101793527603,0.013930805027484894,0.19251756370067596,-0.28547990322113037,-0.5447997450828552,-0.4359409213066101,0.8713358044624329,0.12587416172027588,0.007715478073805571,0.01234947144985199,0.010337908752262592,-0.12460162490606308,-0.021112628281116486,-0.010051938705146313,0.015293863601982594
312,1772099473.6788476,1,0,0.10900170356035233,-0.600791335105896,-0.23229312896728516,0.9999266266822815,0.17723727226257324,-0.42415720224380493,-0.025421032682061195,0.9992937445640564,-0.12856002151966095,-0.4353029429912567,-0.09602685272693634,0.99986732006073,0.24245378375053406,-0.22470790147781372,0.028598623350262642,0.4557152986526489,-0.34605664014816284,-0.35643455386161804,-0.2573528587818146,0.9436442255973816,0.29797664284706116,-0.06844653189182281,0.02674950659275055,0.1862625926733017,-0.29678958654403687,-0.5623572468757629,-0.419655978679657,0.8834877610206604,0.12591375410556793,0.007679387927055359,0.012740840204060078,0.011116258800029755,-0.1246035024523735,-0.021067559719085693,-0.010220924392342567,0.01638985611498356
313,1772099473.724969,1,0,0.11415302753448486,-0.6000933051109314,-0.2330918312072754,0.9999298453330994,0.18208032846450806,-0.4237755537033081,-0.025387590751051903,0.999331533908844,-0.1269969791173935,-0.4359222650527954,-0.09617777168750763,0.9998775720596313,0.2470567524433136,-0.2273135632276535,0.037454210221767426,0.4696231186389923,-0.35051071643829346,-0.38744932413101196,-0.25834476947784424,0.949177622795105,0.3031509220600128,-0.07023639231920242,0.04129788652062416,0.18065665662288666,-0.2992880940437317,-0.6071223616600037,-0.41841429471969604,0.894709050655365,0.1259433776140213,0.007486904505640268,0.0133783258497715,0.013690317049622536,-0.1245884820818901,-0.02054472640156746,-0.010606851428747177,0.02050715498626232
314,1772099473.778712,1,0,0.11414866149425507,-0.5993469953536987,-0.2352331131696701,0.9999327063560486,0.18361034989356995,-0.423625111579895,-0.02633749693632126,0.9993633031845093,-0.1270321011543274,-0.43626758456230164,-0.0968870148062706,0.9998868703842163,0.2512127161026001,-0.23010389506816864,0.0377868115901947,0.48262399435043335,-0.35791337490081787,-0.3957810401916504,-0.2584840655326843,0.9541766047477722,0.3083535134792328,-0.07066795229911804,0.03936346247792244,0.17520023882389069,-0.3034364581108093,-0.6167514324188232,-0.41456300020217896,0.9048665761947632,0.1259569376707077,0.0072806221432983875,0.013629651628434658,0.015951165929436684,-0.12456732243299484,-0.01990731991827488,-0.010790020227432251,0.024239521473646164
315,1772099473.8250628,1,0,0.11423777788877487,-0.599153459072113,-0.23495230078697205,0.9999339580535889,0.18374033272266388,-0.4234023094177246,-0.0263073593378067,0.9993857741355896,-0.12719808518886566,-0.43671298027038574,-0.09644997119903564,0.9998949766159058,0.2507268190383911,-0.23105178773403168,0.03747997432947159,0.492657870054245,-0.36246243119239807,-0.40007150173187256,-0.2568655014038086,0.9586766958236694,0.3081832528114319,-0.07169196009635925,0.03631364926695824,0.1702507585287094,-0.30493155121803284,-0.6170832514762878,-0.4076009690761566,0.9140185117721558,0.12561412155628204,0.0071950010024011135,0.01374662946909666,0.01794564537703991,-0.12414050847291946,-0.019308222457766533,-0.010916220024228096,0.02800089307129383
316,1772099473.8750784,1,0,0.11398371309041977,-0.5967395901679993,-0.23430094122886658,0.9999358654022217,0.18371622264385223,-0.4231654107570648,-0.025845954194664955,0.9994107484817505,-0.12720364332199097,-0.4374183714389801,-0.09533320367336273,0.9999029636383057,0.25036218762397766,-0.23081108927726746,0.03731061890721321,0.5011443495750427,-0.36303040385246277,-0.390215128660202,-0.2564733624458313,0.9627189040184021,0.3075217604637146,-0.07159707695245743,0.03192071616649628,0.16911770403385162,-0.3037199079990387,-0.5993120670318604,-0.40881192684173584,0.922359049320221,0.12473317235708237,0.007209968287497759,0.013810411095619202,0.01937396079301834,-0.1232537254691124,-0.01903785578906536,-0.010987618006765842,0.03090253658592701
317,1772099473.9295907,1,0,0.11170060187578201,-0.595980167388916,-0.2348719984292984,0.9999383091926575,0.18276141583919525,-0.423184335231781,-0.02627655491232872,0.9994342923164368,-0.12957891821861267,-0.4375535845756531,-0.09538111835718155,0.9999101758003235,0.2501848638057709,-0.23096467554569244,0.036154940724372864,0.5112777948379517,-0.36569657921791077,-0.38655874133110046,-0.2576916813850403,0.9663703441619873,0.3095134496688843,-0.07146357744932175,0.030050862580537796,0.16915421187877655,-0.3047234117984772,-0.5945770144462585,-0.4149533808231354,0.9298681616783142,0.12440503388643265,0.0069968206807971,0.013896666467189789,0.020612245425581932,-0.12290024757385254,-0.018414832651615143,-0.01110185869038105,0.03336334973573685
318,1772099473.9749286,1,0,0.11511413007974625,-0.5955368280410767,-0.23220443725585938,0.9999402761459351,0.18272064626216888,-0.42314040660858154,-0.02431674860417843,0.999462902545929,-0.12846331298351288,-0.4378553628921509,-0.0954294502735138,0.9999167919158936,0.25074705481529236,-0.23114313185214996,0.03964829444885254,0.5206692814826965,-0.3643384873867035,-0.38571518659591675,-0.25771060585975647,0.9696326851844788,0.31237900257110596,-0.07210296392440796,0.03303578495979309,0.16561467945575714,-0.3034103512763977,-0.5962957739830017,-0.4152245819568634,0.9365647435188293,0.12417344748973846,0.006901662331074476,0.01414393074810505,0.022352101281285286,-0.1226176843047142,-0.01808168552815914,-0.011310655623674393,0.0364910289645195
319,1772099474.025665,1,0,0.11874400824308395,-0.5944420099258423,-0.23194816708564758,0.9999423027038574,0.18269658088684082,-0.42305728793144226,-0.02341943234205246,0.9994843006134033,-0.1276487559080124,-0.43788832426071167,-0.09804979711771011,0.9999223351478577,0.25224536657333374,-0.23116759955883026,0.048334404826164246,0.518804132938385,-0.36262646317481995,-0.382790207862854,-0.2586763799190521,0.972511351108551,0.31493568420410156,-0.07201351225376129,0.04969770088791847,0.15982051193714142,-0.30235952138900757,-0.5915035009384155,-0.4145418107509613,0.9424652457237244,0.12513209879398346,0.006699105724692345,0.015071718953549862,0.02255016379058361,-0.12346810102462769,-0.018074985593557358,-0.011885665357112885,0.03677024692296982
320,1772099474.0789783,1,0,0.12082739174365997,-0.5938861966133118,-0.23164118826389313,0.9999433159828186,0.18263304233551025,-0.42305251955986023,-0.02252022922039032,0.9994998574256897,-0.12701432406902313,-0.4376432001590729,-0.09957515448331833,0.9999271631240845,0.2528053820133209,-0.23137274384498596,0.05398539826273918,0.5163121819496155,-0.3609876036643982,-0.381502240896225,-0.258891761302948,0.9750916361808777,0.3149958848953247,-0.07193970680236816,0.05954580008983612,0.15316899120807648,-0.3019752502441406,-0.5881189703941345,-0.41209688782691956,0.9477593302726746,0.12557516992092133,0.006609928794205189,0.01585383340716362,0.02279350906610489,-0.1238449439406395,-0.01807505451142788,-0.012443415820598602,0.037171412259340286
321,1772099474.1255193,1,0,0.12053728103637695,-0.5933192372322083,-0.23187971115112305,0.999944806098938,0.18227067589759827,-0.42305344343185425,-0.022491510957479477,0.9995160698890686,-0.12704066932201385,-0.43731024861335754,-0.10183747112751007,0.9999314546585083,0.25290417671203613,-0.23176372051239014,0.0563342310488224,0.5150178074836731,-0.3603212833404541,-0.3799454867839813,-0.2613016963005066,0.9774249792098999,0.31771329045295715,-0.0718885213136673,0.06330093741416931,0.1482093185186386,-0.3038909435272217,-0.5885350108146667,-0.41223791241645813,0.952512264251709,0.12622641026973724,0.006377488374710083,0.016693005338311195,0.02349543198943138,-0.12443222105503082,-0.018031300976872444,-0.013081382028758526,0.038133349269628525
322,1772099474.17529,1,0,0.12035065144300461,-0.5933161973953247,-0.23226818442344666,0.9999459981918335,0.18203870952129364,-0.423484206199646,-0.02250239998102188,0.9995311498641968,-0.1272546350955963,-0.4372837245464325,-0.10215134173631668,0.9999353289604187,0.2531435787677765,-0.23280028998851776,0.05632280930876732,0.5159745216369629,-0.35957103967666626,-0.37870877981185913,-0.26191964745521545,0.9795290231704712,0.31759971380233765,-0.07183796167373657,0.06352253258228302,0.14451368153095245,-0.30545544624328613,-0.5888943076133728,-0.4123552739620209,0.9567767381668091,0.12642870843410492,0.006189482752233744,0.016874374821782112,0.02433757111430168,-0.12460752576589584,-0.017960865050554276,-0.013210754841566086,0.03925265744328499
323,1772099474.2253838,1,0,0.1183696985244751,-0.5930884480476379,-0.23449154198169708,0.9999473690986633,0.18184614181518555,-0.42348307371139526,-0.023951401934027672,0.9995473623275757,-0.1291319578886032,-0.437217652797699,-0.10306555777788162,0.9999388456344604,0.25310763716697693,-0.2326737344264984,0.05543004721403122,0.51603102684021,-0.3600787818431854,-0.37848860025405884,-0.26352056860923767,0.981428325176239,0.31730374693870544,-0.06980374455451965,0.06267344206571579,0.14195965230464935,-0.31044435501098633,-0.5875735878944397,-0.41530463099479675,0.9606078863143921,0.12667924165725708,0.005962432827800512,0.016907939687371254,0.025760101154446602,-0.12485859543085098,-0.017690524458885193,-0.013246627524495125,0.041436322033405304
324,1772099474.2754078,1,0,0.11826733499765396,-0.5930582284927368,-0.2344573438167572,0.9999480843544006,0.18159249424934387,-0.42355597019195557,-0.023525824770331383,0.9995582699775696,-0.12911377847194672,-0.43705853819847107,-0.1030605211853981,0.9999418258666992,0.2531963586807251,-0.23279578983783722,0.05602120980620384,0.51590496301651,-0.3596656620502472,-0.37728938460350037,-0.2634681165218353,0.9831229448318481,0.3171103000640869,-0.06964906305074692,0.06377989798784256,0.13780400156974792,-0.3110339939594269,-0.5866977572441101,-0.414431095123291,0.9640116691589355,0.12668895721435547,0.005946679040789604,0.017107894644141197,0.02663305774331093,-0.12486851215362549,-0.017677567899227142,-0.013439763337373734,0.042786888778209686
325,1772099474.3251867,1,0,0.11850832402706146,-0.5930497050285339,-0.23409786820411682,0.9999479651451111,0.1815369725227356,-0.42323604226112366,-0.022732798010110855,0.9995645880699158,-0.12875552475452423,-0.43685659766197205,-0.10349282622337341,0.9999433755874634,0.2531690001487732,-0.23268719017505646,0.055732518434524536,0.5088828206062317,-0.35917603969573975,-0.37687021493911743,-0.2639780640602112,0.984572172164917,0.3168945014476776,-0.06943240016698837,0.06422075629234314,0.13360090553760529,-0.3108864426612854,-0.5862181782722473,-0.41402897238731384,0.9669049382209778,0.12669940292835236,0.005989932920783758,0.01755042001605034,0.026999199762940407,-0.12487936019897461,-0.0177508182823658,-0.013892114162445068,0.043084196746349335
326,1772099474.3749983,1,0,0.11815173923969269,-0.592920184135437,-0.2337169498205185,0.9999474287033081,0.18031629920005798,-0.42321258783340454,-0.022214023396372795,0.999565839767456,-0.12887917459011078,-0.43624189496040344,-0.10385790467262268,0.9999439120292664,0.2523420453071594,-0.23265781998634338,0.05530723184347153,0.5019677877426147,-0.35889488458633423,-0.3750371038913727,-0.2641482651233673,0.9858694076538086,0.31612902879714966,-0.06936496496200562,0.06352139264345169,0.13019108772277832,-0.31170135736465454,-0.5858899354934692,-0.4126536250114441,0.969450831413269,0.1267077475786209,0.006001957692205906,0.017958300188183784,0.02713640220463276,-0.12488862127065659,-0.017756933346390724,-0.014297576621174812,0.04303357005119324
327,1772099474.4251568,1,0,0.11758295446634293,-0.5929337739944458,-0.2337070256471634,0.9999465942382812,0.17953257262706757,-0.42378461360931396,-0.022116348147392273,0.9995666742324829,-0.129155695438385,-0.43623587489128113,-0.10446197539567947,0.9999444484710693,0.25101885199546814,-0.23333096504211426,0.05488910898566246,0.49459007382392883,-0.35867810249328613,-0.3748369812965393,-0.2655715346336365,0.9870615005493164,0.31351718306541443,-0.06946197152137756,0.06331532448530197,0.12860727310180664,-0.3115556836128235,-0.5850781798362732,-0.41393226385116577,0.9718623161315918,0.12643316388130188,0.005998807027935982,0.01819835603237152,0.027729351073503494,-0.12461879104375839,-0.017732681706547737,-0.014584144577383995,0.04367436096072197
328,1772099474.473001,1,0,0.1176527887582779,-0.5931031107902527,-0.23305252194404602,0.9999447464942932,0.17829060554504395,-0.4238220155239105,-0.02200806885957718,0.9995648860931396,-0.12901835143566132,-0.436030775308609,-0.1052624061703682,0.9999441504478455,0.25051480531692505,-0.23402437567710876,0.05464651808142662,0.48878204822540283,-0.3585197925567627,-0.3742755055427551,-0.2655430734157562,0.9880863428115845,0.3134535253047943,-0.06991379708051682,0.06254507601261139,0.12638211250305176,-0.31133517622947693,-0.5848215818405151,-0.4106385409832001,0.9739735722541809,0.12623441219329834,0.00599711574614048,0.018344005569815636,0.02773035503923893,-0.12442619353532791,-0.01772666908800602,-0.014765910804271698,0.043518006801605225
329,1772099474.5302277,1,0,0.1171792522072792,-0.5932237505912781,-0.2320382446050644,0.9999440908432007,0.1760430783033371,-0.42412251234054565,-0.021417459473013878,0.9995686411857605,-0.1292576938867569,-0.4356856942176819,-0.10546344518661499,0.9999445080757141,0.2490880936384201,-0.23483841121196747,0.05492767319083214,0.4862028658390045,-0.3583720028400421,-0.3715698719024658,-0.26610758900642395,0.9890320897102356,0.31339722871780396,-0.07048521190881729,0.0637740045785904,0.12731929123401642,-0.31214049458503723,-0.5832474231719971,-0.41100168228149414,0.9759649634361267,0.125966414809227,0.0059910183772444725,0.018677283078432083,0.02830098383128643,-0.12415578961372375,-0.017696337774395943,-0.015154819004237652,0.044158291071653366
330,1772099474.575655,1,0,0.11686048656702042,-0.593502938747406,-0.23174244165420532,0.9999417662620544,0.17482078075408936,-0.42439180612564087,-0.021392690017819405,0.9995683431625366,-0.12955115735530853,-0.4354800283908844,-0.10599697381258011,0.9999440908432007,0.24818173050880432,-0.23549321293830872,0.05475296080112457,0.4835604727268219,-0.35820603370666504,-0.3699761927127838,-0.2669352889060974,0.9898809194564819,0.3133983910083771,-0.07130271941423416,0.06324416399002075,0.12780781090259552,-0.3124520480632782,-0.5816521644592285,-0.41234222054481506,0.9777687788009644,0.12573833763599396,0.005972318351268768,0.018869392573833466,0.028594372794032097,-0.12392202764749527,-0.017657287418842316,-0.015382656827569008,0.044362254440784454
331,1772099474.633102,1,0,0.11613782495260239,-0.593248188495636,-0.23654237389564514,0.999940812587738,0.1726275235414505,-0.424720823764801,-0.024495959281921387,0.9995728731155396,-0.13054406642913818,-0.43503066897392273,-0.11278688907623291,0.9999449253082275,0.2478371560573578,-0.23861412703990936,0.054907698184251785,0.48714229464530945,-0.3580915033817291,-0.3687147796154022,-0.2750801146030426,0.9906943440437317,0.31344401836395264,-0.07217789441347122,0.07040326297283173,0.131128191947937,-0.3136107325553894,-0.5788125991821289,-0.4210653305053711,0.9795336723327637,0.12504534423351288,0.00590858468785882,0.018985314294695854,0.029733486473560333,-0.12323123961687088,-0.017453499138355255,-0.015583301894366741,0.04568342864513397
332,1772099474.6753209,1,0,0.113481305539608,-0.5932518839836121,-0.24000607430934906,0.9999408721923828,0.17226719856262207,-0.4247571527957916,-0.02743825502693653,0.9995775818824768,-0.13168184459209442,-0.43474847078323364,-0.11408478021621704,0.9999455809593201,0.24780982732772827,-0.23871079087257385,0.05266761779785156,0.49131590127944946,-0.35799819231033325,-0.3665561079978943,-0.27621573209762573,0.9914153218269348,0.3136272132396698,-0.07217232137918472,0.06773960590362549,0.1354348212480545,-0.3172922432422638,-0.5756717324256897,-0.4248339533805847,0.9810841679573059,0.125040203332901,0.005801612511277199,0.01902451179921627,0.030468381941318512,-0.123226597905159,-0.017376571893692017,-0.01562551036477089,0.046409983187913895
333,1772099474.724939,1,0,0.11289925128221512,-0.5932943820953369,-0.23979061841964722,0.9999383091926575,0.17175894975662231,-0.42479926347732544,-0.027530591934919357,0.9995720982551575,-0.13185150921344757,-0.4346540868282318,-0.11426273733377457,0.9999452829360962,0.24716079235076904,-0.23877890408039093,0.05236915498971939,0.4903606176376343,-0.35793742537498474,-0.3644443154335022,-0.27652373909950256,0.992027223110199,0.31362515687942505,-0.07221613079309464,0.06716545671224594,0.13655075430870056,-0.31838369369506836,-0.5720828175544739,-0.42574644088745117,0.9824185371398926,0.12482035905122757,0.005792125128209591,0.019123760983347893,0.030982520431280136,-0.12300802767276764,-0.017334947362542152,-0.015743888914585114,0.04709385335445404
334,1772099474.7687874,1,0,0.11227011680603027,-0.5933316349983215,-0.23728235065937042,0.9999368190765381,0.17124903202056885,-0.4250054955482483,-0.02581682801246643,0.9995712637901306,-0.13199014961719513,-0.43455129861831665,-0.11246994137763977,0.9999452233314514,0.24712930619716644,-0.23879045248031616,0.054079268127679825,0.4910270869731903,-0.3578560948371887,-0.3621581494808197,-0.2753296494483948,0.9925751686096191,0.31360456347465515,-0.0724557563662529,0.06954613327980042,0.13641850650310516,-0.31953147053718567,-0.5706172585487366,-0.4241253435611725,0.9835585355758667,0.1245826929807663,0.005849027540534735,0.019218558445572853,0.031132882460951805,-0.1227709949016571,-0.017330070957541466,-0.015860218554735184,0.04734325036406517
335,1772099474.8100917,1,0,0.11052028834819794,-0.5935377478599548,-0.23720547556877136,0.9999361634254456,0.169423907995224,-0.4254719913005829,-0.025791412219405174,0.9995734095573425,-0.1335112750530243,-0.4342750608921051,-0.11246124655008316,0.9999457001686096,0.24616943299770355,-0.2390403300523758,0.054532214999198914,0.49202749133110046,-0.3584460914134979,-0.36056575179100037,-0.275774747133255,0.9930974245071411,0.31337353587150574,-0.072477325797081,0.07051591575145721,0.13771912455558777,-0.321315735578537,-0.5685397982597351,-0.42595213651657104,0.9846639037132263,0.12447793781757355,0.0057864016853272915,0.019292710348963737,0.03168543800711632,-0.12266263365745544,-0.017183514311909676,-0.015934405848383904,0.04810198396444321
336,1772099474.85905,1,0,0.11004658043384552,-0.5935584306716919,-0.23714318871498108,0.9999346733093262,0.1693546622991562,-0.42551979422569275,-0.02573862485587597,0.9995681047439575,-0.13367588818073273,-0.43408823013305664,-0.11240094900131226,0.9999452233314514,0.24591811001300812,-0.23868629336357117,0.054477985948324203,0.48911580443382263,-0.3583628833293915,-0.35684263706207275,-0.275699645280838,0.9934964179992676,0.31330373883247375,-0.07212568819522858,0.07037988305091858,0.13729842007160187,-0.3229469954967499,-0.5654042363166809,-0.4258754849433899,0.9855635166168213,0.12451280653476715,0.0057742418721318245,0.01936347223818302,0.03130767121911049,-0.12269764393568039,-0.017177853733301163,-0.015993578359484673,0.047465309500694275
337,1772099474.9110346,1,0,0.10985606908798218,-0.5936420559883118,-0.23443447053432465,0.9999338388442993,0.16791880130767822,-0.4255899488925934,-0.024833165109157562,0.9995714426040649,-0.13442324101924896,-0.43381839990615845,-0.11192303895950317,0.999946117401123,0.2451707422733307,-0.23822259902954102,0.05446663126349449,0.48860740661621094,-0.3587729036808014,-0.35421597957611084,-0.27556756138801575,0.9939154982566833,0.31295832991600037,-0.07152509689331055,0.06833034008741379,0.1371966004371643,-0.3249046504497528,-0.5625236630439758,-0.42626044154167175,0.986476719379425,0.12448446452617645,0.00573118356987834,0.01939482055604458,0.031423818320035934,-0.12267045676708221,-0.017130499705672264,-0.016026627272367477,0.04781031236052513
338,1772099474.9588675,1,0,0.1098061129450798,-0.5937098860740662,-0.23272360861301422,0.9999322295188904,0.16702169179916382,-0.42622727155685425,-0.023782745003700256,0.9995681047439575,-0.13435664772987366,-0.43362343311309814,-0.11147524416446686,0.9999462962150574,0.2436845302581787,-0.2385278344154358,0.05745427682995796,0.4891242980957031,-0.35871419310569763,-0.35253769159317017,-0.27520206570625305,0.9942917823791504,0.310585618019104,-0.0717853382229805,0.07252572476863861,0.13735219836235046,-0.3247121274471283,-0.5610914826393127,-0.42574575543403625,0.9872968196868896,0.12421365827322006,0.005730336531996727,0.019612522795796394,0.03136055916547775,-0.12240913510322571,-0.017114730551838875,-0.016244826838374138,0.047795288264751434
339,1772099475.01074,1,0,0.10963720083236694,-0.5936031341552734,-0.23016241192817688,0.9999315738677979,0.16573286056518555,-0.4280519485473633,-0.020953470841050148,0.9995729327201843,-0.1350301206111908,-0.4335114061832428,-0.11084075272083282,0.9999476075172424,0.24292336404323578,-0.23895208537578583,0.05929111689329147,0.4900256395339966,-0.35847562551498413,-0.3458164632320404,-0.27451273798942566,0.9946322441101074,0.30897313356399536,-0.07177168875932693,0.07211415469646454,0.1385319083929062,-0.32566818594932556,-0.5510925650596619,-0.4270595908164978,0.9881777763366699,0.12407031655311584,0.005646903533488512,0.019642231985926628,0.0315229557454586,-0.12228420376777649,-0.016973337158560753,-0.016291160136461258,0.04831358790397644
340,1772099475.0590422,1,0,0.10828083753585815,-0.5925766825675964,-0.23169372975826263,0.999932050704956,0.16561053693294525,-0.42803195118904114,-0.021289817988872528,0.9995750188827515,-0.13611818850040436,-0.43332692980766296,-0.11082158237695694,0.9999483823776245,0.2427777349948883,-0.23863007128238678,0.05919312685728073,0.491595059633255,-0.3585738241672516,-0.3425285518169403,-0.2744223177433014,0.9949021339416504,0.3090687394142151,-0.07068188488483429,0.07198427617549896,0.14190244674682617,-0.3278624415397644,-0.5452547073364258,-0.43072280287742615,0.9889443516731262,0.12408047169446945,0.005591950844973326,0.01963619701564312,0.03129018470644951,-0.12230618298053741,-0.01693822629749775,-0.016315355896949768,0.04793073982000351
341,1772099475.110241,1,0,0.10825427621603012,-0.5922505855560303,-0.233459010720253,0.9999314546585083,0.16511835157871246,-0.42807409167289734,-0.0225532166659832,0.9995805621147156,-0.13639098405838013,-0.4327925145626068,-0.11335484683513641,0.9999492168426514,0.24246177077293396,-0.23907922208309174,0.059117935597896576,0.49289730191230774,-0.35850071907043457,-0.3419620990753174,-0.27648240327835083,0.9951695203781128,0.30940496921539307,-0.07069026678800583,0.07169651240110397,0.14329686760902405,-0.3299230635166168,-0.54542475938797,-0.43359681963920593,0.9896332025527954,0.12410975992679596,0.0053715831600129604,0.019658906385302544,0.03149404004216194,-0.1223338320851326,-0.01680106669664383,-0.016342315822839737,0.04795297607779503
342,1772099475.180103,1,0,0.10825733095407486,-0.5920072793960571,-0.23523621261119843,0.9999309778213501,0.16470344364643097,-0.42808473110198975,-0.02395697496831417,0.9995867013931274,-0.13656829297542572,-0.43229302763938904,-0.11570419371128082,0.9999499917030334,0.24229827523231506,-0.2394949495792389,0.059055980294942856,0.49468493461608887,-0.3584570288658142,-0.3417274057865143,-0.2784609794616699,0.9954105615615845,0.30994877219200134,-0.07072745263576508,0.07166533917188644,0.14496247470378876,-0.3314145803451538,-0.5458030104637146,-0.4355241358280182,0.9902514815330505,0.12414297461509705,0.005177544429898262,0.019679946824908257,0.03170632943511009,-0.12236478924751282,-0.016681769862771034,-0.016367334872484207,0.04795311018824577
343,1772099475.2306674,1,0,0.10967043787240982,-0.5917686820030212,-0.23525018990039825,0.999930739402771,0.16416853666305542,-0.4281157851219177,-0.023956473916769028,0.9995928406715393,-0.13655298948287964,-0.4320867657661438,-0.11745190620422363,0.9999508857727051,0.2422105222940445,-0.24028849601745605,0.0602044053375721,0.4957430958747864,-0.35816559195518494,-0.34202641248703003,-0.28004318475723267,0.9956395626068115,0.31028473377227783,-0.07088404148817062,0.07559370994567871,0.14643779397010803,-0.33126208186149597,-0.5464758276939392,-0.4362036883831024,0.9908493757247925,0.1239384338259697,0.005077849607914686,0.019757501780986786,0.032050516456365585,-0.12218187749385834,-0.016521187499165535,-0.016499292105436325,0.04834084212779999
344,1772099475.2786932,1,0,0.11181705445051193,-0.5925034284591675,-0.22864022850990295,0.9999307990074158,0.1614704579114914,-0.42988017201423645,-0.020645827054977417,0.9996023774147034,-0.1367838978767395,-0.4321152865886688,-0.11742382496595383,0.9999516606330872,0.2427133172750473,-0.24162381887435913,0.05999916419386864,0.4947893023490906,-0.3577693700790405,-0.3422706425189972,-0.2799033522605896,0.9958198070526123,0.31338343024253845,-0.07114022225141525,0.06460928171873093,0.14660245180130005,-0.3302679657936096,-0.5469527244567871,-0.4358571767807007,0.9913458824157715,0.12378473579883575,0.004589551594108343,0.01977744698524475,0.03177545219659805,-0.12206333130598068,-0.016014423221349716,-0.016522172838449478,0.04811595007777214
345,1772099475.3249195,1,0,0.11250071227550507,-0.5928278565406799,-0.22786149382591248,0.9999293684959412,0.16106849908828735,-0.43000462651252747,-0.02043600007891655,0.9996034502983093,-0.13699516654014587,-0.4320715069770813,-0.11802103370428085,0.999951958656311,0.2436443418264389,-0.2416350096464157,0.05689922720193863,0.492885023355484,-0.35767924785614014,-0.3424627482891083,-0.2799147069454193,0.9959781765937805,0.3168336749076843,-0.0707223117351532,0.05117759481072426,0.14751434326171875,-0.3301931917667389,-0.5473134517669678,-0.43614739179611206,0.9918193221092224,0.12376967072486877,0.004168350249528885,0.019790472462773323,0.031284939497709274,-0.12205468863248825,-0.01568809151649475,-0.01654517836868763,0.047613147646188736
346,1772099475.3789923,1,0,0.11506541818380356,-0.5930370688438416,-0.21895070374011993,0.9999306201934814,0.15950337052345276,-0.4300742745399475,-0.015968061983585358,0.9996137022972107,-0.13687987625598907,-0.43172121047973633,-0.11751757562160492,0.9999524354934692,0.24466462433338165,-0.24146205186843872,0.056644000113010406,0.49180060625076294,-0.3563377559185028,-0.3417600691318512,-0.2776174247264862,0.9960310459136963,0.3168085813522339,-0.06997469812631607,0.04536955803632736,0.1477413922548294,-0.3284376263618469,-0.5474358797073364,-0.43247297406196594,0.9921991229057312,0.12376328557729721,0.003998200874775648,0.019817877560853958,0.030445175245404243,-0.12205766886472702,-0.015658412128686905,-0.016584957018494606,0.04672480374574661
347,1772099475.4250314,1,0,0.11642127484083176,-0.5932489037513733,-0.21579265594482422,0.9999315738677979,0.1584695279598236,-0.4301353693008423,-0.013852995820343494,0.9996224641799927,-0.13684989511966705,-0.43147367238998413,-0.11739552021026611,0.9999528527259827,0.2454201579093933,-0.24139513075351715,0.056326571851968765,0.4906163215637207,-0.3553289473056793,-0.3412904143333435,-0.27644333243370056,0.9960798025131226,0.3168395757675171,-0.06970084458589554,0.04255516827106476,0.14726223051548004,-0.327353835105896,-0.5475583672523499,-0.4305318295955658,0.992531955242157,0.12376906722784042,0.003828277112916112,0.0198497474193573,0.029646778479218483,-0.12207631021738052,-0.015618322417140007,-0.016624275594949722,0.045831404626369476
348,1772099475.4781058,1,0,0.11360808461904526,-0.5932621955871582,-0.21916015446186066,0.999933123588562,0.1594560742378235,-0.42979350686073303,-0.015046420507133007,0.9996310472488403,-0.13729073107242584,-0.43144097924232483,-0.11619328707456589,0.999954342842102,0.24550361931324005,-0.23971447348594666,0.0541328489780426,0.4971657693386078,-0.355766624212265,-0.3396913707256317,-0.27598926424980164,0.996235191822052,0.31680020689964294,-0.06782346218824387,0.04245295003056526,0.15164631605148315,-0.3272360861301422,-0.5433761477470398,-0.43515878915786743,0.9929713606834412,0.12388071417808533,0.0038073246832937002,0.019342826679348946,0.029472634196281433,-0.12221548706293106,-0.01559847965836525,-0.016226014122366905,0.0455116331577301
349,1772099475.524916,1,0,0.10806315392255783,-0.593168318271637,-0.22091665863990784,0.9999330043792725,0.15992023050785065,-0.42983120679855347,-0.015470186248421669,0.9996316432952881,-0.13829047977924347,-0.43147215247154236,-0.1126926988363266,0.9999549984931946,0.24549470841884613,-0.23850683867931366,0.04994265362620354,0.502120316028595,-0.3563714325428009,-0.33689987659454346,-0.27146393060684204,0.9963324069976807,0.3150983154773712,-0.06607440114021301,0.036563169211149216,0.15403294563293457,-0.32796797156333923,-0.5388308763504028,-0.4352063536643982,0.9933536648750305,0.12388425320386887,0.0037886754143983126,0.018639950081706047,0.028803497552871704,-0.1222386360168457,-0.015579515136778355,-0.015727628022432327,0.044694896787405014
350,1772099475.5751796,1,0,0.10652854293584824,-0.5925502777099609,-0.2212374061346054,0.9999344348907471,0.16014255583286285,-0.4300248324871063,-0.015180821530520916,0.9996370077133179,-0.13877606391906738,-0.4315759837627411,-0.10892993956804276,0.9999565482139587,0.245243638753891,-0.2378314733505249,0.0500047542154789,0.5069400072097778,-0.35639914870262146,-0.33344200253486633,-0.26768121123313904,0.9964559674263,0.31159913539886475,-0.06551985442638397,0.03797655552625656,0.155197411775589,-0.32762759923934937,-0.532005250453949,-0.43523329496383667,0.9937247633934021,0.12379822134971619,0.003792515955865383,0.018564317375421524,0.029016148298978806,-0.12217525392770767,-0.015553884208202362,-0.015696171671152115,0.04550890997052193
351,1772099475.6290364,1,0,0.10199987143278122,-0.5929172039031982,-0.22142846882343292,0.9999359250068665,0.15887156128883362,-0.4303526282310486,-0.015269468538463116,0.999640941619873,-0.14272990822792053,-0.4315054714679718,-0.10850401222705841,0.9999575614929199,0.2446989268064499,-0.23785993456840515,0.04978088662028313,0.5078818202018738,-0.35941097140312195,-0.3292079269886017,-0.26671358942985535,0.996505081653595,0.31029829382896423,-0.065459243953228,0.038334429264068604,0.15705932676792145,-0.33038315176963806,-0.5261235237121582,-0.4353445768356323,0.9940576553344727,0.12383824586868286,0.003755672136321664,0.018327247351408005,0.027980485931038857,-0.12224463373422623,-0.015535457991063595,-0.015567243099212646,0.043975695967674255
352,1772099475.6754298,1,0,0.10224989801645279,-0.5932439565658569,-0.22059981524944305,0.9999369382858276,0.15880145132541656,-0.4303843379020691,-0.014910068362951279,0.9996438026428223,-0.14268216490745544,-0.43129637837409973,-0.10774281620979309,0.9999580383300781,0.24472177028656006,-0.2377752661705017,0.04951251670718193,0.5092572569847107,-0.35919705033302307,-0.3256619870662689,-0.26425620913505554,0.9964984655380249,0.3095255196094513,-0.0655314177274704,0.03797126188874245,0.15613652765750885,-0.33003535866737366,-0.5245375037193298,-0.43101397156715393,0.9942880868911743,0.12385839968919754,0.003792703151702881,0.018331142142415047,0.027068322524428368,-0.1222749799489975,-0.015683216974139214,-0.015576581470668316,0.042680367827415466
353,1772099475.7252629,1,0,0.10246571153402328,-0.5935394167900085,-0.22039057314395905,0.999937891960144,0.15878434479236603,-0.4304511547088623,-0.014744983986020088,0.9996466040611267,-0.14262737333774567,-0.43119871616363525,-0.10738247632980347,0.9999584555625916,0.24475300312042236,-0.2376958429813385,0.04939575865864754,0.5102460980415344,-0.3590753972530365,-0.3241305351257324,-0.26313456892967224,0.9965007305145264,0.30897119641304016,-0.06556840986013412,0.038120757788419724,0.15548692643642426,-0.3298872411251068,-0.5236954689025879,-0.4295083284378052,0.9944971203804016,0.12387993931770325,0.003817763878032565,0.01833539642393589,0.02630476839840412,-0.12230506539344788,-0.01579003594815731,-0.015585759654641151,0.0415794812142849
354,1772099475.7749374,1,0,0.10181666910648346,-0.5935955047607422,-0.220523402094841,0.9999363422393799,0.15858019888401031,-0.43046340346336365,-0.014752752147614956,0.9996382594108582,-0.14310677349567413,-0.43026986718177795,-0.10740969330072403,0.9999576807022095,0.2447483092546463,-0.2381243109703064,0.0496186688542366,0.5080041289329529,-0.35945039987564087,-0.32158881425857544,-0.2623223066329956,0.9964674711227417,0.3089895248413086,-0.06628532707691193,0.038258809596300125,0.15437199175357819,-0.33037444949150085,-0.5217863917350769,-0.42822372913360596,0.994688868522644,0.1238785833120346,0.0038137976080179214,0.01840447448194027,0.02534756250679493,-0.12230827659368515,-0.015809329226613045,-0.01571490615606308,0.04012087360024452
355,1772099475.8210323,1,0,0.10145744681358337,-0.5936072468757629,-0.2208625078201294,0.9999356865882874,0.15826445817947388,-0.43072712421417236,-0.014751303941011429,0.9996344447135925,-0.1445118933916092,-0.43020978569984436,-0.10770981758832932,0.9999577403068542,0.24467319250106812,-0.23860885202884674,0.04972595348954201,0.5043553709983826,-0.36166489124298096,-0.32034578919410706,-0.26240214705467224,0.9964516162872314,0.3083801567554474,-0.06630051136016846,0.03866131603717804,0.15275955200195312,-0.33072489500045776,-0.5191149711608887,-0.42853185534477234,0.9948441982269287,0.12393350154161453,0.0037935918662697077,0.018451906740665436,0.024315092712640762,-0.12238862365484238,-0.015799447894096375,-0.015809476375579834,0.038566216826438904
356,1772099475.8756905,1,0,0.10077192634344101,-0.5938078165054321,-0.22239358723163605,0.9999352097511292,0.1577821969985962,-0.43097570538520813,-0.015595820732414722,0.9996320605278015,-0.1462135910987854,-0.4300133287906647,-0.10887343436479568,0.9999570250511169,0.24467474222183228,-0.23974065482616425,0.049246646463871,0.5049510598182678,-0.36376693844795227,-0.3207303285598755,-0.26346471905708313,0.9964465498924255,0.30853551626205444,-0.06638724356889725,0.038949307054281235,0.15328635275363922,-0.3316118121147156,-0.518936038017273,-0.4300549328327179,0.9949590563774109,0.12399660795927048,0.003644233802333474,0.018456021323800087,0.02351585030555725,-0.12247633188962936,-0.015710653737187386,-0.01582353748381138,0.03716403245925903
357,1772099475.9258125,1,0,0.10043028742074966,-0.5940225720405579,-0.2271164059638977,0.9999334216117859,0.1576903611421585,-0.4310232996940613,-0.018724484369158745,0.9996286630630493,-0.14740677177906036,-0.4291650950908661,-0.11299815028905869,0.9999564290046692,0.24441978335380554,-0.24051496386528015,0.04913768917322159,0.502309262752533,-0.36587584018707275,-0.32099759578704834,-0.26912721991539,0.9964969158172607,0.308163046836853,-0.06649550050497055,0.04156021028757095,0.1511182337999344,-0.3329150080680847,-0.519442617893219,-0.4350568950176239,0.9950313568115234,0.12432709336280823,0.0033416252117604017,0.018452618271112442,0.023110095411539078,-0.12281552702188492,-0.015491163358092308,-0.015818310901522636,0.03628306835889816
358,1772099475.978139,1,0,0.0998210683465004,-0.5944676399230957,-0.22923612594604492,0.999932050704956,0.15769052505493164,-0.4310159981250763,-0.020540419965982437,0.999622106552124,-0.14768829941749573,-0.4284442961215973,-0.11414474993944168,0.9999551177024841,0.24430938065052032,-0.24096202850341797,0.048855915665626526,0.4989756643772125,-0.3668958842754364,-0.3212217390537262,-0.26974523067474365,0.9965022206306458,0.3078036606311798,-0.06679592281579971,0.04301563650369644,0.15067721903324127,-0.33456265926361084,-0.5198382139205933,-0.43521299958229065,0.9951039552688599,0.12464267760515213,0.003235915210098028,0.018451591953635216,0.022461995482444763,-0.12313716113567352,-0.015481353737413883,-0.01581624150276184,0.035043470561504364
359,1772099476.0252905,1,0,0.09783841669559479,-0.5943987965583801,-0.23328222334384918,0.9999290704727173,0.1570456624031067,-0.43150854110717773,-0.02282884530723095,0.9996175169944763,-0.14954045414924622,-0.4282101094722748,-0.11751439422369003,0.9999536275863647,0.24404458701610565,-0.24137334525585175,0.04727509245276451,0.49783989787101746,-0.36863309144973755,-0.3213680684566498,-0.27484944462776184,0.9965395927429199,0.30816295742988586,-0.06681574136018753,0.041912078857421875,0.1517069786787033,-0.3386189043521881,-0.5199485421180725,-0.4417463541030884,0.9951602816581726,0.1246902272105217,0.0029600670095533133,0.018417909741401672,0.022262729704380035,-0.12319818884134293,-0.015138102695345879,-0.015779631212353706,0.034490592777729034
360,1772099476.0789633,1,0,0.09790989011526108,-0.5944105982780457,-0.24046340584754944,0.9999265670776367,0.1567401885986328,-0.43159785866737366,-0.029622482135891914,0.9996169805526733,-0.14964182674884796,-0.4272926151752472,-0.12571290135383606,0.9999525547027588,0.24382269382476807,-0.24359171092510223,0.04562114551663399,0.4984845221042633,-0.369546502828598,-0.3226797580718994,-0.28495028614997864,0.9966210722923279,0.3087005019187927,-0.06739272177219391,0.042462222278118134,0.154873788356781,-0.34102752804756165,-0.5213120579719543,-0.4497314989566803,0.9952837228775024,0.1247231587767601,0.002549122553318739,0.018263166770339012,0.022177156060934067,-0.12324007600545883,-0.01468722429126501,-0.015616051852703094,0.03391255810856819
361,1772099476.1257641,1,0,0.09606710821390152,-0.5948551297187805,-0.2483590990304947,0.9999237656593323,0.15647785365581512,-0.4316447079181671,-0.035365089774131775,0.9996089935302734,-0.15034759044647217,-0.42704129219055176,-0.12932266294956207,0.9999525547027588,0.24138329923152924,-0.24448637664318085,0.0386260561645031,0.5014009475708008,-0.37297794222831726,-0.32272541522979736,-0.29110077023506165,0.9967400431632996,0.30868732929229736,-0.06829722970724106,0.03336816281080246,0.1599694937467575,-0.3432599604129791,-0.5195267200469971,-0.4630972743034363,0.9954898953437805,0.12462245672941208,0.0023700115270912647,0.017618758603930473,0.022012896835803986,-0.1231936439871788,-0.014198536984622478,-0.015136132016777992,0.033440664410591125
362,1772099476.1791587,1,0,0.09601736068725586,-0.5949904918670654,-0.2516457438468933,0.999922513961792,0.15624329447746277,-0.4318111836910248,-0.038103487342596054,0.999606192111969,-0.15133796632289886,-0.4267323613166809,-0.13250139355659485,0.9999521374702454,0.24106740951538086,-0.24530388414859772,0.03338731825351715,0.5032391548156738,-0.375140905380249,-0.32281771302223206,-0.2961631417274475,0.9968238472938538,0.30928945541381836,-0.06831366568803787,0.025591116398572922,0.1654120832681656,-0.3439697325229645,-0.5177091360092163,-0.47136572003364563,0.9956284165382385,0.12461712211370468,0.00204297318123281,0.01725650206208229,0.021830813959240913,-0.12320208549499512,-0.013735049404203892,-0.014839892275631428,0.03286385163664818
363,1772099476.2251728,1,0,0.09631605446338654,-0.5950196385383606,-0.25123366713523865,0.9999215602874756,0.1550484448671341,-0.4324582815170288,-0.038533881306648254,0.9996094107627869,-0.15130625665187836,-0.426372230052948,-0.1343524008989334,0.9999527931213379,0.23967652022838593,-0.24937006831169128,0.03519732877612114,0.509773850440979,-0.37515369057655334,-0.32308727502822876,-0.3008064925670624,0.9969602823257446,0.30973097681999207,-0.07047687470912933,0.03556031361222267,0.17208242416381836,-0.3437696397304535,-0.516940712928772,-0.4762759804725647,0.995832622051239,0.12398798018693924,0.0018023769371211529,0.017003262415528297,0.02268914133310318,-0.1226613000035286,-0.012922234833240509,-0.01467546634376049,0.03383629396557808
364,1772099476.2758048,1,0,0.10132452845573425,-0.5952371954917908,-0.24537406861782074,0.9999198317527771,0.15385450422763824,-0.43389269709587097,-0.036088574677705765,0.9996148347854614,-0.14972081780433655,-0.42645710706710815,-0.13374853134155273,0.999953031539917,0.23824931681156158,-0.2540908753871918,0.046041276305913925,0.5155328512191772,-0.37376144528388977,-0.3242471516132355,-0.30031609535217285,0.9970647692680359,0.31026437878608704,-0.0747179463505745,0.05316288024187088,0.17896762490272522,-0.3435913324356079,-0.5172104835510254,-0.4730626046657562,0.9960098266601562,0.1230073794722557,0.0017792253056541085,0.017171017825603485,0.023800373077392578,-0.12173344194889069,-0.012748044915497303,-0.014897272922098637,0.03506549075245857
365,1772099476.327868,1,0,0.1093248724937439,-0.5951959490776062,-0.24305357038974762,0.9999151825904846,0.15349991619586945,-0.43436336517333984,-0.03577803447842598,0.999618649482727,-0.14716823399066925,-0.4264451563358307,-0.13503497838974,0.9999520182609558,0.23784324526786804,-0.25558215379714966,0.04663238674402237,0.5216391086578369,-0.37068381905555725,-0.3259789049625397,-0.30226853489875793,0.9971429109573364,0.31218183040618896,-0.0768594816327095,0.05243052542209625,0.18738453090190887,-0.3428257405757904,-0.5179248452186584,-0.47178977727890015,0.9961486458778381,0.12220196425914764,0.0017326250672340393,0.017215367406606674,0.024571683257818222,-0.12098782509565353,-0.012556190602481365,-0.014961575157940388,0.03575567528605461
366,1772099476.3787599,1,0,0.11688242107629776,-0.5951270461082458,-0.23282527923583984,0.9999117851257324,0.15180005133152008,-0.43567386269569397,-0.032680757343769073,0.9996285438537598,-0.14486294984817505,-0.42640072107315063,-0.1349189430475235,0.9999512434005737,0.2368077039718628,-0.257830947637558,0.050562404096126556,0.5282977819442749,-0.3660307824611664,-0.32645732164382935,-0.30166780948638916,0.9971982836723328,0.31231608986854553,-0.07862300425767899,0.05391398072242737,0.1964457482099533,-0.34197506308555603,-0.5182515382766724,-0.47097310423851013,0.9962742924690247,0.121483713388443,0.0016696496168151498,0.017401210963726044,0.025286823511123657,-0.12031175941228867,-0.012412214651703835,-0.01516634039580822,0.036363635212183
367,1772099476.42906,1,0,0.12016457319259644,-0.593801736831665,-0.23200008273124695,0.9999082088470459,0.15166953206062317,-0.4368414878845215,-0.03223452717065811,0.9996433258056641,-0.14338071644306183,-0.42657387256622314,-0.13538923859596252,0.9999507069587708,0.23687264323234558,-0.26074448227882385,0.051858194172382355,0.5437366366386414,-0.36376145482063293,-0.33299362659454346,-0.30358967185020447,0.9972953796386719,0.31673476099967957,-0.0823679193854332,0.054427310824394226,0.20696419477462769,-0.3403668701648712,-0.523464024066925,-0.4697842597961426,0.9963296055793762,0.12069521099328995,0.001483830506913364,0.01739530637860298,0.027328042313456535,-0.11955400556325912,-0.011844472028315067,-0.015163236297667027,0.03840718790888786
368,1772099476.4756305,1,0,0.12187957763671875,-0.5920003056526184,-0.22855187952518463,0.9999065399169922,0.15149058401584625,-0.43821296095848083,-0.027662811800837517,0.9996511936187744,-0.1426025927066803,-0.42662936449050903,-0.13517068326473236,0.9999492764472961,0.23729392886161804,-0.26135143637657166,0.05345306918025017,0.5476276278495789,-0.35953667759895325,-0.3329150974750519,-0.30313363671302795,0.9972600340843201,0.3187708258628845,-0.08275433629751205,0.05443822219967842,0.21545983850955963,-0.3392678201198578,-0.5222799181938171,-0.46896669268608093,0.9963629245758057,0.12022626399993896,0.0014591665240004659,0.01833154633641243,0.027834711596369743,-0.11909379810094833,-0.011825945228338242,-0.01612667553126812,0.03865112364292145
369,1772099476.5300252,1,0,0.12290909886360168,-0.5909019708633423,-0.22545140981674194,0.9999058246612549,0.15151295065879822,-0.4389227628707886,-0.023099707439541817,0.999657154083252,-0.14203974604606628,-0.4267995357513428,-0.134827122092247,0.9999483227729797,0.23785005509853363,-0.2612382173538208,0.05532997474074364,0.5502520799636841,-0.35641953349113464,-0.3327541649341583,-0.30267050862312317,0.9972427487373352,0.3206053674221039,-0.08292318880558014,0.05454321950674057,0.22195468842983246,-0.33683308959007263,-0.5212866067886353,-0.46850255131721497,0.9963998198509216,0.11993923783302307,0.0014388624113053083,0.01904335618019104,0.02828667126595974,-0.11880965530872345,-0.011811741627752781,-0.01686725579202175,0.03891952335834503
370,1772099476.5756392,1,0,0.1233929917216301,-0.5900341868400574,-0.22325555980205536,0.9999064207077026,0.1515078842639923,-0.4398573040962219,-0.019167380407452583,0.999666690826416,-0.14159108698368073,-0.42696037888526917,-0.13402383029460907,0.9999486804008484,0.23836204409599304,-0.2615956962108612,0.06060485169291496,0.5573877096176147,-0.35443609952926636,-0.332579106092453,-0.30235427618026733,0.9973117709159851,0.3213585913181305,-0.08378904312849045,0.05963306501507759,0.22903130948543549,-0.33598870038986206,-0.5208189487457275,-0.46867886185646057,0.9965015649795532,0.11956175416707993,0.0014293083222582936,0.01932932436466217,0.029572883620858192,-0.11841905117034912,-0.011795459315180779,-0.017161542549729347,0.040180522948503494
371,1772099476.6283536,1,0,0.12437539547681808,-0.587253987789154,-0.22148039937019348,0.9999061822891235,0.15142109990119934,-0.440916508436203,-0.016180487349629402,0.9996768236160278,-0.14098548889160156,-0.42715147137641907,-0.13388307392597198,0.9999489784240723,0.2387220710515976,-0.26238954067230225,0.06272799521684647,0.5644912123680115,-0.35241368412971497,-0.33245405554771423,-0.30324381589889526,0.9973574876785278,0.32230719923973083,-0.08454221487045288,0.05981964245438576,0.2379276156425476,-0.3335041105747223,-0.5201069712638855,-0.46976184844970703,0.9965869188308716,0.11905793100595474,0.001440959982573986,0.020115267485380173,0.030772197991609573,-0.11792071163654327,-0.011784890666604042,-0.01793043501675129,0.04138162359595299
372,1772099476.6752577,1,0,0.12716302275657654,-0.5863655209541321,-0.21711333096027374,0.9999043941497803,0.1513819694519043,-0.44170907139778137,-0.014307563193142414,0.9996879696846008,-0.13946115970611572,-0.42725205421447754,-0.1336485594511032,0.9999484419822693,0.2387688159942627,-0.26345759630203247,0.06460251659154892,0.5727711319923401,-0.3500254452228546,-0.33297982811927795,-0.3029007315635681,0.9973648190498352,0.3223089873790741,-0.08611223846673965,0.06102832779288292,0.24533489346504211,-0.3303994834423065,-0.5219464302062988,-0.46485257148742676,0.9965969324111938,0.11888552457094193,0.0014465178828686476,0.02060709334909916,0.03141370788216591,-0.11774244904518127,-0.011826637201011181,-0.018355922773480415,0.04191228747367859
373,1772099476.7280347,1,0,0.1271507292985916,-0.5855732560157776,-0.2174806296825409,0.9999037384986877,0.1513744443655014,-0.44168761372566223,-0.015149835497140884,0.9996994733810425,-0.13945236802101135,-0.42706024646759033,-0.13427697122097015,0.9999488592147827,0.23895758390426636,-0.2633556127548218,0.06392728537321091,0.5817797780036926,-0.35031312704086304,-0.332907497882843,-0.30282318592071533,0.9974294304847717,0.3213091790676117,-0.08548323065042496,0.0602431446313858,0.24962882697582245,-0.32878822088241577,-0.5224815607070923,-0.46452075242996216,0.9966553449630737,0.118880994617939,0.001437899423763156,0.02052277699112892,0.0317489393055439,-0.11773815751075745,-0.011825717985630035,-0.018260592594742775,0.04219934716820717
374,1772099476.7754653,1,0,0.1273970901966095,-0.584457278251648,-0.21791112422943115,0.9999023079872131,0.15108263492584229,-0.44191691279411316,-0.015725964680314064,0.9997126460075378,-0.1395590603351593,-0.4270041584968567,-0.13523538410663605,0.9999492168426514,0.23896397650241852,-0.2635100781917572,0.06241947412490845,0.591162919998169,-0.35052430629730225,-0.33292385935783386,-0.30327627062797546,0.9974846839904785,0.32061269879341125,-0.08545035123825073,0.05743805319070816,0.2525438964366913,-0.3282168507575989,-0.5240094661712646,-0.4644166827201843,0.9966587424278259,0.11888684332370758,0.0013862246414646506,0.020485535264015198,0.032407503575086594,-0.11773977428674698,-0.01180010661482811,-0.018191393464803696,0.042849715799093246
375,1772099476.8249536,1,0,0.12714500725269318,-0.5836131572723389,-0.21826142072677612,0.9999033808708191,0.15028712153434753,-0.44200241565704346,-0.016604283824563026,0.9997266530990601,-0.14008480310440063,-0.4266131520271301,-0.1358434110879898,0.9999502301216125,0.2392246276140213,-0.26353248953819275,0.05996323004364967,0.6023504137992859,-0.350691020488739,-0.3316965103149414,-0.30328693985939026,0.9975433349609375,0.3203784227371216,-0.08505679666996002,0.0519246868789196,0.25911080837249756,-0.32817986607551575,-0.5239875316619873,-0.46438151597976685,0.996743381023407,0.11889629811048508,0.0013274607481434941,0.020298589020967484,0.03281562775373459,-0.11775175482034683,-0.011767207644879818,-0.01799803040921688,0.04334915801882744
376,1772099476.875485,1,0,0.12729592621326447,-0.5835085511207581,-0.21780195832252502,0.9999021887779236,0.1502441167831421,-0.4419781267642975,-0.016762206330895424,0.999735951423645,-0.14005626738071442,-0.4265475571155548,-0.13563145697116852,0.9999503493309021,0.23934206366539001,-0.2633337676525116,0.0580453984439373,0.610780656337738,-0.35083943605422974,-0.33112087845802307,-0.3024110794067383,0.9975661039352417,0.31904691457748413,-0.08447588235139847,0.04760008305311203,0.26181891560554504,-0.3274608552455902,-0.5240075588226318,-0.46223509311676025,0.9967747330665588,0.11891791969537735,0.0013203833950683475,0.020087730139493942,0.032831236720085144,-0.11777642369270325,-0.011778237298130989,-0.017763786017894745,0.0433170311152935
377,1772099476.9271836,1,0,0.12716010212898254,-0.5835413932800293,-0.21739278733730316,0.9998987913131714,0.15020892024040222,-0.4419596195220947,-0.016896937042474747,0.9997430443763733,-0.14006257057189941,-0.4265629053115845,-0.13462944328784943,0.999950110912323,0.23892362415790558,-0.26280415058135986,0.057247139513492584,0.6177026629447937,-0.3509041368961334,-0.3310469686985016,-0.3000401556491852,0.9975853562355042,0.31620359420776367,-0.08395352959632874,0.04612205922603607,0.26294928789138794,-0.3275570571422577,-0.5240800380706787,-0.4589306712150574,0.9967874884605408,0.11891603469848633,0.0013250589836388826,0.01979011483490467,0.03299204260110855,-0.11777472496032715,-0.011773389764130116,-0.01743813417851925,0.04343985393643379
378,1772099476.9752483,1,0,0.12705831229686737,-0.5834919214248657,-0.21754682064056396,0.9998985528945923,0.1502075344324112,-0.4418153464794159,-0.017133085057139397,0.9997504353523254,-0.1400858461856842,-0.42653897404670715,-0.13450150191783905,0.9999502301216125,0.23926804959774017,-0.2621949017047882,0.054938867688179016,0.6226939558982849,-0.3510071337223053,-0.3296414315700531,-0.29922574758529663,0.9975878596305847,0.31628096103668213,-0.0832783579826355,0.04198279231786728,0.26507797837257385,-0.327606737613678,-0.5231967568397522,-0.4586675465106964,0.9968393445014954,0.11902812123298645,0.0013172097969800234,0.019538337364792824,0.03237167373299599,-0.1178952306509018,-0.011796410195529461,-0.017177484929561615,0.042533185333013535
379,1772099477.024851,1,0,0.12677352130413055,-0.5835161209106445,-0.21759644150733948,0.9998974204063416,0.149625763297081,-0.44183921813964844,-0.01733720675110817,0.9997581839561462,-0.14019854366779327,-0.4265339970588684,-0.13440485298633575,0.9999511241912842,0.2390396147966385,-0.26194310188293457,0.05424927920103073,0.6288500428199768,-0.35139158368110657,-0.3288520276546478,-0.2991044223308563,0.997641921043396,0.3152409791946411,-0.08290591090917587,0.04152487963438034,0.26660990715026855,-0.32895413041114807,-0.5227193832397461,-0.45869389176368713,0.9969161748886108,0.1189817413687706,0.0013151770690456033,0.019161488860845566,0.032734937965869904,-0.11784970015287399,-0.011753926984965801,-0.01679341495037079,0.04322834685444832
380,1772099477.074854,1,0,0.12671394646167755,-0.5835270881652832,-0.21768991649150848,0.9998959898948669,0.15008756518363953,-0.4418362081050873,-0.01738460175693035,0.999758243560791,-0.1394757479429245,-0.4265976846218109,-0.13344435393810272,0.9999511241912842,0.23904407024383545,-0.2619028687477112,0.05536526069045067,0.6295100450515747,-0.35064637660980225,-0.3284316062927246,-0.2972950339317322,0.9976435303688049,0.31506484746932983,-0.08298393338918686,0.04600004479289055,0.26782652735710144,-0.32895416021347046,-0.522369384765625,-0.4576570391654968,0.9969696998596191,0.11899879574775696,0.0013727049808949232,0.019210685044527054,0.03245032578706741,-0.11786305159330368,-0.011867924593389034,-0.016832448542118073,0.04285021126270294
381,1772099477.1248393,1,0,0.1266387552022934,-0.5835439562797546,-0.21765170991420746,0.9998953938484192,0.1502271145582199,-0.4418140649795532,-0.017422053962945938,0.9997618198394775,-0.13930164277553558,-0.4265262484550476,-0.13235114514827728,0.9999517798423767,0.2390461415052414,-0.26186972856521606,0.0564393550157547,0.6336248517036438,-0.3506101369857788,-0.3273484706878662,-0.2963279187679291,0.9976817965507507,0.31319358944892883,-0.08295177668333054,0.05018186196684837,0.26897579431533813,-0.3289695084095001,-0.5214985609054565,-0.45747801661491394,0.9970343112945557,0.11897902935743332,0.0014083675341680646,0.01910107582807541,0.032831888645887375,-0.11783967167139053,-0.011868152767419815,-0.01671978272497654,0.043370168656110764
382,1772099477.175531,1,0,0.1269691288471222,-0.5835595726966858,-0.2175464630126953,0.9998936057090759,0.14999240636825562,-0.44215765595436096,-0.017394578084349632,0.999768078327179,-0.13877370953559875,-0.42642682790756226,-0.13282926380634308,0.9999523162841797,0.2389206737279892,-0.2636065185070038,0.06168150529265404,0.64130038022995,-0.349962055683136,-0.32734414935112,-0.29669657349586487,0.9977291822433472,0.31313955783843994,-0.08520112186670303,0.061718329787254333,0.2727465033531189,-0.32900270819664,-0.5225003957748413,-0.4569326937198639,0.9970829486846924,0.11891968548297882,0.0014075333019718528,0.019564690068364143,0.03422292321920395,-0.11775750666856766,-0.011869003996253014,-0.017095979303121567,0.04491180554032326
383,1772099477.2243397,1,0,0.12703141570091248,-0.5835681557655334,-0.2172398716211319,0.9998921751976013,0.14964506030082703,-0.44246405363082886,-0.017256492748856544,0.9997732639312744,-0.13839739561080933,-0.42637404799461365,-0.13300004601478577,0.9999527335166931,0.23841825127601624,-0.26489493250846863,0.065223827958107,0.6486274003982544,-0.3496091067790985,-0.32737720012664795,-0.29694974422454834,0.9977728128433228,0.3128998875617981,-0.08670953661203384,0.0675061047077179,0.27759701013565063,-0.3290579617023468,-0.5229832530021667,-0.45669203996658325,0.9971346259117126,0.11877527087926865,0.0014200840378180146,0.019964804872870445,0.03552589192986488,-0.11759552359580994,-0.011871753260493279,-0.017459042370319366,0.0464165098965168
384,1772099477.2749832,1,0,0.1260930895805359,-0.583693265914917,-0.2183530181646347,0.9998886585235596,0.14949360489845276,-0.4423311948776245,-0.018885744735598564,0.999773383140564,-0.13846640288829803,-0.4261541962623596,-0.13317357003688812,0.9999526739120483,0.23789425194263458,-0.2648431062698364,0.0630803257226944,0.6531052589416504,-0.3502710461616516,-0.327360063791275,-0.29679152369499207,0.9978015422821045,0.3115653991699219,-0.08664677292108536,0.06383819878101349,0.27902278304100037,-0.3303542137145996,-0.5231592655181885,-0.45601245760917664,0.9971867203712463,0.11871245503425598,0.001421295921318233,0.019826216623187065,0.03552310913801193,-0.11753901839256287,-0.011864647269248962,-0.01735570654273033,0.046620845794677734
385,1772099477.3238397,1,0,0.12601761519908905,-0.5842375755310059,-0.21459929645061493,0.9998869895935059,0.1499636173248291,-0.44225427508354187,-0.01682998798787594,0.999773383140564,-0.13820649683475494,-0.4263469874858856,-0.12691043317317963,0.9999520182609558,0.23788703978061676,-0.26234370470046997,0.06151721626520157,0.6535024046897888,-0.3500363826751709,-0.32732120156288147,-0.28787583112716675,0.9977551102638245,0.30975541472435,-0.08592195063829422,0.053754713386297226,0.2788078486919403,-0.33035171031951904,-0.5230947732925415,-0.4476112127304077,0.9971833229064941,0.11870653927326202,0.001506627770140767,0.019635474309325218,0.034728676080703735,-0.11753460764884949,-0.011985178105533123,-0.017178986221551895,0.045757975429296494
386,1772099477.373708,1,0,0.12442991137504578,-0.5856433510780334,-0.21469606459140778,0.999885082244873,0.14988023042678833,-0.4421917796134949,-0.017006218433380127,0.9997735619544983,-0.1383054554462433,-0.426438570022583,-0.12622155249118805,0.9999518990516663,0.23671028017997742,-0.26139816641807556,0.05760747939348221,0.6536866426467896,-0.3511029779911041,-0.3281000554561615,-0.2869141399860382,0.9977510571479797,0.3076092600822449,-0.08560845255851746,0.04549862816929817,0.2779485583305359,-0.3304273188114166,-0.5242646932601929,-0.44614022970199585,0.9971836805343628,0.11871756613254547,0.0014975586673244834,0.019182808697223663,0.034172724932432175,-0.11755248159170151,-0.011976510286331177,-0.016712600365281105,0.045294828712940216
387,1772099477.424142,1,0,0.1239686980843544,-0.5860116481781006,-0.2136896401643753,0.9998859167098999,0.15005247294902802,-0.44112253189086914,-0.016756301745772362,0.9997720122337341,-0.13830822706222534,-0.4264387786388397,-0.12358323484659195,0.9999507069587708,0.2364991456270218,-0.255477637052536,0.04913077503442764,0.6477486491203308,-0.3511306047439575,-0.3280723989009857,-0.28073444962501526,0.9976224899291992,0.30489054322242737,-0.080294668674469,0.026494665071368217,0.2750176191329956,-0.33037805557250977,-0.5242582559585571,-0.4384116530418396,0.9971314072608948,0.11886285990476608,0.0015319760423153639,0.01899537816643715,0.03271770477294922,-0.11772368848323822,-0.012208012863993645,-0.0165293850004673,0.043578580021858215
388,1772099477.4751725,1,0,0.12339871376752853,-0.5861722230911255,-0.21330626308918,0.9998868107795715,0.150112122297287,-0.44037064909935,-0.01653403788805008,0.9997704029083252,-0.13840985298156738,-0.42642608284950256,-0.12243004888296127,0.9999498128890991,0.23628433048725128,-0.25267544388771057,0.045893147587776184,0.6415632963180542,-0.351276159286499,-0.32781782746315,-0.2787696123123169,0.9975169897079468,0.3034532368183136,-0.07751978188753128,0.021635234355926514,0.27220776677131653,-0.3303639888763428,-0.523995041847229,-0.43680456280708313,0.997103214263916,0.11900481581687927,0.0015510861994698644,0.01885988563299179,0.03137591481208801,-0.11788883805274963,-0.012363333255052567,-0.01640613190829754,0.04196234792470932
389,1772099477.524039,1,0,0.11979778856039047,-0.5862355828285217,-0.21492084860801697,0.99988853931427,0.14989599585533142,-0.4396311044692993,-0.017222918570041656,0.9997687339782715,-0.1405005156993866,-0.4260946810245514,-0.12255975604057312,0.9999496340751648,0.23585382103919983,-0.2511906027793884,0.04248995706439018,0.6367661356925964,-0.35391825437545776,-0.3275422751903534,-0.27937623858451843,0.9975115060806274,0.30344945192337036,-0.07571431994438171,0.01741953194141388,0.2719322741031647,-0.33110877871513367,-0.5231336951255798,-0.43800583481788635,0.9971545338630676,0.11915528774261475,0.00150757422670722,0.018630174919962883,0.030035899952054024,-0.11806825548410416,-0.012374076060950756,-0.016212891787290573,0.04027874395251274
390,1772099477.575174,1,0,0.11888350546360016,-0.5867506265640259,-0.21679647266864777,0.9998884201049805,0.15055596828460693,-0.438240110874176,-0.017774293199181557,0.9997609257698059,-0.14074000716209412,-0.4259509742259979,-0.12267936766147614,0.9999487996101379,0.23583412170410156,-0.2485366016626358,0.04100150242447853,0.6273985505104065,-0.35467422008514404,-0.32755398750305176,-0.27981775999069214,0.9974778294563293,0.30293869972229004,-0.0735795795917511,0.01770903170108795,0.2680084705352783,-0.33113154768943787,-0.5231271386146545,-0.4385468661785126,0.9971532225608826,0.1195141151547432,0.0015089480439200997,0.018398506566882133,0.028649037703871727,-0.11846249550580978,-0.012545958161354065,-0.015989484265446663,0.038516514003276825
391,1772099477.6288161,1,0,0.11803948134183884,-0.5867372155189514,-0.21829944849014282,0.9998880624771118,0.15041756629943848,-0.43704456090927124,-0.018394237384200096,0.9997539520263672,-0.1415683925151825,-0.42484530806541443,-0.12447583675384521,0.9999474287033081,0.23532582819461823,-0.24776768684387207,0.04068661481142044,0.6178551316261292,-0.3564324378967285,-0.32734107971191406,-0.28113505244255066,0.9974252581596375,0.3030718266963959,-0.07266286760568619,0.018732741475105286,0.26543378829956055,-0.3313157856464386,-0.5228220820426941,-0.44003206491470337,0.9971448183059692,0.11999322474002838,0.0014245954807847738,0.018549833446741104,0.027339519932866096,-0.11894788593053818,-0.01261230930685997,-0.016110006719827652,0.036751341074705124
392,1772099477.678832,1,0,0.11761151254177094,-0.5867665410041809,-0.21846655011177063,0.999887228012085,0.15034393966197968,-0.43615099787712097,-0.018555179238319397,0.9997464418411255,-0.14173904061317444,-0.4241217374801636,-0.12493206560611725,0.9999462366104126,0.23476436734199524,-0.24751342833042145,0.04048408940434456,0.6099326610565186,-0.35740503668785095,-0.32738757133483887,-0.2813243865966797,0.9973788857460022,0.30366504192352295,-0.07267343997955322,0.018340744078159332,0.264796644449234,-0.3313165307044983,-0.5229330062866211,-0.4404454529285431,0.9971569776535034,0.12021350115537643,0.001351519487798214,0.01867012307047844,0.026129940524697304,-0.11918394267559052,-0.012653474695980549,-0.01622053049504757,0.035185232758522034
393,1772099477.7279134,1,0,0.10800457000732422,-0.5876190662384033,-0.22405627369880676,0.9998868107795715,0.1523062288761139,-0.4345661997795105,-0.020047618076205254,0.999731719493866,-0.14301301538944244,-0.42413780093193054,-0.12304427474737167,0.9999458193778992,0.23486466705799103,-0.24285753071308136,0.034734323620796204,0.6017263531684875,-0.3613509237766266,-0.3267937898635864,-0.2788418233394623,0.9973500370979309,0.30371934175491333,-0.07034076750278473,0.010233219712972641,0.2596319913864136,-0.33303743600845337,-0.5193041563034058,-0.4411763846874237,0.9971722960472107,0.12046962976455688,0.0013916424941271544,0.018089573830366135,0.02493739314377308,-0.11947962641716003,-0.012772434391081333,-0.015766974538564682,0.03371736407279968
394,1772099477.7751534,1,0,0.10383567959070206,-0.5882006883621216,-0.22730863094329834,0.9998863339424133,0.15351521968841553,-0.43353524804115295,-0.0212319977581501,0.9997182488441467,-0.14378860592842102,-0.4241389036178589,-0.12220065295696259,0.9999452829360962,0.23492473363876343,-0.2406880259513855,0.0319860614836216,0.5939427614212036,-0.3635450005531311,-0.3264908492565155,-0.2777332663536072,0.9973172545433044,0.3037639558315277,-0.0690828487277031,0.007440581917762756,0.2549397349357605,-0.33435699343681335,-0.5175803303718567,-0.4416934847831726,0.9971793293952942,0.12068593502044678,0.0014185515465214849,0.017719022929668427,0.023851441219449043,-0.1197245642542839,-0.012870710343122482,-0.015473369508981705,0.032368529587984085
395,1772099477.8159602,2,1,0.10043953359127045,-0.5885702967643738,-0.227433979511261,0.9998865127563477,0.15613003075122833,-0.4326847791671753,-0.021251549944281578,0.9997055530548096,-0.1435689628124237,-0.4244748055934906,-0.11532843858003616,0.9999451637268066,0.2349618822336197,-0.23790937662124634,0.03159350901842117,0.5865887999534607,-0.3639201819896698,-0.32648104429244995,-0.269266813993454,0.9972388744354248,0.30243200063705444,-0.06803736090660095,0.007545780390501022,0.2485918402671814,-0.3344353437423706,-0.517412543296814,-0.43854567408561707,0.9971466064453125,0.12076900154352188,0.0016172693576663733,0.017078617587685585,0.022843139246106148,-0.11982261389493942,-0.013090378604829311,-0.014909058809280396,0.031217480078339577
396,1772099477.858817,2,1,0.09862969815731049,-0.5891532897949219,-0.2274678498506546,0.9998869299888611,0.1565890610218048,-0.432176411151886,-0.021252775564789772,0.9996941089630127,-0.14358414709568024,-0.4245471656322479,-0.11420541256666183,0.9999448657035828,0.23497480154037476,-0.23697292804718018,0.03165270760655403,0.5784934163093567,-0.3646295666694641,-0.3262113630771637,-0.2685132622718811,0.9971553683280945,0.3024558126926422,-0.06770925223827362,0.0075719221495091915,0.24440979957580566,-0.33464983105659485,-0.516064465045929,-0.43883809447288513,0.9971383213996887,0.12096846848726273,0.0016664281720295548,0.016883451491594315,0.021782390773296356,-0.12004593759775162,-0.013242766261100769,-0.014744793064892292,0.029906854033470154
397,1772099477.9123023,2,1,0.09181404858827591,-0.590000331401825,-0.23066678643226624,0.999889075756073,0.15660323202610016,-0.4315356910228729,-0.022718651220202446,0.9996839165687561,-0.14526581764221191,-0.42456239461898804,-0.11350010335445404,0.999945342540741,0.23509031534194946,-0.23680180311203003,0.029623255133628845,0.5728557705879211,-0.36915192008018494,-0.32605159282684326,-0.26795724034309387,0.997138500213623,0.30248814821243286,-0.06759627163410187,0.006932818330824375,0.23941807448863983,-0.33735328912734985,-0.5155572295188904,-0.439029723405838,0.9971460103988647,0.1211676225066185,0.0016712690703570843,0.016372203826904297,0.0208608228713274,-0.12026143074035645,-0.013260748237371445,-0.014285601675510406,0.028800910338759422
398,1772099477.9590735,2,1,0.08962631970643997,-0.5912069082260132,-0.23104897141456604,0.99988853931427,0.15657013654708862,-0.430978924036026,-0.022983180359005928,0.999669075012207,-0.14649933576583862,-0.42455369234085083,-0.1128762885928154,0.9999452829360962,0.2349528819322586,-0.236457958817482,0.029318464919924736,0.5645120143890381,-0.3718373775482178,-0.3250618278980255,-0.2654213607311249,0.9971283674240112,0.30139413475990295,-0.06748019903898239,0.0074845850467681885,0.23089806735515594,-0.33936551213264465,-0.5150350332260132,-0.4348171353340149,0.9971330165863037,0.1213180348277092,0.0016981387743726373,0.01618351601064205,0.019966930150985718,-0.1204143837094307,-0.013287737034261227,-0.014118731953203678,0.027746126055717468
399,1772099478.0206769,2,1,0.08672891557216644,-0.5925490260124207,-0.23195913434028625,0.9998893141746521,0.15657106041908264,-0.43076902627944946,-0.02343560755252838,0.999653697013855,-0.1469413787126541,-0.424554705619812,-0.11207091808319092,0.9999448657035828,0.23479560017585754,-0.23635083436965942,0.02909018285572529,0.5558313131332397,-0.37366631627082825,-0.3243803381919861,-0.2640974819660187,0.9970781803131104,0.3012179732322693,-0.06748908013105392,0.007896256633102894,0.22440683841705322,-0.3412327468395233,-0.5145871043205261,-0.4331721365451813,0.9971210360527039,0.12150098383426666,0.0017370155546814203,0.016019204631447792,0.01899726502597332,-0.12060810625553131,-0.013400839641690254,-0.013981088064610958,0.026524335145950317
400,1772099478.0778751,2,1,0.08568846434354782,-0.5932656526565552,-0.23262055218219757,0.9998894929885864,0.15658585727214813,-0.43052560091018677,-0.02368219569325447,0.9996376037597656,-0.14716240763664246,-0.42453402280807495,-0.11176370829343796,0.9999443292617798,0.23473580181598663,-0.23627221584320068,0.029107127338647842,0.5472475290298462,-0.37464743852615356,-0.32403653860092163,-0.26365959644317627,0.9970337152481079,0.3012360632419586,-0.06750825047492981,0.008193177171051502,0.21814285218715668,-0.34220579266548157,-0.5144741535186768,-0.43251433968544006,0.9971067905426025,0.12163612991571426,0.0017659154254943132,0.015954239293932915,0.018118873238563538,-0.12074949592351913,-0.0134904058650136,-0.013927392661571503,0.02541622519493103
401,1772099478.125273,2,1,0.08434800058603287,-0.5944918990135193,-0.23402462899684906,0.9998877644538879,0.1560812145471573,-0.43049901723861694,-0.025535546243190765,0.9996210932731628,-0.1486278921365738,-0.4243094027042389,-0.11212003976106644,0.9999436140060425,0.23449155688285828,-0.23631037771701813,0.02542264759540558,0.5401325225830078,-0.3771052956581116,-0.3235952854156494,-0.26441439986228943,0.9970300793647766,0.30215030908584595,-0.06752747297286987,0.0014765150845050812,0.21374867856502533,-0.3442666232585907,-0.5142896175384521,-0.433930367231369,0.9970975518226624,0.12175051122903824,0.0016643877606838942,0.015855710953474045,0.017367785796523094,-0.1208709329366684,-0.013430358842015266,-0.013824946247041225,0.024518674239516258
402,1772099478.1737792,2,1,0.08319611847400665,-0.5948355793952942,-0.2341860979795456,0.9998849630355835,0.15577156841754913,-0.430486261844635,-0.026125619187951088,0.9996039271354675,-0.1493626832962036,-0.42400574684143066,-0.11222807317972183,0.9999427795410156,0.23378226161003113,-0.23636676371097565,0.024099411442875862,0.5327258706092834,-0.3778494894504547,-0.3230583667755127,-0.2647114396095276,0.9970263242721558,0.3024239242076874,-0.06754805892705917,-0.0008267256780527532,0.2091706097126007,-0.3447893559932709,-0.5133432745933533,-0.43427273631095886,0.9970961213111877,0.12177623063325882,0.0016301177674904466,0.015811946243047714,0.016652021557092667,-0.12089558690786362,-0.013383041135966778,-0.013789241202175617,0.02366723120212555
403,1772099478.225516,2,1,0.0832318365573883,-0.5961557626724243,-0.2341136634349823,0.9998792409896851,0.1551874727010727,-0.4305727183818817,-0.026950091123580933,0.9995813369750977,-0.1503840684890747,-0.4236913025379181,-0.11271227896213531,0.9999403953552246,0.23307473957538605,-0.23630480468273163,0.019020410254597664,0.5228912234306335,-0.3781782388687134,-0.3227560520172119,-0.2651594579219818,0.9969902038574219,0.30176374316215515,-0.06748451292514801,-0.011968879029154778,0.20292897522449493,-0.34523284435272217,-0.5132483243942261,-0.4354296624660492,0.9970210790634155,0.12203647941350937,0.0013924861559644341,0.015787936747074127,0.01607753522694111,-0.12114694714546204,-0.013266497291624546,-0.013729861006140709,0.0230419784784317
404,1772099478.2791395,2,1,0.08350583910942078,-0.5984622836112976,-0.23382697999477386,0.9998771548271179,0.15487566590309143,-0.4302177131175995,-0.027646144852042198,0.9995661973953247,-0.1503421813249588,-0.4235660135746002,-0.11299742758274078,0.9999389052391052,0.23221388459205627,-0.235012486577034,0.016436990350484848,0.5168789029121399,-0.37810325622558594,-0.3232693374156952,-0.2652941048145294,0.9969639778137207,0.30147960782051086,-0.06690184026956558,-0.015633629634976387,0.19929735362529755,-0.34517842531204224,-0.5153012871742249,-0.43546822667121887,0.9969550371170044,0.12219398468732834,0.0013294256059452891,0.015767190605401993,0.015600263141095638,-0.12129996716976166,-0.013271231204271317,-0.013680219650268555,0.02255833148956299
405,1772099478.3248723,2,1,0.0858798623085022,-0.6003450751304626,-0.23134000599384308,0.9998788237571716,0.15351733565330505,-0.43014711141586304,-0.02760465443134308,0.999567449092865,-0.14996521174907684,-0.4232690930366516,-0.11382372677326202,0.9999385476112366,0.23189638555049896,-0.23505567014217377,0.01691056787967682,0.5142194032669067,-0.37804609537124634,-0.3235934376716614,-0.26667866110801697,0.9969537258148193,0.3025971055030823,-0.0670841634273529,-0.014268635772168636,0.19687917828559875,-0.345141738653183,-0.5189589858055115,-0.434766560792923,0.996870756149292,0.122406505048275,0.0011935671791434288,0.015891557559370995,0.015358446165919304,-0.12149249762296677,-0.013252230361104012,-0.013709490187466145,0.02240668050944805
406,1772099478.380536,2,1,0.0867566168308258,-0.601178765296936,-0.23146304488182068,0.9998776912689209,0.1534198820590973,-0.4299122989177704,-0.028557727113366127,0.9995564818382263,-0.15003155171871185,-0.42267051339149475,-0.11536028236150742,0.9999368190765381,0.2316868156194687,-0.23482918739318848,0.01590062491595745,0.5083247423171997,-0.378354549407959,-0.3236730396747589,-0.26995524764060974,0.9969398975372314,0.30347374081611633,-0.06703687459230423,-0.015257222577929497,0.19409377872943878,-0.3453393876552582,-0.5194520950317383,-0.4369257390499115,0.9967817068099976,0.12270677834749222,0.0009863824816420674,0.015884052962064743,0.014912283048033714,-0.12178061157464981,-0.013233327306807041,-0.013692718930542469,0.02186499536037445
407,1772099478.4265547,2,1,0.08806382119655609,-0.6019858717918396,-0.23019519448280334,0.9998772740364075,0.15219132602214813,-0.42988520860671997,-0.028514306992292404,0.999552309513092,-0.1499427706003189,-0.42219558358192444,-0.11646939814090729,0.9999354481697083,0.2310188114643097,-0.23510098457336426,0.016369367018342018,0.5060513019561768,-0.37828657031059265,-0.324408620595932,-0.2718740403652191,0.9969295859336853,0.3046225905418396,-0.06745809316635132,-0.014685764908790588,0.19432881474494934,-0.3453376591205597,-0.5218241214752197,-0.4371398985385895,0.9967527985572815,0.12277638167142868,0.0008373181917704642,0.016042249277234077,0.01465724315494299,-0.12184547632932663,-0.013204233720898628,-0.01377481035888195,0.021577909588813782
408,1772099478.4754481,2,1,0.08880449831485748,-0.6025202870368958,-0.22983108460903168,0.9998770356178284,0.151657372713089,-0.42999234795570374,-0.028885986655950546,0.9995527267456055,-0.15013273060321808,-0.42193862795829773,-0.11695019155740738,0.9999347925186157,0.23035739362239838,-0.23523439466953278,0.016399430111050606,0.5047789216041565,-0.37849074602127075,-0.32471194863319397,-0.27441614866256714,0.9969543814659119,0.3052361011505127,-0.06746891885995865,-0.014948262833058834,0.19635896384716034,-0.3461265563964844,-0.5219739675521851,-0.43966320157051086,0.9967349767684937,0.12286170572042465,0.0006770715699531138,0.016014376655220985,0.014431710354983807,-0.12193362414836884,-0.013141237199306488,-0.013725006021559238,0.021378755569458008
409,1772099478.5244627,2,1,0.08931297808885574,-0.6030803322792053,-0.22979016602039337,0.9998784065246582,0.1515827625989914,-0.42980843782424927,-0.030122091993689537,0.9995493292808533,-0.15015916526317596,-0.42179572582244873,-0.1170421689748764,0.9999319911003113,0.23000919818878174,-0.23479844629764557,0.011285809800028801,0.49964261054992676,-0.37864774465560913,-0.328355610370636,-0.2744956314563751,0.9968464374542236,0.3057574927806854,-0.06747335195541382,-0.023601895198225975,0.1959434151649475,-0.3464548885822296,-0.5251069664955139,-0.4394553005695343,0.9965236783027649,0.12331174314022064,0.0004403928469400853,0.016033248975872993,0.013980141840875149,-0.12235459685325623,-0.013141045346856117,-0.013712409883737564,0.020809924229979515
410,1772099478.5753584,2,1,0.09041385352611542,-0.6038198471069336,-0.2292913943529129,0.999879777431488,0.15154486894607544,-0.429803729057312,-0.030337292701005936,0.9995508193969727,-0.14999371767044067,-0.42173632979393005,-0.11706830561161041,0.9999296069145203,0.2299736589193344,-0.23488467931747437,0.01033387053757906,0.49786919355392456,-0.37861883640289307,-0.3311486542224884,-0.27438709139823914,0.9967360496520996,0.3060615062713623,-0.06808102130889893,-0.02435504086315632,0.19448192417621613,-0.3463040888309479,-0.5284074544906616,-0.4371747374534607,0.996268093585968,0.12356474995613098,0.00029541508411057293,0.01605684868991375,0.01364174485206604,-0.12258496880531311,-0.013138087466359138,-0.013700570911169052,0.020381947979331017
411,1772099478.625061,2,1,0.0904574990272522,-0.6041281819343567,-0.22981710731983185,0.999882698059082,0.15149874985218048,-0.42980048060417175,-0.031586579978466034,0.9995519518852234,-0.1500263661146164,-0.4217210114002228,-0.11709805577993393,0.9999268651008606,0.22992779314517975,-0.23472832143306732,0.006955550983548164,0.4952135980129242,-0.3787713050842285,-0.3331030309200287,-0.2743191123008728,0.9965856075286865,0.30621033906936646,-0.06808283179998398,-0.0278590340167284,0.19416068494319916,-0.3471571207046509,-0.5303295254707336,-0.43677985668182373,0.9959843158721924,0.12403089553117752,0.00010322918387828395,0.01605820283293724,0.013235470280051231,-0.12302909791469574,-0.01314171589910984,-0.013665774837136269,0.019802488386631012
412,1772099478.6752236,2,1,0.09051710367202759,-0.6044554114341736,-0.22988060116767883,0.9998833537101746,0.1515173316001892,-0.42979151010513306,-0.03190286085009575,0.9995492696762085,-0.14974777400493622,-0.42171815037727356,-0.11709396541118622,0.9999250769615173,0.22954300045967102,-0.2348424345254898,0.007419096305966377,0.49327024817466736,-0.3787708580493927,-0.33388710021972656,-0.27373838424682617,0.9965252876281738,0.3053155541419983,-0.06851791590452194,-0.02680680900812149,0.19311296939849854,-0.3471333086490631,-0.5310235619544983,-0.4346587359905243,0.9958244562149048,0.1240965723991394,7.905071106506512e-05,0.01605553738772869,0.01293413620442152,-0.12309224158525467,-0.013143735937774181,-0.013643470592796803,0.019415946677327156
413,1772099478.7186713,2,1,0.0907617136836052,-0.6046201586723328,-0.22962412238121033,0.9998842477798462,0.15161801874637604,-0.42978188395500183,-0.032016634941101074,0.9995517134666443,-0.14904892444610596,-0.4216853380203247,-0.11646249890327454,0.9999237656593323,0.22954951226711273,-0.23489704728126526,0.0075683812610805035,0.4947914481163025,-0.3783581852912903,-0.3345830738544464,-0.2719893455505371,0.9964696764945984,0.30540719628334045,-0.06919858604669571,-0.02614062838256359,0.19234223663806915,-0.34660956263542175,-0.5325554013252258,-0.4309145510196686,0.9956687092781067,0.12413531541824341,4.7864748921711e-05,0.016014276072382927,0.012674296274781227,-0.12312944233417511,-0.013143635354936123,-0.013554454781115055,0.019095512107014656
414,1772099478.7754464,2,1,0.09130050241947174,-0.6048514246940613,-0.22959649562835693,0.9998860359191895,0.15164168179035187,-0.42955589294433594,-0.03250427544116974,0.9995492100715637,-0.14901971817016602,-0.4214853346347809,-0.11656637489795685,0.9999213218688965,0.22957652807235718,-0.2348705232143402,0.006228556856513023,0.4911271631717682,-0.3783618211746216,-0.33478885889053345,-0.2719993591308594,0.9963340163230896,0.30541691184043884,-0.06915145367383957,-0.02694070152938366,0.1908225119113922,-0.34663915634155273,-0.5325574278831482,-0.43094393610954285,0.9954829812049866,0.12441778928041458,-2.5147168344119564e-05,0.015991954132914543,0.012254277244210243,-0.1234155148267746,-0.013174458406865597,-0.013494303449988365,0.018471742048859596
415,1772099478.824076,2,1,0.09138652682304382,-0.6051664352416992,-0.22970698773860931,0.9998871088027954,0.15172696113586426,-0.42923200130462646,-0.032587092369794846,0.9995401501655579,-0.1489616185426712,-0.4214493930339813,-0.11709021776914597,0.999919593334198,0.2298964112997055,-0.23483477532863617,0.006214447785168886,0.486114501953125,-0.3783821761608124,-0.335207462310791,-0.2720637321472168,0.9961763024330139,0.30639687180519104,-0.06938954442739487,-0.027238329872488976,0.18897555768489838,-0.3468979001045227,-0.5334989428520203,-0.43103358149528503,0.9953507781028748,0.12497381865978241,-8.083471766440198e-05,0.016169117763638496,0.011793037876486778,-0.12395373731851578,-0.013321544975042343,-0.013566582463681698,0.017810577526688576
416,1772099478.8752801,2,1,0.09271486848592758,-0.6053339242935181,-0.22932998836040497,0.9998875260353088,0.15206004679203033,-0.42898690700531006,-0.03258669748902321,0.9995335340499878,-0.148268923163414,-0.421438604593277,-0.1171085312962532,0.9999176859855652,0.230091392993927,-0.23484019935131073,0.006348444148898125,0.48323488235473633,-0.3777511417865753,-0.335684597492218,-0.27200034260749817,0.9960033297538757,0.3066665828227997,-0.06960845738649368,-0.02698751911520958,0.1878374069929123,-0.34685319662094116,-0.5340828895568848,-0.43070587515830994,0.9951789975166321,0.12509070336818695,-0.00010049776028608903,0.016225235536694527,0.011509769596159458,-0.12406551837921143,-0.013436103239655495,-0.013575735501945019,0.017421115189790726
417,1772099478.9290655,2,1,0.09252702444791794,-0.6052680015563965,-0.23033393919467926,0.9998862743377686,0.15210169553756714,-0.4285333454608917,-0.03293538838624954,0.999523937702179,-0.14827550947666168,-0.4211636483669281,-0.11741363257169724,0.9999166131019592,0.23015053570270538,-0.2348652333021164,0.006952208932489157,0.47949811816215515,-0.37825143337249756,-0.3356555104255676,-0.2725578546524048,0.9959959983825684,0.30720797181129456,-0.07003136724233627,-0.023766208440065384,0.18613626062870026,-0.34712737798690796,-0.5340381860733032,-0.431095689535141,0.995140552520752,0.12523315846920013,-0.00014421436935663223,0.016236266121268272,0.0112634701654315,-0.12420593947172165,-0.01344385463744402,-0.013570432551205158,0.017073094844818115
418,1772099478.975125,2,1,0.09260491281747818,-0.6053845882415771,-0.22998689115047455,0.9998886585235596,0.1520598828792572,-0.4284593462944031,-0.0325031541287899,0.9995271563529968,-0.14824192225933075,-0.421047568321228,-0.11743460595607758,0.9999163746833801,0.23029209673404694,-0.2362433820962906,0.011364112608134747,0.4795339107513428,-0.37823793292045593,-0.3365215063095093,-0.2725685238838196,0.9959081411361694,0.3086462914943695,-0.07229218631982803,-0.014642518013715744,0.18538852035999298,-0.3473137617111206,-0.5359710454940796,-0.4308912754058838,0.9950701594352722,0.12533237040042877,-0.0001737162674544379,0.01632007025182247,0.011018047109246254,-0.12429754436016083,-0.013485941104590893,-0.013616424985229969,0.016662288457155228
419,1772099479.0249283,2,1,0.09102785587310791,-0.6054365634918213,-0.23098762333393097,0.9998880624771118,0.1520366072654724,-0.42838120460510254,-0.03295391425490379,0.9995200037956238,-0.14891742169857025,-0.4209311008453369,-0.11745143681764603,0.9999160170555115,0.23020616173744202,-0.23612527549266815,0.010983079671859741,0.47656571865081787,-0.37925904989242554,-0.33601245284080505,-0.2725955843925476,0.9959263205528259,0.3086429834365845,-0.07217318564653397,-0.015401761047542095,0.1840817928314209,-0.3484935760498047,-0.5352753400802612,-0.4321611821651459,0.9950968623161316,0.12541717290878296,-0.0002742901269812137,0.01625107042491436,0.010818543843925,-0.1243872418999672,-0.013454490341246128,-0.013539280742406845,0.01640418730676174
420,1772099479.069035,2,1,0.09074293076992035,-0.6055058240890503,-0.23150143027305603,0.9998876452445984,0.1520446538925171,-0.42816027998924255,-0.033124156296253204,0.9995105266571045,-0.14896829426288605,-0.42072999477386475,-0.11760731041431427,0.9999147653579712,0.23021557927131653,-0.23598259687423706,0.010998666286468506,0.4728308320045471,-0.3792940080165863,-0.33597224950790405,-0.2726312279701233,0.9958856105804443,0.3086595833301544,-0.0719800665974617,-0.015401692129671574,0.18256549537181854,-0.34886109828948975,-0.5352492928504944,-0.432256281375885,0.9950652718544006,0.12552616000175476,-0.000302957312669605,0.01627589575946331,0.010540842078626156,-0.12450212240219116,-0.013482324779033661,-0.013551612384617329,0.015989752486348152
421,1772099479.1248403,2,1,0.09069360792636871,-0.6055755019187927,-0.2318444848060608,0.9998887181282043,0.15204019844532013,-0.42810797691345215,-0.0333162285387516,0.9995076656341553,-0.14897266030311584,-0.42062026262283325,-0.11780805885791779,0.9999128580093384,0.2302551120519638,-0.23604774475097656,0.010998347774147987,0.469461590051651,-0.3792736828327179,-0.33595848083496094,-0.27272307872772217,0.9957724213600159,0.3085819184780121,-0.07210680842399597,-0.014904359355568886,0.18166951835155487,-0.3490085303783417,-0.5354135632514954,-0.43227288126945496,0.9949458837509155,0.12578590214252472,-0.00037522573256865144,0.016333840787410736,0.010314520448446274,-0.12474700808525085,-0.013523025438189507,-0.01357098575681448,0.015593814663589
422,1772099479.1752348,2,1,0.09052399545907974,-0.6056336760520935,-0.23198732733726501,0.9998877048492432,0.15196971595287323,-0.42809227108955383,-0.03341136500239372,0.9995003938674927,-0.1490725427865982,-0.4203607439994812,-0.11800701916217804,0.9999118447303772,0.23012658953666687,-0.2362365871667862,0.011280837468802929,0.4658067226409912,-0.37940946221351624,-0.3359363377094269,-0.2732192873954773,0.995771050453186,0.3085232973098755,-0.07222190499305725,-0.01417168602347374,0.18138067424297333,-0.3492701053619385,-0.5353776812553406,-0.43329519033432007,0.9949739575386047,0.12584379315376282,-0.0004692351503763348,0.016361255198717117,0.01007305458188057,-0.12480776011943817,-0.01351272314786911,-0.013590493239462376,0.015235000289976597
423,1772099479.2247922,2,1,0.09012481570243835,-0.6056472063064575,-0.23294997215270996,0.9998875856399536,0.15192048251628876,-0.4280852973461151,-0.03409404680132866,0.9995002746582031,-0.14962588250637054,-0.4203374981880188,-0.11818041652441025,0.999911367893219,0.23005051910877228,-0.2362542301416397,0.010958402417600155,0.4652974307537079,-0.37968307733535767,-0.33586961030960083,-0.2736554741859436,0.9958108067512512,0.307587593793869,-0.07202344387769699,-0.014186044223606586,0.18045270442962646,-0.349673867225647,-0.5352333784103394,-0.4338395297527313,0.9949526786804199,0.12588007748126984,-0.0005013879854232073,0.016274912282824516,0.010051057673990726,-0.12484505772590637,-0.01350010558962822,-0.013478321954607964,0.015163656324148178
424,1772099479.2751865,2,1,0.08985625952482224,-0.6057091355323792,-0.2330782264471054,0.9998877644538879,0.1517513394355774,-0.4281367361545563,-0.03407185897231102,0.9995018839836121,-0.14977940917015076,-0.42029261589050293,-0.11827636510133743,0.999911367893219,0.23001928627490997,-0.2365216314792633,0.011977479793131351,0.4645153880119324,-0.37971827387809753,-0.33584684133529663,-0.27387383580207825,0.9958306550979614,0.30757638812065125,-0.07213810831308365,-0.012151842005550861,0.17949718236923218,-0.349928617477417,-0.5352972149848938,-0.43429747223854065,0.9949665665626526,0.125911682844162,-0.0005861074896529317,0.016291113570332527,0.009995006024837494,-0.1248779371380806,-0.013464017771184444,-0.013484025374054909,0.015031338669359684
425,1772099479.324231,2,1,0.08983271569013596,-0.6056436896324158,-0.23313939571380615,0.9998893737792969,0.15172582864761353,-0.4281533360481262,-0.03413967415690422,0.9995095133781433,-0.1497941017150879,-0.42027056217193604,-0.11828812211751938,0.9999116659164429,0.23003830015659332,-0.23657676577568054,0.011924189515411854,0.4647473394870758,-0.3796774446964264,-0.33597826957702637,-0.27393195033073425,0.9958115220069885,0.307647705078125,-0.07237936556339264,-0.012196974828839302,0.17894800007343292,-0.3499263525009155,-0.5358628630638123,-0.43431946635246277,0.9949060678482056,0.12601950764656067,-0.0006538744200952351,0.016256628558039665,0.00985021237283945,-0.1249830424785614,-0.0134638836607337,-0.01342479046434164,0.01480386033654213
426,1772099479.3744214,2,1,0.08985254168510437,-0.6058701872825623,-0.2335076481103897,0.9998895525932312,0.1517140120267868,-0.4282168447971344,-0.03529629483819008,0.9995155334472656,-0.1498671919107437,-0.4202500879764557,-0.11843746155500412,0.9999112486839294,0.22987809777259827,-0.23788857460021973,0.011931667104363441,0.4681813716888428,-0.3799421787261963,-0.33992528915405273,-0.2747642695903778,0.9958042502403259,0.3075888752937317,-0.07319299876689911,-0.010945440270006657,0.1804167926311493,-0.3499135971069336,-0.5403841733932495,-0.4344624876976013,0.9947996139526367,0.1260487288236618,-0.0007736679399386048,0.01594606600701809,0.009696879424154758,-0.12501510977745056,-0.013393565081059933,-0.013120457530021667,0.01452263630926609
427,1772099479.4247117,2,1,0.0898989588022232,-0.6057062745094299,-0.2334033101797104,0.9998918771743774,0.15171150863170624,-0.42834800481796265,-0.035244591534137726,0.9995242357254028,-0.14982450008392334,-0.42023220658302307,-0.11834419518709183,0.9999113082885742,0.2300538867712021,-0.2381291687488556,0.011938987299799919,0.4686514437198639,-0.3797324299812317,-0.3399299383163452,-0.2747627794742584,0.9957586526870728,0.30764514207839966,-0.07368695735931396,-0.011005477048456669,0.18078230321407318,-0.3497585654258728,-0.5404571294784546,-0.4343215823173523,0.994687020778656,0.12613119184970856,-0.0008045042050071061,0.015958908945322037,0.009617061354219913,-0.1250898689031601,-0.013404074124991894,-0.01311596017330885,0.014369675889611244
428,1772099479.4749038,2,1,0.08993709832429886,-0.6056904792785645,-0.23343026638031006,0.9998912811279297,0.15241079032421112,-0.42834097146987915,-0.03500194102525711,0.9995204210281372,-0.1485196053981781,-0.42080825567245483,-0.11755941808223724,0.9999126195907593,0.23016367852687836,-0.23816126585006714,0.012539878487586975,0.47136178612709045,-0.3793868124485016,-0.3398885726928711,-0.27306947112083435,0.9958008527755737,0.3075253367424011,-0.07441084831953049,-0.010010240599513054,0.18029677867889404,-0.34829652309417725,-0.5406152606010437,-0.43184956908226013,0.9947489500045776,0.12609533965587616,-0.0007307553896680474,0.0159026850014925,0.009505640715360641,-0.12506850063800812,-0.013454459607601166,-0.01307168509811163,0.014296221546828747
429,1772099479.524816,2,1,0.08996711671352386,-0.6056764125823975,-0.23343613743782043,0.9998906850814819,0.15289157629013062,-0.4283365309238434,-0.03483705222606659,0.999516487121582,-0.1476663500070572,-0.42125412821769714,-0.11690609902143478,0.9999135136604309,0.23023252189159393,-0.238181933760643,0.012771857902407646,0.4732518792152405,-0.3790637254714966,-0.3398903012275696,-0.2717433571815491,0.9958226680755615,0.307321697473526,-0.07500910758972168,-0.009640219621360302,0.1795821487903595,-0.3474685549736023,-0.5408123731613159,-0.4300183355808258,0.9947824478149414,0.12607823312282562,-0.0006810246268287301,0.015858042985200882,0.009393073618412018,-0.1250607967376709,-0.013497180305421352,-0.013033046387135983,0.014211330562829971
430,1772099479.5749164,2,1,0.08977910131216049,-0.6056460738182068,-0.2329590916633606,0.9998918175697327,0.15292975306510925,-0.42841652035713196,-0.03442118689417839,0.9995168447494507,-0.14737094938755035,-0.4215673804283142,-0.11522174626588821,0.9999142289161682,0.23064139485359192,-0.23820477724075317,0.012654585763812065,0.4754129648208618,-0.37860172986984253,-0.33913514018058777,-0.26773393154144287,0.9958116412162781,0.30762696266174316,-0.07576834410429001,-0.011352711357176304,0.17836257815361023,-0.3474205732345581,-0.5401931405067444,-0.4257187843322754,0.9948182106018066,0.12605805695056915,-0.0006526355282403529,0.015793269500136375,0.009212377481162548,-0.1250472366809845,-0.013541948050260544,-0.012978294864296913,0.013977449387311935
431,1772099479.624007,2,1,0.08958391845226288,-0.6056547164916992,-0.23372448980808258,0.9998875260353088,0.1536652147769928,-0.4293866753578186,-0.03441093489527702,0.9995154142379761,-0.1474473923444748,-0.42256051301956177,-0.11510005593299866,0.9999161958694458,0.23071639239788055,-0.2384776473045349,0.012655929662287235,0.47770416736602783,-0.3784724175930023,-0.33771276473999023,-0.2678554356098175,0.9959477186203003,0.30368366837501526,-0.07574445009231567,-0.011388425715267658,0.1756642758846283,-0.3474463224411011,-0.537170946598053,-0.4269375801086426,0.9949347376823425,0.12577784061431885,-0.0006004530587233603,0.015279915183782578,0.00945170409977436,-0.12478625774383545,-0.013452152721583843,-0.012556979432702065,0.014417438767850399
432,1772099479.6752934,2,1,0.088743656873703,-0.6051369905471802,-0.2367895245552063,0.9998854398727417,0.15395335853099823,-0.42943036556243896,-0.03496377170085907,0.9995108246803284,-0.14878791570663452,-0.42259305715560913,-0.11636710166931152,0.9999179244041443,0.23080292344093323,-0.23838084936141968,0.012654305435717106,0.4768526554107666,-0.3785662353038788,-0.33696842193603516,-0.2690896689891815,0.9960794448852539,0.30146002769470215,-0.07503071427345276,-0.011404569260776043,0.1734052449464798,-0.3498764932155609,-0.5362771153450012,-0.4317739009857178,0.9950830340385437,0.1257811337709427,-0.0006306287832558155,0.015210997313261032,0.009741035290062428,-0.12478958070278168,-0.013330426067113876,-0.012495636940002441,0.014878841117024422
433,1772099479.7248042,2,1,0.08779198676347733,-0.6046496033668518,-0.23748326301574707,0.9998845458030701,0.15389177203178406,-0.42977288365364075,-0.034943945705890656,0.9995102882385254,-0.15042275190353394,-0.4225980043411255,-0.11699922382831573,0.9999186992645264,0.23099736869335175,-0.2383873462677002,0.01420309953391552,0.4718303680419922,-0.37857067584991455,-0.3353648781776428,-0.26934194564819336,0.9960852265357971,0.30071282386779785,-0.07440245896577835,-0.007723366841673851,0.17011529207229614,-0.3512517511844635,-0.5353564023971558,-0.43232327699661255,0.9951127171516418,0.1260557919740677,-0.0007123028626665473,0.015203853137791157,0.009756343439221382,-0.12504228949546814,-0.013309917412698269,-0.012480809353291988,0.014827686361968517
434,1772099479.7798538,2,1,0.08632424473762512,-0.6025329828262329,-0.24398641288280487,0.9998868107795715,0.15421399474143982,-0.42974981665611267,-0.03645246475934982,0.9995128512382507,-0.15127447247505188,-0.4225943386554718,-0.11895252764225006,0.999920666217804,0.2310650646686554,-0.23791232705116272,0.014273484237492085,0.47008606791496277,-0.3784085512161255,-0.33486586809158325,-0.27291467785835266,0.9961938261985779,0.29864978790283203,-0.07215971499681473,-0.005478182807564735,0.1683838963508606,-0.3512313961982727,-0.5336115956306458,-0.4418734312057495,0.9952038526535034,0.12610574066638947,-0.000732318963855505,0.015123950317502022,0.010063334368169308,-0.12508989870548248,-0.013239970430731773,-0.012398503720760345,0.01527642272412777
435,1772099479.825191,2,1,0.08569467067718506,-0.6025416254997253,-0.2537865936756134,0.9998883605003357,0.15554893016815186,-0.42978575825691223,-0.04273056238889694,0.9995173215866089,-0.1513359546661377,-0.42249828577041626,-0.12254422158002853,0.9999227523803711,0.23137715458869934,-0.2379177212715149,0.01183669175952673,0.46956270933151245,-0.37879112362861633,-0.3366904556751251,-0.2811224162578583,0.9963541626930237,0.2962898313999176,-0.07155977189540863,-0.00596483051776886,0.1678510308265686,-0.3512679636478424,-0.5380271673202515,-0.45132970809936523,0.9953013062477112,0.12618117034435272,-0.0008238648297265172,0.01444513350725174,0.010338803753256798,-0.12516985833644867,-0.013074529357254505,-0.011643572710454464,0.015621189959347248
436,1772099479.8751256,2,1,0.08542829751968384,-0.6022573709487915,-0.26309457421302795,0.9998900294303894,0.15708909928798676,-0.42960479855537415,-0.049218982458114624,0.999521017074585,-0.15132491290569305,-0.42225778102874756,-0.12864860892295837,0.9999253153800964,0.23201541602611542,-0.23798149824142456,0.009280652739107609,0.4716109335422516,-0.3790191411972046,-0.3396117389202118,-0.29183056950569153,0.9965502619743347,0.2963981330394745,-0.07145201414823532,-0.0065010059624910355,0.16743771731853485,-0.35098448395729065,-0.5448397397994995,-0.4619516432285309,0.9954546689987183,0.12622129917144775,-0.0008999832207337022,0.014085852541029453,0.010776057839393616,-0.12521196901798248,-0.012904713861644268,-0.011243411339819431,0.01621994934976101
437,1772099479.9247909,2,1,0.08538578450679779,-0.6010798811912537,-0.2627103924751282,0.9998910427093506,0.15711136162281036,-0.42952999472618103,-0.04923317953944206,0.9995239973068237,-0.15148292481899261,-0.4219987094402313,-0.1300545334815979,0.9999266862869263,0.23190146684646606,-0.2379400134086609,0.009300310164690018,0.4704633355140686,-0.37909725308418274,-0.33955809473991394,-0.29194027185440063,0.9966806769371033,0.2959974706172943,-0.07132736593484879,-0.006183146964758635,0.16680660843849182,-0.3507705628871918,-0.5445073843002319,-0.46089309453964233,0.9955505132675171,0.12624818086624146,-0.0009729461744427681,0.014029131270945072,0.011172452941536903,-0.12523633241653442,-0.012755202129483223,-0.011171713471412659,0.01674497500061989
438,1772099479.979113,2,1,0.08536528050899506,-0.6009981036186218,-0.2613316476345062,0.9998904466629028,0.1576635092496872,-0.4295063316822052,-0.048824623227119446,0.9995219707489014,-0.15139390528202057,-0.42204269766807556,-0.12990805506706238,0.9999271631240845,0.23226219415664673,-0.23743709921836853,0.008877520449459553,0.4673294425010681,-0.3790106773376465,-0.3397921919822693,-0.2913999557495117,0.9967341423034668,0.2962423264980316,-0.07088378816843033,-0.007036525756120682,0.1634354144334793,-0.35052281618118286,-0.5461580157279968,-0.45821768045425415,0.9955369234085083,0.12633682787418365,-0.000982266035862267,0.013978506438434124,0.011206750757992268,-0.12531456351280212,-0.01276565995067358,-0.011093170382082462,0.01676259934902191
439,1772099480.024808,2,1,0.08415050059556961,-0.600818395614624,-0.26034367084503174,0.9998913407325745,0.15758812427520752,-0.42944127321243286,-0.04861002042889595,0.999520480632782,-0.1518951654434204,-0.4219322204589844,-0.12978744506835938,0.9999278783798218,0.23230984807014465,-0.2370973825454712,0.009209916926920414,0.4643534719944,-0.37907084822654724,-0.3401210308074951,-0.290863960981369,0.9968005418777466,0.29676517844200134,-0.06992794573307037,-0.0068505266681313515,0.16226960718631744,-0.3505098223686218,-0.546147882938385,-0.4581388235092163,0.9955957531929016,0.12639182806015015,-0.0010883788345381618,0.014026982709765434,0.011384150944650173,-0.12536725401878357,-0.012662968598306179,-0.011127978563308716,0.016993550583720207
440,1772099480.0747886,2,1,0.08406998962163925,-0.6007802486419678,-0.2596253752708435,0.9998925924301147,0.15856878459453583,-0.42931345105171204,-0.04831431806087494,0.9995210766792297,-0.15195031464099884,-0.4220013916492462,-0.12946614623069763,0.9999287128448486,0.2323797643184662,-0.23566052317619324,0.0076958839781582355,0.4611075520515442,-0.37873610854148865,-0.3404640555381775,-0.2903304100036621,0.9968634843826294,0.2962684631347656,-0.06824544072151184,-0.012202934361994267,0.1607666164636612,-0.34964755177497864,-0.5459969639778137,-0.458401083946228,0.9956111907958984,0.12653115391731262,-0.001102752168662846,0.01394110918045044,0.011511010117828846,-0.1255207359790802,-0.012652062810957432,-0.011034698225557804,0.0171664971858263
441,1772099480.1252816,2,1,0.08340059965848923,-0.6007474064826965,-0.25962314009666443,0.9998955130577087,0.15867239236831665,-0.42900794744491577,-0.04812105372548103,0.9995248913764954,-0.1523718386888504,-0.4218353033065796,-0.12958486378192902,0.9999303817749023,0.232777938246727,-0.23519116640090942,0.007762540597468615,0.4590831398963928,-0.3788664638996124,-0.34061509370803833,-0.2914542555809021,0.9969680309295654,0.29895538091659546,-0.06802426278591156,-0.012164427898824215,0.16039641201496124,-0.34905344247817993,-0.5463268160820007,-0.4614230692386627,0.9956989288330078,0.12676559388637543,-0.0012387685710564256,0.013941277749836445,0.01173142995685339,-0.125746950507164,-0.012575731612741947,-0.011022698134183884,0.017460813745856285
442,1772099480.1748009,2,1,0.08271601051092148,-0.6007600426673889,-0.25924357771873474,0.9998971223831177,0.15860329568386078,-0.428998202085495,-0.04773427173495293,0.9995214939117432,-0.1526113897562027,-0.421772837638855,-0.1295226514339447,0.9999311566352844,0.23270270228385925,-0.23519380390644073,0.00884691346436739,0.4530099630355835,-0.3788958787918091,-0.340881884098053,-0.29204261302948,0.9970259666442871,0.2997339367866516,-0.06814606487751007,-0.01142287626862526,0.16022169589996338,-0.349040150642395,-0.5465878248214722,-0.46347659826278687,0.995781421661377,0.12697608768939972,-0.0014011281309649348,0.014129821211099625,0.011712398380041122,-0.12595097720623016,-0.012486639432609081,-0.011165470816195011,0.017402542755007744
443,1772099480.2248333,2,1,0.08187185227870941,-0.6006937026977539,-0.260256290435791,0.9998987913131714,0.1585225760936737,-0.4289066791534424,-0.04852922260761261,0.9995273351669312,-0.15310700237751007,-0.42145460844039917,-0.13047105073928833,0.9999328851699829,0.23298385739326477,-0.23547741770744324,0.008695363998413086,0.45653003454208374,-0.3793805241584778,-0.34109172224998474,-0.2940518856048584,0.9971497654914856,0.3012968897819519,-0.06849264353513718,-0.011392452754080296,0.1603473573923111,-0.3490309417247772,-0.547505259513855,-0.46450528502464294,0.9958807229995728,0.12699855864048004,-0.0015290940646082163,0.01412364561110735,0.012066622264683247,-0.1259739100933075,-0.012256473302841187,-0.0111555689945817,0.01793918013572693
444,1772099480.2751453,2,1,0.08125706017017365,-0.6009389758110046,-0.2596917152404785,0.999900758266449,0.15764431655406952,-0.42913931608200073,-0.0478702113032341,0.9995283484458923,-0.1538868397474289,-0.421421617269516,-0.13038524985313416,0.9999335408210754,0.23274806141853333,-0.23562176525592804,0.009471666067838669,0.45291009545326233,-0.37945565581321716,-0.34104123711586,-0.2937847375869751,0.9971832633018494,0.3013772964477539,-0.0685289204120636,-0.010849902406334877,0.161235049366951,-0.3491039276123047,-0.5474005341529846,-0.4641507863998413,0.9959371089935303,0.1271815448999405,-0.0017614895477890968,0.014236489310860634,0.011996231973171234,-0.12615370750427246,-0.012157180346548557,-0.01123124174773693,0.017800601199269295
445,1772099480.3251946,2,1,0.08088475465774536,-0.6010324954986572,-0.2595394253730774,0.9999024271965027,0.15763823688030243,-0.4291980266571045,-0.04778569936752319,0.9995319843292236,-0.15393193066120148,-0.4213891327381134,-0.13020876049995422,0.9999346733093262,0.2323155552148819,-0.23561839759349823,0.009600269608199596,0.45058897137641907,-0.3794593811035156,-0.3410080075263977,-0.29365119338035583,0.9972469210624695,0.3006400167942047,-0.06844380497932434,-0.01043813955038786,0.16104120016098022,-0.3490874767303467,-0.5471628904342651,-0.46379199624061584,0.9959782361984253,0.12723904848098755,-0.0018192499410361052,0.014259702526032925,0.012246182188391685,-0.12620310485363007,-0.012093870900571346,-0.011236203834414482,0.018157675862312317
446,1772099480.3786662,2,1,0.08051984757184982,-0.6009705066680908,-0.26108071208000183,0.9999048113822937,0.15772899985313416,-0.429146409034729,-0.0484587699174881,0.9995344281196594,-0.15400400757789612,-0.4211213290691376,-0.13112708926200867,0.9999358654022217,0.23227757215499878,-0.23562218248844147,0.009629681706428528,0.44943010807037354,-0.37944963574409485,-0.34096500277519226,-0.294683039188385,0.9973271489143372,0.3003857731819153,-0.06828610599040985,-0.009456668980419636,0.16124911606311798,-0.34859752655029297,-0.5471133589744568,-0.4660634994506836,0.9960665106773376,0.12731848657131195,-0.001902719377540052,0.014260980300605297,0.012481031939387321,-0.1262841820716858,-0.012006333097815514,-0.011233442462980747,0.018447697162628174
447,1772099480.4290402,2,1,0.07973822206258774,-0.6009557843208313,-0.26088324189186096,0.9999061822891235,0.15761925280094147,-0.4291541278362274,-0.048368312418460846,0.9995373487472534,-0.15429536998271942,-0.4211063086986542,-0.13105203211307526,0.999937117099762,0.2317158579826355,-0.23558001220226288,0.009639483876526356,0.4503532648086548,-0.3794814646244049,-0.340969055891037,-0.2946063280105591,0.9974027276039124,0.3002471625804901,-0.06814680248498917,-0.009630458429455757,0.1621689349412918,-0.34852761030197144,-0.547042727470398,-0.46577075123786926,0.9961512088775635,0.12733609974384308,-0.001966674579307437,0.014261686243116856,0.012669846415519714,-0.12630333006381989,-0.011864767409861088,-0.011233920231461525,0.018755070865154266
448,1772099480.4748619,2,1,0.07883983850479126,-0.6009572744369507,-0.26288101077079773,0.999907910823822,0.15760956704616547,-0.429141640663147,-0.050516340881586075,0.9995402097702026,-0.15502296388149261,-0.42069730162620544,-0.13222075998783112,0.9999379515647888,0.23115241527557373,-0.2356194108724594,0.007374166045337915,0.45072969794273376,-0.3799014687538147,-0.34100544452667236,-0.2962794601917267,0.9974867105484009,0.30022475123405457,-0.068125419318676,-0.014095967635512352,0.1646590381860733,-0.34837082028388977,-0.5470678806304932,-0.46878430247306824,0.9962431788444519,0.1274164766073227,-0.002121823141351342,0.014271973632276058,0.012793582864105701,-0.12639492750167847,-0.011693935841321945,-0.011242978274822235,0.01892809197306633
449,1772099480.5248973,2,1,0.07862196862697601,-0.6003151535987854,-0.26533767580986023,0.9999099373817444,0.15758787095546722,-0.42881354689598083,-0.052514802664518356,0.9995450973510742,-0.15558816492557526,-0.41974279284477234,-0.134796604514122,0.9999392628669739,0.22974272072315216,-0.23564299941062927,0.007390167564153671,0.4527759850025177,-0.38050076365470886,-0.34125232696533203,-0.29981714487075806,0.9975982308387756,0.29968392848968506,-0.06807402521371841,-0.013384238816797733,0.16727273166179657,-0.3479315936565399,-0.5471819639205933,-0.47216206789016724,0.996355414390564,0.12742672860622406,-0.002173258224502206,0.014280986972153187,0.013194428756833076,-0.12640966475009918,-0.011508021503686905,-0.011264648288488388,0.0194977056235075
450,1772099480.5781207,2,1,0.07848084717988968,-0.600045919418335,-0.2662322521209717,0.9999091029167175,0.15761390328407288,-0.4287445843219757,-0.05375915765762329,0.9995428919792175,-0.1563495695590973,-0.419345885515213,-0.13564394414424896,0.9999392032623291,0.22847458720207214,-0.23563246428966522,0.006035462487488985,0.4528292715549469,-0.38079413771629333,-0.34125977754592896,-0.300506055355072,0.9976896047592163,0.2980872392654419,-0.0679929181933403,-0.014745278283953667,0.16813522577285767,-0.3477862775325775,-0.546866774559021,-0.47274503111839294,0.9964157342910767,0.1274130940437317,-0.002215077867731452,0.01425793208181858,0.013619126752018929,-0.1264055371284485,-0.011263322085142136,-0.011257641017436981,0.02012256160378456
451,1772099480.6279302,2,1,0.07817120850086212,-0.5999855399131775,-0.26607850193977356,0.9999098777770996,0.15761813521385193,-0.4286229610443115,-0.0536651611328125,0.9995406270027161,-0.15697848796844482,-0.4191807508468628,-0.13561059534549713,0.9999386072158813,0.2284265011548996,-0.23546595871448517,0.0060471645556390285,0.4498225152492523,-0.3815344572067261,-0.3433958888053894,-0.3003144860267639,0.9977182149887085,0.29810166358947754,-0.06773827224969864,-0.014790927059948444,0.1691344529390335,-0.3478564918041229,-0.5493177175521851,-0.47248294949531555,0.9964403510093689,0.12751595675945282,-0.002286791568621993,0.014313959516584873,0.013466847129166126,-0.12652766704559326,-0.011238448321819305,-0.011340547353029251,0.01988089457154274
452,1772099480.6747863,2,1,0.07849208265542984,-0.5998775362968445,-0.26627111434936523,0.9999085068702698,0.1576501876115799,-0.42828604578971863,-0.05396170914173126,0.99953693151474,-0.15706531703472137,-0.418517142534256,-0.1375630795955658,0.9999377727508545,0.22817403078079224,-0.23564918339252472,0.006531456485390663,0.44870248436927795,-0.38180863857269287,-0.3457822799682617,-0.3024445176124573,0.9977726340293884,0.29878881573677063,-0.06788258999586105,-0.012204413302242756,0.16913199424743652,-0.34769871830940247,-0.5532955527305603,-0.47326743602752686,0.9964574575424194,0.12753205001354218,-0.002371490001678467,0.014333617873489857,0.013632402755320072,-0.12655097246170044,-0.011113406158983707,-0.011385145597159863,0.020053228363394737
453,1772099480.72785,2,1,0.07857537269592285,-0.5995633602142334,-0.26617729663848877,0.999908447265625,0.15766653418540955,-0.427742063999176,-0.054040271788835526,0.9995394945144653,-0.1573324054479599,-0.41804996132850647,-0.1375831961631775,0.9999375343322754,0.22817251086235046,-0.2355140596628189,0.006536089349538088,0.4502476453781128,-0.3821360766887665,-0.3471829891204834,-0.3022291660308838,0.9978231191635132,0.300193727016449,-0.06784628331661224,-0.012299983762204647,0.16923023760318756,-0.3471895456314087,-0.5548856258392334,-0.47313055396080017,0.9964594841003418,0.12756715714931488,-0.002466911682859063,0.014325035735964775,0.013819958083331585,-0.1265980750322342,-0.010965491645038128,-0.011388449929654598,0.020334448665380478
454,1772099480.7747977,2,1,0.0779934898018837,-0.5993435382843018,-0.26820099353790283,0.9999088048934937,0.15777160227298737,-0.4275011718273163,-0.05586019158363342,0.9995372295379639,-0.15767890214920044,-0.41737180948257446,-0.1382870078086853,0.9999372959136963,0.2277352660894394,-0.2355019897222519,0.005647590383887291,0.45096907019615173,-0.3822154104709625,-0.34706562757492065,-0.3025493621826172,0.9978799819946289,0.2999158203601837,-0.06783410161733627,-0.014169114641845226,0.17089103162288666,-0.3469981253147125,-0.5546417236328125,-0.47420722246170044,0.996514618396759,0.12760531902313232,-0.002513343468308449,0.014331508427858353,0.013805597089231014,-0.12665152549743652,-0.010897555388510227,-0.0114144217222929,0.020333124324679375
455,1772099480.8253973,2,1,0.07705757766962051,-0.5990722179412842,-0.2705933749675751,0.9999083876609802,0.15775668621063232,-0.4273563623428345,-0.05735588073730469,0.9995317459106445,-0.15790864825248718,-0.41707471013069153,-0.13938671350479126,0.9999375343322754,0.2275030016899109,-0.23570889234542847,0.005669078323990107,0.4504384398460388,-0.3825112581253052,-0.34685131907463074,-0.30382856726646423,0.9979206323623657,0.29991596937179565,-0.0681769996881485,-0.01389773003757,0.17082710564136505,-0.34725573658943176,-0.5541133284568787,-0.47677281498908997,0.9965627789497375,0.12762655317783356,-0.0025469253305345774,0.014330911450088024,0.013723201118409634,-0.1266794204711914,-0.010860645212233067,-0.011422883719205856,0.020264271646738052
456,1772099480.8748157,2,1,0.07698679715394974,-0.5990791916847229,-0.2716754078865051,0.9999079704284668,0.1585869938135147,-0.42720484733581543,-0.05917125567793846,0.9995241165161133,-0.15791019797325134,-0.41708555817604065,-0.1393439918756485,0.9999369382858276,0.22824937105178833,-0.235630065202713,-0.0014294333523139358,0.4508216083049774,-0.3825153410434723,-0.34680798649787903,-0.3036128580570221,0.9979384541511536,0.29930511116981506,-0.06815455108880997,-0.026439126580953598,0.1705787032842636,-0.3478189706802368,-0.5537400841712952,-0.4765549898147583,0.9965677261352539,0.12767188251018524,-0.0025806042831391096,0.01421565841883421,0.013548498973250389,-0.12673398852348328,-0.01083236001431942,-0.01131395436823368,0.020070519298315048
457,1772099480.924348,2,1,0.07700804620981216,-0.5989946722984314,-0.2711885869503021,0.9999099373817444,0.15934868156909943,-0.4271862804889679,-0.05826146900653839,0.9995254874229431,-0.15768982470035553,-0.417694628238678,-0.13674694299697876,0.9999362230300903,0.22926370799541473,-0.23444072902202606,-0.0012210110435262322,0.4503593146800995,-0.37989795207977295,-0.3462367653846741,-0.2968131899833679,0.9978623986244202,0.2988511919975281,-0.06738822162151337,-0.02634931541979313,0.17102837562561035,-0.3481947183609009,-0.551744818687439,-0.47228461503982544,0.9965143799781799,0.12784801423549652,-0.002607201924547553,0.014242908917367458,0.013370792381465435,-0.12690912187099457,-0.0109294094145298,-0.011338917538523674,0.01978985033929348
458,1772099480.9730809,2,1,0.07759536802768707,-0.5993585586547852,-0.2612922191619873,0.9999103546142578,0.1584347039461136,-0.42783042788505554,-0.05112027749419212,0.9995265007019043,-0.15775349736213684,-0.4186679720878601,-0.1335158795118332,0.9999358057975769,0.228164404630661,-0.2341851443052292,0.002041120082139969,0.4465963840484619,-0.3771896958351135,-0.34114494919776917,-0.28668612241744995,0.9977148771286011,0.29205238819122314,-0.06742864102125168,-0.02375352382659912,0.1701030284166336,-0.35108423233032227,-0.5450794100761414,-0.46095025539398193,0.9964818954467773,0.12791596353054047,-0.002630756003782153,0.014452449046075344,0.012998435646295547,-0.1269763708114624,-0.010960279032588005,-0.011552833020687103,0.019245807081460953
459,1772099481.0251718,2,1,0.0781463012099266,-0.5993342399597168,-0.2600539028644562,0.9999085664749146,0.15833234786987305,-0.427815318107605,-0.050645861774683,0.9995211958885193,-0.1575888693332672,-0.41865748167037964,-0.133208230137825,0.9999337792396545,0.22800368070602417,-0.2341015338897705,0.0021189323160797358,0.4455103278160095,-0.37566033005714417,-0.3396770656108856,-0.284731924533844,0.9975975751876831,0.2905161380767822,-0.06755136698484421,-0.023351876065135002,0.17067386209964752,-0.3529090881347656,-0.5443413853645325,-0.4568358361721039,0.9964544177055359,0.12793520092964172,-0.0026492474135011435,0.014607327990233898,0.012605017982423306,-0.12699688971042633,-0.011026767082512379,-0.011724632233381271,0.018659355118870735
460,1772099481.078816,2,1,0.07795000076293945,-0.5994606018066406,-0.2567101716995239,0.9999061822891235,0.15812957286834717,-0.4283774793148041,-0.04891412705183029,0.9995118379592896,-0.1576203852891922,-0.41925010085105896,-0.13036417961120605,0.9999304413795471,0.22693990170955658,-0.23406609892845154,0.0019298841943964362,0.4414758086204529,-0.37345293164253235,-0.33781036734580994,-0.28077131509780884,0.9974063634872437,0.2882041335105896,-0.06764359772205353,-0.025099117308855057,0.17194348573684692,-0.3537522852420807,-0.5408914089202881,-0.45460954308509827,0.9963967204093933,0.1280060112476349,-0.002667555818334222,0.01471264660358429,0.012197465635836124,-0.1270756870508194,-0.011111299507319927,-0.01183177251368761,0.018056724220514297
461,1772099481.1248124,2,1,0.07743864506483078,-0.5995725989341736,-0.2541062831878662,0.9999035596847534,0.15791083872318268,-0.4290160834789276,-0.046609316021203995,0.9994934797286987,-0.15762433409690857,-0.4197508692741394,-0.12743133306503296,0.9999272227287292,0.22623150050640106,-0.2341981828212738,0.002300152787938714,0.4366692900657654,-0.3726113736629486,-0.3368985652923584,-0.27777406573295593,0.9972238540649414,0.2869298458099365,-0.06777200102806091,-0.024799104779958725,0.17307843267917633,-0.3540867865085602,-0.5386320352554321,-0.4531490206718445,0.9963605403900146,0.12801319360733032,-0.0026776441372931004,0.014978225342929363,0.0118136340752244,-0.12708662450313568,-0.011182185262441635,-0.012106604874134064,0.01749153435230255
462,1772099481.1752582,2,1,0.07714889198541641,-0.5989404916763306,-0.25343865156173706,0.99989914894104,0.15795256197452545,-0.42905083298683167,-0.046563178300857544,0.9994703531265259,-0.15764187276363373,-0.4199354648590088,-0.1252981573343277,0.9999216794967651,0.22605431079864502,-0.23343032598495483,-0.0012876936234533787,0.43269234895706177,-0.3705741763114929,-0.3327557146549225,-0.27466753125190735,0.9970384836196899,0.28631162643432617,-0.06709149479866028,-0.03383367508649826,0.17404797673225403,-0.3540230393409729,-0.5288549065589905,-0.45219478011131287,0.996311366558075,0.12802095711231232,-0.002603192813694477,0.015044871717691422,0.011361908167600632,-0.1271003633737564,-0.0113894734531641,-0.012189481407403946,0.016828911378979683
463,1772099481.2247725,2,1,0.07594519853591919,-0.5986190438270569,-0.25363948941230774,0.9998969435691833,0.15800492465496063,-0.42911961674690247,-0.04672423005104065,0.9994574189186096,-0.15770913660526276,-0.42018547654151917,-0.1250983327627182,0.9999189972877502,0.22567927837371826,-0.23315298557281494,-0.003974259365350008,0.43146130442619324,-0.36898934841156006,-0.3309229612350464,-0.27473121881484985,0.9969337582588196,0.2850664258003235,-0.06647983938455582,-0.037339430302381516,0.17585739493370056,-0.3540228605270386,-0.5228772759437561,-0.4524679183959961,0.9963027238845825,0.12802369892597198,-0.0025224669370800257,0.015054052695631981,0.011137602850794792,-0.1271110475063324,-0.011507809162139893,-0.012203513644635677,0.0165444053709507
464,1772099481.27521,2,1,0.07542677223682404,-0.5985464453697205,-0.25383397936820984,0.9998968243598938,0.15774787962436676,-0.42917972803115845,-0.04666877165436745,0.99945467710495,-0.1578093320131302,-0.42017820477485657,-0.12503963708877563,0.9999156594276428,0.2257719784975052,-0.233270525932312,-0.003790469141677022,0.42978528141975403,-0.3691262900829315,-0.33090847730636597,-0.2752265930175781,0.9967145919799805,0.2867884933948517,-0.06633985787630081,-0.03659333288669586,0.17858286201953888,-0.35601750016212463,-0.5232095122337341,-0.45285701751708984,0.9962134957313538,0.1280517429113388,-0.002533435821533203,0.01516683679074049,0.010824868455529213,-0.12714359164237976,-0.011544248089194298,-0.012338901869952679,0.01602943427860737
465,1772099481.3245947,2,1,0.07491762191057205,-0.5984814763069153,-0.254007488489151,0.9998929500579834,0.15774430334568024,-0.42926180362701416,-0.047319479286670685,0.9994446039199829,-0.15810389816761017,-0.42017218470573425,-0.12508364021778107,0.9999111890792847,0.2257160246372223,-0.23310372233390808,-0.0070054433308541775,0.4292909502983093,-0.3691079020500183,-0.33012789487838745,-0.27562129497528076,0.9966041445732117,0.2863547205924988,-0.0655202865600586,-0.041393689811229706,0.17998921871185303,-0.3564188778400421,-0.5218294262886047,-0.4535024166107178,0.9961363673210144,0.12806351482868195,-0.0025323897134512663,0.015187853015959263,0.010671496391296387,-0.12715759873390198,-0.011560768820345402,-0.012364008463919163,0.015796098858118057
466,1772099481.3748825,2,1,0.07411693036556244,-0.5984911322593689,-0.25421014428138733,0.9998940825462341,0.15755753219127655,-0.42966556549072266,-0.04797402024269104,0.999447226524353,-0.1587248593568802,-0.4201831817626953,-0.12502837181091309,0.9999082684516907,0.2255410999059677,-0.23310638964176178,-0.008986634202301502,0.4291309416294098,-0.3692041039466858,-0.33018290996551514,-0.27590349316596985,0.996536135673523,0.28624457120895386,-0.06515238434076309,-0.04457418620586395,0.18344391882419586,-0.3570275604724884,-0.5219880938529968,-0.4554286599159241,0.9960859417915344,0.12809687852859497,-0.0025890248361974955,0.015188619494438171,0.010580508038401604,-0.12720081210136414,-0.01152157224714756,-0.01236801315099001,0.015592296607792377
467,1772099481.4247909,2,1,0.07392409443855286,-0.5984694361686707,-0.254942387342453,0.999893069267273,0.15756939351558685,-0.42964938282966614,-0.05095097795128822,0.9994368553161621,-0.15875284373760223,-0.42009541392326355,-0.1250554472208023,0.9999032020568848,0.2253863662481308,-0.23275545239448547,-0.016838109120726585,0.4284457862377167,-0.3692767322063446,-0.3302341401576996,-0.2761521637439728,0.996476948261261,0.2853665351867676,-0.06467953324317932,-0.05721133202314377,0.18603093922138214,-0.35714828968048096,-0.5223134160041809,-0.4565238356590271,0.9960514307022095,0.12809239327907562,-0.0026000114157795906,0.015160237438976765,0.010361102409660816,-0.12720546126365662,-0.01152215339243412,-0.012345848605036736,0.015241039916872978
468,1772099481.4791245,2,1,0.07370654493570328,-0.5982847213745117,-0.2558269202709198,0.9998890161514282,0.1576022058725357,-0.429639995098114,-0.05286666750907898,0.9994246959686279,-0.15906478464603424,-0.4200833737850189,-0.12508739531040192,0.9998974204063416,0.22492793202400208,-0.23191231489181519,-0.021017776802182198,0.4283974766731262,-0.36934274435043335,-0.33007875084877014,-0.27623245120048523,0.9964289665222168,0.28330227732658386,-0.06413424760103226,-0.06315074115991592,0.1878790706396103,-0.3572884500026703,-0.52181476354599,-0.45675063133239746,0.995993435382843,0.12810027599334717,-0.0025983320083469152,0.015160209499299526,0.01019640825688839,-0.12721708416938782,-0.011530294083058834,-0.012349076569080353,0.01498082559555769
469,1772099481.5291297,2,1,0.07351786643266678,-0.5981608033180237,-0.25590619444847107,0.9998854398727417,0.15764661133289337,-0.42964082956314087,-0.05292651429772377,0.999413251876831,-0.15920087695121765,-0.4200829267501831,-0.12503138184547424,0.9998932480812073,0.2246425300836563,-0.2312907576560974,-0.020334431901574135,0.4272632598876953,-0.3693813383579254,-0.32997095584869385,-0.2761870324611664,0.9963783025741577,0.2819696068763733,-0.06341544538736343,-0.06058914214372635,0.188140869140625,-0.3572928309440613,-0.5217363238334656,-0.4568929076194763,0.995936393737793,0.12812279164791107,-0.0025759260170161724,0.015163775533437729,0.010096302255988121,-0.1272481083869934,-0.011556039564311504,-0.012355574406683445,0.014838711358606815
470,1772099481.5747743,2,1,0.07314876466989517,-0.5982109904289246,-0.25644513964653015,0.9998876452445984,0.15762953460216522,-0.42993053793907166,-0.05293100327253342,0.9994218945503235,-0.15938374400138855,-0.42006686329841614,-0.12508653104305267,0.9998930096626282,0.2247001677751541,-0.23170538246631622,-0.019164131954312325,0.4279538691043854,-0.3694153428077698,-0.3303785026073456,-0.27697455883026123,0.9963814616203308,0.2829244136810303,-0.06376297026872635,-0.0593053437769413,0.19104859232902527,-0.3583293855190277,-0.5220599174499512,-0.45961833000183105,0.9959465861320496,0.12817341089248657,-0.002622223924845457,0.015187333337962627,0.01015544030815363,-0.1273006647825241,-0.011541645042598248,-0.012377366423606873,0.014889239333570004
471,1772099481.6247916,2,1,0.07305692136287689,-0.5981780886650085,-0.256120502948761,0.9998867511749268,0.15760409832000732,-0.43008938431739807,-0.05160372704267502,0.9994176030158997,-0.1593765765428543,-0.4202752113342285,-0.12466881424188614,0.9998922348022461,0.2248334288597107,-0.23173268139362335,-0.016631171107292175,0.42691391706466675,-0.36931896209716797,-0.33001014590263367,-0.27664297819137573,0.9963147640228271,0.2837812006473541,-0.06383253633975983,-0.05627908930182457,0.19197213649749756,-0.3587387800216675,-0.5210516452789307,-0.45948174595832825,0.9959469437599182,0.12812983989715576,-0.002601576503366232,0.015259846113622189,0.010147836059331894,-0.12726613879203796,-0.011552941985428333,-0.012466435320675373,0.014873898588120937
472,1772099481.678091,2,1,0.07279256731271744,-0.5980783700942993,-0.2561611831188202,0.9998847842216492,0.15759091079235077,-0.43009617924690247,-0.05162673816084862,0.9994081854820251,-0.15949106216430664,-0.4203416705131531,-0.12446852773427963,0.9998894333839417,0.22483856976032257,-0.23161965608596802,-0.016543297097086906,0.42889875173568726,-0.3691610097885132,-0.32987216114997864,-0.27621394395828247,0.9962831139564514,0.2842298150062561,-0.0637502372264862,-0.05610708147287369,0.19338737428188324,-0.3592301607131958,-0.5204524993896484,-0.45938408374786377,0.9959408044815063,0.12807203829288483,-0.0025752994697541,0.01526737678796053,0.010155227035284042,-0.12721975147724152,-0.011568491347134113,-0.012478086166083813,0.014889690093696117
473,1772099481.729355,2,1,0.0727863609790802,-0.5980579257011414,-0.2562079429626465,0.9998854994773865,0.15759752690792084,-0.43009984493255615,-0.05158820375800133,0.999404788017273,-0.15943023562431335,-0.4203791916370392,-0.124491848051548,0.9998876452445984,0.22498399019241333,-0.23157274723052979,-0.016365615651011467,0.4277011752128601,-0.3690553307533264,-0.329804927110672,-0.2762623131275177,0.996198832988739,0.28470033407211304,-0.06364668160676956,-0.05565996095538139,0.1950070559978485,-0.3594798743724823,-0.5202510356903076,-0.45940306782722473,0.9959161281585693,0.1280725598335266,-0.002567796502262354,0.015343807637691498,0.010118321515619755,-0.12722247838974,-0.011608005501329899,-0.012550287880003452,0.01478166226297617
474,1772099481.7707276,2,1,0.07290048897266388,-0.5979064106941223,-0.2559107542037964,0.9998836517333984,0.15765000879764557,-0.43008899688720703,-0.05119330435991287,0.9993975162506104,-0.15936416387557983,-0.4204367995262146,-0.12420126050710678,0.9998860359191895,0.225030317902565,-0.23138539493083954,-0.015782998874783516,0.4264739751815796,-0.3689216375350952,-0.3297860622406006,-0.2759527564048767,0.9961429834365845,0.284699022769928,-0.06347350031137466,-0.05439431220293045,0.19498619437217712,-0.3595470190048218,-0.520261824131012,-0.4588988721370697,0.9959050416946411,0.12806379795074463,-0.0025382719468325377,0.015379480086266994,0.01007577683776617,-0.12721405923366547,-0.011668969877064228,-0.012583905830979347,0.014725988730788231
475,1772099481.8248024,2,1,0.07291460037231445,-0.5978480577468872,-0.254639595746994,0.9998809695243835,0.15765699744224548,-0.4301525950431824,-0.0507919006049633,0.9993823170661926,-0.1593540608882904,-0.4208957850933075,-0.1229390874505043,0.9998825788497925,0.2249956578016281,-0.2311069518327713,-0.016069309785962105,0.4244731366634369,-0.3683663308620453,-0.3297790586948395,-0.27344223856925964,0.99604332447052,0.28448230028152466,-0.06336378306150436,-0.05533655360341072,0.19465970993041992,-0.3595442771911621,-0.5198962688446045,-0.4568279981613159,0.995870053768158,0.12800517678260803,-0.002505688229575753,0.015385736711323261,0.010020153596997261,-0.12716205418109894,-0.011693860404193401,-0.012594441883265972,0.014653759077191353
476,1772099481.8749545,2,1,0.07297130674123764,-0.5977867841720581,-0.2541937232017517,0.9998831748962402,0.15779589116573334,-0.4301583766937256,-0.05026554688811302,0.9993893504142761,-0.15935733914375305,-0.4212621748447418,-0.1218707486987114,0.999883770942688,0.22549742460250854,-0.230879545211792,-0.015876177698373795,0.42667144536972046,-0.36832305788993835,-0.3297876715660095,-0.2727164030075073,0.9960408210754395,0.2849595844745636,-0.06334087997674942,-0.05488815903663635,0.1949307918548584,-0.35932525992393494,-0.5198476910591125,-0.4566090404987335,0.9958652853965759,0.12802192568778992,-0.0024920147843658924,0.015308980830013752,0.010041710920631886,-0.12718431651592255,-0.011713081039488316,-0.012526830658316612,0.014699606224894524
477,1772099481.9281106,2,1,0.07371772825717926,-0.597769558429718,-0.2554868161678314,0.9998866319656372,0.15855491161346436,-0.4301239848136902,-0.050290465354919434,0.9994031190872192,-0.1591159850358963,-0.4213627576828003,-0.1223701536655426,0.9998864531517029,0.2264740914106369,-0.23082321882247925,-0.014805643819272518,0.4313434958457947,-0.3682725429534912,-0.33037346601486206,-0.2740669250488281,0.9960906505584717,0.28569167852401733,-0.0631621703505516,-0.05277959257364273,0.19728296995162964,-0.3585963845252991,-0.520662784576416,-0.45926281809806824,0.9959073662757874,0.12805597484111786,-0.0024832256603986025,0.015290637500584126,0.010234666988253593,-0.12722614407539368,-0.011728761717677116,-0.012513333931565285,0.014964315108954906
478,1772099481.9749115,2,1,0.07375194877386093,-0.5976006984710693,-0.25550487637519836,0.9998859763145447,0.15856635570526123,-0.4301062226295471,-0.05019666627049446,0.9993976354598999,-0.15904060006141663,-0.4214489459991455,-0.122419074177742,0.9998863935470581,0.22646033763885498,-0.23085395991802216,-0.013503698632121086,0.4300893247127533,-0.36829277873039246,-0.33110082149505615,-0.2741207480430603,0.9960821866989136,0.2858133912086487,-0.06321731954813004,-0.049295224249362946,0.19820471107959747,-0.35855093598365784,-0.520904541015625,-0.45925721526145935,0.9959235191345215,0.12803252041339874,-0.002459693932905793,0.015360690653324127,0.010188201442360878,-0.12720540165901184,-0.011758452281355858,-0.012590471655130386,0.01493360847234726
479,1772099482.0249112,2,1,0.0737098827958107,-0.597583532333374,-0.25566786527633667,0.9998872876167297,0.15865986049175262,-0.43012040853500366,-0.05043106898665428,0.9994030594825745,-0.1590835303068161,-0.42169779539108276,-0.12237478047609329,0.999885618686676,0.22643788158893585,-0.23055770993232727,-0.014269649982452393,0.4327731430530548,-0.3679846227169037,-0.33159491419792175,-0.27409180998802185,0.9960842132568359,0.2858539819717407,-0.06311658769845963,-0.05172121152281761,0.20023399591445923,-0.3585430979728699,-0.5210077166557312,-0.45995041728019714,0.9959083795547485,0.12804502248764038,-0.0024662292562425137,0.015340260230004787,0.010372755117714405,-0.12722183763980865,-0.01174168661236763,-0.012573235668241978,0.015178459696471691
480,1772099482.0816703,2,1,0.07382545620203018,-0.5973023176193237,-0.2571558952331543,0.9998874068260193,0.15888090431690216,-0.4301081597805023,-0.05134902521967888,0.9994038939476013,-0.1590103805065155,-0.42171311378479004,-0.12308470159769058,0.999885618686676,0.22632235288619995,-0.23055553436279297,-0.01444894541054964,0.43336981534957886,-0.3679060935974121,-0.33163583278656006,-0.2748291790485382,0.9961142539978027,0.28575989603996277,-0.0632590726017952,-0.05164946988224983,0.20116998255252838,-0.3580794930458069,-0.5210390686988831,-0.4607064127922058,0.995917022228241,0.12804898619651794,-0.002451737178489566,0.0153312673792243,0.010351126082241535,-0.12722913920879364,-0.011761712841689587,-0.01256711594760418,0.015167667530477047
481,1772099482.1282113,2,1,0.07414925843477249,-0.597269594669342,-0.25781747698783875,0.9998890161514282,0.15924574434757233,-0.43004322052001953,-0.051607895642519,0.999408483505249,-0.15883612632751465,-0.4216885268688202,-0.123452328145504,0.9998863339424133,0.22640269994735718,-0.23054656386375427,-0.014398757368326187,0.4353199899196625,-0.3678169846534729,-0.33165210485458374,-0.2753388285636902,0.9961445331573486,0.2859043776988983,-0.06334993243217468,-0.05154106393456459,0.2042490541934967,-0.3578081727027893,-0.5210711359977722,-0.46161484718322754,0.9959635138511658,0.12805624306201935,-0.002441821852698922,0.015343750827014446,0.010319536551833153,-0.12724003195762634,-0.011791698634624481,-0.012582226656377316,0.015116360038518906
482,1772099482.1769564,2,1,0.0740896537899971,-0.5972920060157776,-0.2578071057796478,0.9998900890350342,0.15926608443260193,-0.43020185828208923,-0.05159949138760567,0.9994089603424072,-0.15884491801261902,-0.4219033122062683,-0.12342438101768494,0.9998862147331238,0.2261859029531479,-0.2305956333875656,-0.014429176226258278,0.4361259341239929,-0.36757728457450867,-0.33204400539398193,-0.27532461285591125,0.9961534142494202,0.2858547866344452,-0.06355401128530502,-0.0527241975069046,0.2070740908384323,-0.35747969150543213,-0.5210023522377014,-0.4623109996318817,0.9959897398948669,0.12803518772125244,-0.0024379421956837177,0.01536515261977911,0.010408538393676281,-0.12722526490688324,-0.011793983168900013,-0.012611168436706066,0.015245113521814346
483,1772099482.2247474,2,1,0.07519205659627914,-0.5970237851142883,-0.25802943110466003,0.9998888969421387,0.1605347841978073,-0.4302011728286743,-0.05154008790850639,0.9994083642959595,-0.15810522437095642,-0.4219290614128113,-0.12374460697174072,0.9998859167098999,0.22645404934883118,-0.23075920343399048,-0.013559279963374138,0.43836843967437744,-0.36619412899017334,-0.3321044147014618,-0.27623799443244934,0.996177613735199,0.285919189453125,-0.06397902220487595,-0.051258206367492676,0.210170716047287,-0.3550075888633728,-0.5210213661193848,-0.46347954869270325,0.996016800403595,0.12803320586681366,-0.002327630529180169,0.015412801876664162,0.010430923663079739,-0.1272260844707489,-0.011933460831642151,-0.012664251960814,0.015265652909874916
484,1772099482.2750866,2,1,0.07509446144104004,-0.5970079302787781,-0.25574353337287903,0.9998895525932312,0.16046571731567383,-0.4303109645843506,-0.0507558137178421,0.9994034171104431,-0.15801243484020233,-0.4220919609069824,-0.12250028550624847,0.999884307384491,0.2264726161956787,-0.23094260692596436,-0.01331285946071148,0.4380374550819397,-0.3655148148536682,-0.3322986662387848,-0.2733447551727295,0.9960820078849792,0.2872227430343628,-0.06447254121303558,-0.05121700093150139,0.21243907511234283,-0.35496658086776733,-0.5210391879081726,-0.45938801765441895,0.996023952960968,0.12803055346012115,-0.002321480540558696,0.015500645153224468,0.010266275145113468,-0.12722571194171906,-0.011975312605500221,-0.012761623598635197,0.015006291680037975
485,1772099482.3240702,2,1,0.07509017735719681,-0.5968954563140869,-0.25556501746177673,0.9998895525932312,0.16065998375415802,-0.4302007555961609,-0.050860486924648285,0.9994032979011536,-0.15800447762012482,-0.42216742038726807,-0.1218651607632637,0.9998825788497925,0.22667422890663147,-0.23042701184749603,-0.014509855769574642,0.4396921396255493,-0.36523085832595825,-0.3329381048679352,-0.27217820286750793,0.9960545301437378,0.2871628999710083,-0.06445855647325516,-0.053636472672224045,0.2135811746120453,-0.3547303378582001,-0.5217028260231018,-0.4584749937057495,0.9959916472434998,0.1280905306339264,-0.0023042040411382914,0.015428404323756695,0.010183264501392841,-0.1272890716791153,-0.012047714553773403,-0.012684768997132778,0.014901860617101192
486,1772099482.3624902,2,1,0.07665913552045822,-0.5966764092445374,-0.2573987543582916,0.9998895525932312,0.16141508519649506,-0.4298691749572754,-0.05092275142669678,0.999410092830658,-0.1576215624809265,-0.42218080163002014,-0.1232149675488472,0.9998843669891357,0.22781792283058167,-0.2302650809288025,-0.01287094783037901,0.4421359896659851,-0.3649693727493286,-0.333647757768631,-0.2747754752635956,0.9960666298866272,0.287996768951416,-0.06440794467926025,-0.05076874420046806,0.21478591859340668,-0.35340583324432373,-0.5234310030937195,-0.46010878682136536,0.9959664940834045,0.1281585991382599,-0.002300600754097104,0.015497898682951927,0.010239830240607262,-0.1273481845855713,-0.012077922001481056,-0.012732029892504215,0.015017108991742134
487,1772099482.4080734,2,1,0.07805614173412323,-0.5960285663604736,-0.2575521469116211,0.9998899698257446,0.16194669902324677,-0.4291701316833496,-0.050514038652181625,0.9994120001792908,-0.15735526382923126,-0.4221934676170349,-0.12328463792800903,0.999886691570282,0.22899901866912842,-0.22903360426425934,-0.010536659508943558,0.4413146376609802,-0.36469823122024536,-0.3334549069404602,-0.27478140592575073,0.9960607290267944,0.28829848766326904,-0.06360508501529694,-0.047874752432107925,0.2124156951904297,-0.3523562550544739,-0.5234183073043823,-0.45986413955688477,0.9959461092948914,0.1282169073820114,-0.0022947113029658794,0.01554123591631651,0.010249121114611626,-0.12739594280719757,-0.012123984284698963,-0.012760663405060768,0.015056740492582321
488,1772099482.4590409,2,1,0.07782838493585587,-0.5960227847099304,-0.2573802173137665,0.9998937249183655,0.16220852732658386,-0.42813840508461,-0.050363343209028244,0.9994118809700012,-0.157131627202034,-0.4226931631565094,-0.12159590423107147,0.9998899102210999,0.2299373894929886,-0.22701135277748108,-0.010564001277089119,0.4417993128299713,-0.36490756273269653,-0.34014320373535156,-0.2739627957344055,0.9961710572242737,0.2897137999534607,-0.06327223032712936,-0.049353692680597305,0.20838993787765503,-0.35119515657424927,-0.5343157052993774,-0.4597264528274536,0.9960009455680847,0.12822134792804718,-0.002292650518938899,0.015421221032738686,0.010380367748439312,-0.12740275263786316,-0.012108477763831615,-0.012661264277994633,0.015349297784268856
489,1772099482.5074081,2,1,0.07783406972885132,-0.5961719155311584,-0.25838229060173035,0.9998967051506042,0.16233393549919128,-0.4276137351989746,-0.05101510137319565,0.9994188547134399,-0.1568503975868225,-0.42288756370544434,-0.12203611433506012,0.9998947381973267,0.23019707202911377,-0.22700750827789307,-0.01060557086020708,0.4448483884334564,-0.3661077916622162,-0.34669381380081177,-0.2762250304222107,0.996362030506134,0.29049545526504517,-0.06351373344659805,-0.04929115250706673,0.2048717886209488,-0.348364919424057,-0.5446249842643738,-0.4602962136268616,0.9960923194885254,0.12815013527870178,-0.0023261047899723053,0.015243472531437874,0.010768415406346321,-0.12733739614486694,-0.011915926821529865,-0.012492219917476177,0.01605995185673237
490,1772099482.5589514,2,1,0.07779023796319962,-0.5961199402809143,-0.2592761218547821,0.9999001622200012,0.16231630742549896,-0.4270974099636078,-0.051157135516405106,0.9994300603866577,-0.1567762792110443,-0.4229331612586975,-0.12248505651950836,0.9998992681503296,0.23049333691596985,-0.22703193128108978,-0.009111850522458553,0.44768261909484863,-0.3674558103084564,-0.3509497344493866,-0.27758073806762695,0.996522843837738,0.2934018671512604,-0.06395309418439865,-0.045400310307741165,0.20258189737796783,-0.3484162986278534,-0.5523472428321838,-0.46029967069625854,0.9961838126182556,0.12813463807106018,-0.002340419450774789,0.01518751960247755,0.011049274355173111,-0.12732556462287903,-0.011818823404610157,-0.01245321799069643,0.016568781808018684
491,1772099482.611856,2,1,0.07777301222085953,-0.5960866212844849,-0.2605378329753876,0.9999010562896729,0.16227532923221588,-0.4267076253890991,-0.052155449986457825,0.9994349479675293,-0.15655821561813354,-0.4229552447795868,-0.12377134710550308,0.9999021887779236,0.22997523844242096,-0.22710493206977844,-0.009384174831211567,0.4473397135734558,-0.3685205280780792,-0.3578789532184601,-0.27969852089881897,0.9966629147529602,0.29346325993537903,-0.0654248371720314,-0.04634568467736244,0.1995837688446045,-0.3484537601470947,-0.5635890960693359,-0.4601348340511322,0.9962247610092163,0.1281224638223648,-0.002389381406828761,0.015243805013597012,0.011338440701365471,-0.12730948626995087,-0.011681328527629375,-0.012498511001467705,0.01713547855615616
492,1772099482.6589952,2,1,0.0780048742890358,-0.5957983136177063,-0.26293742656707764,0.9999016523361206,0.1626933217048645,-0.42553916573524475,-0.053652677685022354,0.9994372129440308,-0.15556788444519043,-0.4229119122028351,-0.12566639482975006,0.9999051094055176,0.23001858592033386,-0.2270263433456421,-0.009371240623295307,0.44877246022224426,-0.36859649419784546,-0.3578912019729614,-0.2823290526866913,0.9967994093894958,0.2940780520439148,-0.06560161709785461,-0.044950220733881,0.1967143714427948,-0.34836310148239136,-0.5632645487785339,-0.46028006076812744,0.9962911605834961,0.12811638414859772,-0.002387853106483817,0.015215064398944378,0.011616467498242855,-0.1273033767938614,-0.011657116934657097,-0.012469630688428879,0.017606453970074654
493,1772099482.7086577,2,1,0.0779956504702568,-0.5954267382621765,-0.26416683197021484,0.9999025464057922,0.16278894245624542,-0.425251305103302,-0.0539296492934227,0.9994454979896545,-0.15527059137821198,-0.4228303134441376,-0.12684768438339233,0.9999081492424011,0.23008452355861664,-0.227261483669281,-0.00634050602093339,0.45067307353019714,-0.36914709210395813,-0.35783612728118896,-0.2841919958591461,0.9969247579574585,0.29455944895744324,-0.0659932941198349,-0.035962168127298355,0.19434942305088043,-0.34844160079956055,-0.562805712223053,-0.46048298478126526,0.996344268321991,0.1281120479106903,-0.002388963708654046,0.01517918985337019,0.01203866582363844,-0.12729890644550323,-0.011589915491640568,-0.012443622574210167,0.018284564837813377
494,1772099482.758924,2,1,0.07799220085144043,-0.5949119925498962,-0.26396533846855164,0.9999042749404907,0.16277341544628143,-0.42508527636528015,-0.05219285562634468,0.9994540810585022,-0.15496885776519775,-0.4224449396133423,-0.12693271040916443,0.9999098181724548,0.23134218156337738,-0.22784893214702606,0.0024882275611162186,0.4501854181289673,-0.3692554235458374,-0.3580131530761719,-0.284326434135437,0.99696946144104,0.30266889929771423,-0.06646870076656342,-0.02109440229833126,0.19256070256233215,-0.3490641117095947,-0.5640741586685181,-0.4600326418876648,0.9963486194610596,0.1281530261039734,-0.0024045989848673344,0.015308109112083912,0.012030416168272495,-0.1273360699415207,-0.011571872979402542,-0.012593844905495644,0.018154611811041832
495,1772099482.8080695,2,1,0.07768929749727249,-0.5947800874710083,-0.26334047317504883,0.9999040961265564,0.16263748705387115,-0.4250999391078949,-0.05099942162632942,0.9994527697563171,-0.15504570305347443,-0.4224116802215576,-0.1269252896308899,0.9999099969863892,0.23181770741939545,-0.22789683938026428,0.0033907140605151653,0.4464206397533417,-0.36925208568573,-0.3576658368110657,-0.28406989574432373,0.9969688057899475,0.303742915391922,-0.0664629340171814,-0.021187106147408485,0.18929457664489746,-0.3506317436695099,-0.5626661777496338,-0.45889195799827576,0.9963083267211914,0.12824292480945587,-0.0024226640816777945,0.01547118928283453,0.012023555114865303,-0.1274137943983078,-0.011568562127649784,-0.012735516764223576,0.018054552376270294
496,1772099482.858913,2,1,0.0757024884223938,-0.5944898724555969,-0.2633099853992462,0.9999052286148071,0.16135470569133759,-0.42539799213409424,-0.05041954293847084,0.9994602799415588,-0.15614166855812073,-0.4222642481327057,-0.12711113691329956,0.9999120831489563,0.23123537003993988,-0.2291208654642105,0.00804815161973238,0.4442301094532013,-0.3704586327075958,-0.3573249578475952,-0.2844325304031372,0.9970470070838928,0.3034748435020447,-0.06704311817884445,-0.012903514318168163,0.18737460672855377,-0.3542563319206238,-0.5617097020149231,-0.4588858187198639,0.9963407516479492,0.12825681269168854,-0.0024841714184731245,0.015594327822327614,0.012333240360021591,-0.1274227648973465,-0.011415475979447365,-0.012863396666944027,0.018456822261214256
497,1772099482.9073188,2,1,0.0754445269703865,-0.5944845080375671,-0.2631080746650696,0.9999061226844788,0.16088134050369263,-0.4255710244178772,-0.04993892461061478,0.9994643330574036,-0.15629523992538452,-0.42223578691482544,-0.12722699344158173,0.9999128580093384,0.23126229643821716,-0.23053979873657227,0.008403479121625423,0.4436958432197571,-0.3706399202346802,-0.35711172223091125,-0.28443384170532227,0.9970741271972656,0.3051416575908661,-0.0682944729924202,-0.014467050321400166,0.18697667121887207,-0.3558821678161621,-0.5613958239555359,-0.4588550925254822,0.9963646531105042,0.12826521694660187,-0.0025399005971848965,0.015698431059718132,0.01234166044741869,-0.12743227183818817,-0.011329885572195053,-0.01299108937382698,0.018381116911768913
498,1772099482.9586854,2,1,0.07556930184364319,-0.5945329666137695,-0.26308050751686096,0.9999054074287415,0.16089360415935516,-0.4258114993572235,-0.04994191229343414,0.9994672536849976,-0.15629033744335175,-0.42220109701156616,-0.12740877270698547,0.9999130368232727,0.2313634753227234,-0.23105153441429138,0.008191795088350773,0.4453422427177429,-0.3705863654613495,-0.3568769693374634,-0.2844022810459137,0.9971157312393188,0.3049594461917877,-0.06829103827476501,-0.015445882454514503,0.18633778393268585,-0.35611358284950256,-0.5609933733940125,-0.45851221680641174,0.9963610768318176,0.1282484084367752,-0.0025477269664406776,0.015700463205575943,0.012467766180634499,-0.12741898000240326,-0.01127229630947113,-0.012997767888009548,0.01848745532333851
499,1772099483.0099618,2,1,0.07546046376228333,-0.5945208668708801,-0.2629610598087311,0.9999061226844788,0.16073043644428253,-0.4258214235305786,-0.04975985735654831,0.9994712471961975,-0.1563417762517929,-0.4221702218055725,-0.1274402141571045,0.99991375207901,0.23161433637142181,-0.23111967742443085,0.007758236024528742,0.4455128014087677,-0.37069517374038696,-0.35668691992759705,-0.2841968536376953,0.9971330761909485,0.30513089895248413,-0.06829020380973816,-0.016749007627367973,0.18570950627326965,-0.3571355640888214,-0.5606975555419922,-0.45755571126937866,0.9963828325271606,0.12825310230255127,-0.002551258774474263,0.015706948935985565,0.012380234897136688,-0.1274268478155136,-0.011263212189078331,-0.013008913025259972,0.018302608281373978
500,1772099483.061357,2,1,0.07581720501184464,-0.5944907665252686,-0.26349014043807983,0.999907910823822,0.16088266670703888,-0.4256555438041687,-0.04983518272638321,0.9994825124740601,-0.15633313357830048,-0.4216710031032562,-0.12875086069107056,0.9999154210090637,0.23209449648857117,-0.23149318993091583,0.00853796023875475,0.4481103718280792,-0.37131571769714355,-0.3573929965496063,-0.28714755177497864,0.9972095489501953,0.3056459128856659,-0.06848465651273727,-0.014423140324652195,0.185141921043396,-0.3565625846385956,-0.5627931356430054,-0.4598565101623535,0.9964030981063843,0.12829461693763733,-0.0025755001697689295,0.015686746686697006,0.012556771747767925,-0.12747642397880554,-0.011209768243134022,-0.013003190979361534,0.018447237089276314
501,1772099483.1074963,2,1,0.07558399438858032,-0.5945643782615662,-0.2642233967781067,0.9999089241027832,0.16073131561279297,-0.42565396428108215,-0.051358968019485474,0.9994878768920898,-0.1564709097146988,-0.42164430022239685,-0.12931005656719208,0.9999165534973145,0.2320079207420349,-0.231819286942482,0.005413741804659367,0.45162782073020935,-0.3722136318683624,-0.3576146960258484,-0.28781789541244507,0.997280478477478,0.30555570125579834,-0.06885787844657898,-0.018781598657369614,0.18631871044635773,-0.3566235601902008,-0.5632386803627014,-0.46044406294822693,0.9964399337768555,0.12826746702194214,-0.002605495974421501,0.015640174970030785,0.012585552409291267,-0.12745441496372223,-0.01112713385373354,-0.01296877022832632,0.018486622720956802
502,1772099483.1589422,2,1,0.07553580403327942,-0.5945591330528259,-0.2642602324485779,0.9999116659164429,0.1606765240430832,-0.42525994777679443,-0.05158253759145737,0.9995002150535583,-0.15645402669906616,-0.42142149806022644,-0.12934422492980957,0.9999185800552368,0.23211053013801575,-0.23176707327365875,0.005332278553396463,0.45648035407066345,-0.37275588512420654,-0.35813581943511963,-0.2877618670463562,0.9973387122154236,0.30649781227111816,-0.06892351806163788,-0.01915244571864605,0.18778298795223236,-0.35658350586891174,-0.565202534198761,-0.459868848323822,0.9964815378189087,0.12828278541564941,-0.002630768110975623,0.01564706116914749,0.012628812342882156,-0.12746986746788025,-0.011112788692116737,-0.012978347018361092,0.01851496286690235
503,1772099483.2080238,2,1,0.07538676261901855,-0.5946751236915588,-0.2648279070854187,0.9999127984046936,0.1606413871049881,-0.42521774768829346,-0.052890367805957794,0.9995051622390747,-0.1566474735736847,-0.4213940501213074,-0.12977221608161926,0.9999196529388428,0.23218703269958496,-0.23179374635219574,0.0019334300886839628,0.4614493250846863,-0.3731914758682251,-0.358232706785202,-0.28810960054397583,0.9974070191383362,0.3064250648021698,-0.068926140666008,-0.02491634711623192,0.1891632229089737,-0.35651227831840515,-0.564987301826477,-0.46043843030929565,0.99652099609375,0.12826459109783173,-0.002655230462551117,0.01559040229767561,0.01269161980599165,-0.12745635211467743,-0.011064381338655949,-0.012930999509990215,0.018587173894047737
504,1772099483.2600548,2,1,0.07538602501153946,-0.5946502089500427,-0.2652794420719147,0.9999140501022339,0.16064302623271942,-0.42516663670539856,-0.053120408207178116,0.9995123147964478,-0.15664273500442505,-0.4212692975997925,-0.13028813898563385,0.9999216794967651,0.2323387861251831,-0.23242948949337006,0.0022453241981565952,0.4668654203414917,-0.3736796975135803,-0.3583582639694214,-0.2891792953014374,0.9974874258041382,0.3067825734615326,-0.06938283145427704,-0.02319478988647461,0.190029576420784,-0.35617563128471375,-0.5650480389595032,-0.4611458480358124,0.9965764284133911,0.12821456789970398,-0.002661532023921609,0.015546603128314018,0.012887058779597282,-0.12741130590438843,-0.011031551286578178,-0.012905633077025414,0.01887209713459015
505,1772099483.2990844,2,0,0.07537318021059036,-0.5946348905563354,-0.26608267426490784,0.9999153017997742,0.16065700352191925,-0.4251438081264496,-0.053800005465745926,0.9995191693305969,-0.15668617188930511,-0.4212082028388977,-0.1308126449584961,0.9999231100082397,0.2324352115392685,-0.23267555236816406,0.0020606345497071743,0.4716683030128479,-0.37377989292144775,-0.35871124267578125,-0.2896052598953247,0.9975614547729492,0.3067294955253601,-0.06941680610179901,-0.02322746068239212,0.1903749406337738,-0.3561685383319855,-0.5654787421226501,-0.46143248677253723,0.9966182112693787,0.12819164991378784,-0.0026678782887756824,0.01547852624207735,0.013080954551696777,-0.12739287316799164,-0.01099447999149561,-0.012856575660407543,0.019135557115077972
506,1772099483.3428075,2,0,0.07533662021160126,-0.594687283039093,-0.2670827805995941,0.9999170899391174,0.16062618792057037,-0.42506855726242065,-0.05509008467197418,0.9995266795158386,-0.15667961537837982,-0.4211592674255371,-0.13152170181274414,0.9999248385429382,0.23247475922107697,-0.23269186913967133,1.7377220501657575e-05,0.4757821261882782,-0.37392833828926086,-0.35889753699302673,-0.28977811336517334,0.9976160526275635,0.30668073892593384,-0.0694870576262474,-0.026000037789344788,0.19034183025360107,-0.3561963438987732,-0.5663102269172668,-0.46143966913223267,0.9966546893119812,0.12819735705852509,-0.00270519289188087,0.015467905439436436,0.013101435266435146,-0.12739838659763336,-0.010959895327687263,-0.012842116877436638,0.019183924421668053
507,1772099483.388741,2,0,0.07508388161659241,-0.594570517539978,-0.2682015895843506,0.9999184012413025,0.16062067449092865,-0.4249863922595978,-0.05665496736764908,0.9995328187942505,-0.15711723268032074,-0.4209277033805847,-0.13232548534870148,0.9999258518218994,0.23248416185379028,-0.23269982635974884,-0.001528212451376021,0.47776809334754944,-0.3741898238658905,-0.3589910864830017,-0.2905459702014923,0.9976758360862732,0.30603331327438354,-0.06949624419212341,-0.02771271951496601,0.19036529958248138,-0.35621535778045654,-0.5662957429885864,-0.46267303824424744,0.9966815710067749,0.12824244797229767,-0.002737120958045125,0.01541074551641941,0.01315309852361679,-0.12744732201099396,-0.010935205034911633,-0.01278518047183752,0.01927892491221428
508,1772099483.4448085,2,0,0.07518598437309265,-0.5943801999092102,-0.2687053680419922,0.9999182820320129,0.16059130430221558,-0.42496955394744873,-0.056656960397958755,0.9995351433753967,-0.15717019140720367,-0.4206477701663971,-0.1335524171590805,0.999925971031189,0.23244504630565643,-0.23285257816314697,-0.0008199861622415483,0.4759230315685272,-0.3742496371269226,-0.3590637743473053,-0.2911928594112396,0.997704029083252,0.30593398213386536,-0.06992613524198532,-0.025617679581046104,0.18861883878707886,-0.3560623228549957,-0.5665923357009888,-0.46279776096343994,0.9966681003570557,0.12831255793571472,-0.0027886221650987864,0.0154103459790349,0.013095740228891373,-0.127515971660614,-0.010897563770413399,-0.012783748097717762,0.01914406195282936
509,1772099483.4914398,2,0,0.07523097097873688,-0.5942674875259399,-0.26915663480758667,0.9999181032180786,0.1605871468782425,-0.42488834261894226,-0.05670012906193733,0.9995356798171997,-0.1571563482284546,-0.4204641282558441,-0.1344488263130188,0.9999266266822815,0.23245014250278473,-0.2332521378993988,0.00032724306220188737,0.47768640518188477,-0.3744834065437317,-0.3594239056110382,-0.292085200548172,0.9977537393569946,0.3062354624271393,-0.07049240171909332,-0.022928941994905472,0.18870852887630463,-0.3560126721858978,-0.5672228932380676,-0.4630020260810852,0.9966988563537598,0.12829643487930298,-0.002801140770316124,0.015405573882162571,0.01310696266591549,-0.12750430405139923,-0.010838865302503109,-0.012784837745130062,0.019112128764390945
510,1772099483.5419493,2,0,0.07522481679916382,-0.5937643051147461,-0.2711870074272156,0.9999187588691711,0.16057702898979187,-0.42476484179496765,-0.05762479454278946,0.9995406270027161,-0.1572207361459732,-0.42000681161880493,-0.1364067941904068,0.9999274611473083,0.23244896531105042,-0.23380917310714722,0.000596878060605377,0.4811903238296509,-0.37483149766921997,-0.360330194234848,-0.2947745621204376,0.9978137016296387,0.30661097168922424,-0.07105805724859238,-0.021764764562249184,0.18970026075839996,-0.3558467924594879,-0.5688577890396118,-0.46548280119895935,0.9967390298843384,0.12829835712909698,-0.002835121238604188,0.015387414954602718,0.013128704391419888,-0.1275090128183365,-0.010768387466669083,-0.012778338976204395,0.019095173105597496
511,1772099483.5918393,2,0,0.07539795339107513,-0.5936919450759888,-0.2716684341430664,0.9999196529388428,0.16076840460300446,-0.42468327283859253,-0.05772199109196663,0.9995453357696533,-0.15719853341579437,-0.41975781321525574,-0.13694964349269867,0.9999285936355591,0.23248709738254547,-0.2338845282793045,0.0010954085737466812,0.4821951389312744,-0.3750353157520294,-0.36119145154953003,-0.29540857672691345,0.997872531414032,0.30662739276885986,-0.07139762490987778,-0.02105901949107647,0.1890985369682312,-0.35524705052375793,-0.5704800486564636,-0.4659949839115143,0.9967701435089111,0.12833239138126373,-0.0028563872911036015,0.01534996647387743,0.013203764334321022,-0.1275472491979599,-0.010740024037659168,-0.012745811603963375,0.019194450229406357
512,1772099483.6417377,2,0,0.07479068636894226,-0.5937049984931946,-0.27330896258354187,0.9999207854270935,0.16040530800819397,-0.42467838525772095,-0.05978669971227646,0.9995497465133667,-0.1580154299736023,-0.41949665546417236,-0.13810084760189056,0.9999294877052307,0.2312864512205124,-0.2341834157705307,-0.0007937259506434202,0.482342392206192,-0.3768502175807953,-0.3613293170928955,-0.2971339821815491,0.9979376196861267,0.30560070276260376,-0.07195047289133072,-0.024704817682504654,0.19032159447669983,-0.3549617826938629,-0.5704412460327148,-0.46879130601882935,0.9968134760856628,0.1283705085515976,-0.0029758531600236893,0.015329093672335148,0.0131237106397748,-0.12759056687355042,-0.010607183910906315,-0.012722085230052471,0.019101863726973534
513,1772099483.6930735,2,0,0.07477658987045288,-0.593694269657135,-0.2764311730861664,0.9999227523803711,0.16040238738059998,-0.4244782328605652,-0.06240345537662506,0.9995555281639099,-0.15816201269626617,-0.4188011586666107,-0.14041289687156677,0.999930739402771,0.23096385598182678,-0.23419955372810364,-0.0017585004679858685,0.4831794500350952,-0.37765127420425415,-0.36133870482444763,-0.30053025484085083,0.9979941844940186,0.30435001850128174,-0.07195848226547241,-0.025608401745557785,0.1916261613368988,-0.35396355390548706,-0.5704056024551392,-0.47404342889785767,0.9968595504760742,0.12845104932785034,-0.003062705509364605,0.015187789686024189,0.013067619875073433,-0.12769219279289246,-0.010555501095950603,-0.012597235850989819,0.01900523342192173
514,1772099483.7414331,2,0,0.07476861029863358,-0.5937314033508301,-0.2770751416683197,0.9999239444732666,0.1602988839149475,-0.4243793785572052,-0.06320956349372864,0.9995615482330322,-0.158566415309906,-0.41854211688041687,-0.14122223854064941,0.9999317526817322,0.23075878620147705,-0.23430199921131134,-0.0021626283414661884,0.48464199900627136,-0.3780868649482727,-0.36121416091918945,-0.3019922971725464,0.9980421662330627,0.30434876680374146,-0.07201951742172241,-0.02660125307738781,0.19299928843975067,-0.3539358675479889,-0.5692697167396545,-0.4776952862739563,0.9969159960746765,0.12848827242851257,-0.00319487601518631,0.015083292499184608,0.013020963408052921,-0.1277419924736023,-0.010392977856099606,-0.012514006346464157,0.01888817548751831
515,1772099483.8022006,2,0,0.07477635145187378,-0.5937430262565613,-0.27710533142089844,0.9999241232872009,0.16030003130435944,-0.42423391342163086,-0.06333121657371521,0.9995626211166382,-0.15857166051864624,-0.4182521402835846,-0.1412917673587799,0.9999327063560486,0.23055772483348846,-0.2343616932630539,-0.0022538951598107815,0.4865165948867798,-0.3781234920024872,-0.36112090945243835,-0.3019045293331146,0.9980941414833069,0.3032914400100708,-0.07217008620500565,-0.02707436867058277,0.19371703267097473,-0.35368239879608154,-0.5687098503112793,-0.47765129804611206,0.9969810247421265,0.128477543592453,-0.003211631905287504,0.015033051371574402,0.012932918965816498,-0.12773804366588593,-0.010371481068432331,-0.012474498711526394,0.018770383670926094
516,1772099483.8589816,2,0,0.07424271106719971,-0.5937510132789612,-0.27858585119247437,0.9999249577522278,0.15982496738433838,-0.4242493808269501,-0.06448694318532944,0.9995651245117188,-0.15918412804603577,-0.41809362173080444,-0.14228245615959167,0.9999334216117859,0.22888179123401642,-0.23469038307666779,-0.0029728012159466743,0.4859967529773712,-0.37868383526802063,-0.3603930175304413,-0.30284127593040466,0.9981364011764526,0.3012301027774811,-0.07234196364879608,-0.028069084510207176,0.1955687701702118,-0.3541952073574066,-0.5664627552032471,-0.4799913465976715,0.9970446228981018,0.12848317623138428,-0.0033202925696969032,0.014972304925322533,0.0128996716812253,-0.12774714827537537,-0.010215808637440205,-0.012424887157976627,0.018695412203669548
517,1772099483.9110231,2,0,0.0742504671216011,-0.5936881899833679,-0.2794713079929352,0.9999257326126099,0.15970832109451294,-0.42423561215400696,-0.06469880044460297,0.999573290348053,-0.15924353897571564,-0.4178696274757385,-0.14333926141262054,0.9999348521232605,0.2287169247865677,-0.23514240980148315,-0.0018446710892021656,0.4885832369327545,-0.37892889976501465,-0.36022481322288513,-0.3046230673789978,0.9981703758239746,0.30124279856681824,-0.07259511202573776,-0.02514168620109558,0.19782356917858124,-0.35484084486961365,-0.5660123229026794,-0.48185575008392334,0.9970956444740295,0.12849175930023193,-0.003395084524527192,0.014944097027182579,0.013013103976845741,-0.12775950133800507,-0.010102204978466034,-0.012404771521687508,0.018801404163241386
518,1772099483.957266,2,0,0.07368068397045135,-0.5935322642326355,-0.2802553176879883,0.999925971031189,0.15918275713920593,-0.424239844083786,-0.06484290212392807,0.9995758533477783,-0.15943962335586548,-0.4176195561885834,-0.1441197693347931,0.9999352693557739,0.22806784510612488,-0.23560412228107452,-0.0011529144831001759,0.48829999566078186,-0.3793984055519104,-0.35869497060775757,-0.30466392636299133,0.9981849193572998,0.3012613356113434,-0.07313480973243713,-0.023589596152305603,0.1999010592699051,-0.35686078667640686,-0.5638219118118286,-0.4815658628940582,0.997140645980835,0.12851020693778992,-0.003498210571706295,0.0149773471057415,0.01296753529459238,-0.1277792900800705,-0.009996701963245869,-0.012440396472811699,0.01865679770708084
519,1772099484.005444,2,0,0.07379971444606781,-0.593013346195221,-0.2812390923500061,0.9999269247055054,0.15930169820785522,-0.42414209246635437,-0.06525997072458267,0.9995839595794678,-0.15944500267505646,-0.4173077940940857,-0.1445283740758896,0.9999364614486694,0.22809556126594543,-0.23576021194458008,-0.0008950965129770339,0.49151942133903503,-0.3794057369232178,-0.35778433084487915,-0.305036723613739,0.9982145428657532,0.301310271024704,-0.07318642735481262,-0.022842993959784508,0.2016458511352539,-0.3568347692489624,-0.5630703568458557,-0.4817011058330536,0.9971809983253479,0.12855081260204315,-0.0035357719752937555,0.014886247925460339,0.013046656735241413,-0.1278287172317505,-0.009950794279575348,-0.012369723990559578,0.018700268119573593
520,1772099484.0559793,2,0,0.07370942085981369,-0.5922649502754211,-0.2822761535644531,0.9999268054962158,0.15914246439933777,-0.42399752140045166,-0.0652538537979126,0.9995810389518738,-0.15944482386112213,-0.41662782430648804,-0.1468239277601242,0.9999362826347351,0.22805407643318176,-0.23704181611537933,0.004687602166086435,0.48906761407852173,-0.37934720516204834,-0.35761743783950806,-0.3079299330711365,0.9982182383537292,0.3033369481563568,-0.07452496141195297,-0.00965323019772768,0.20363600552082062,-0.3570105731487274,-0.5627388954162598,-0.48477548360824585,0.9972299337387085,0.12860709428787231,-0.0035780156031250954,0.015307754278182983,0.01292295940220356,-0.1278838813304901,-0.009923920966684818,-0.012801357544958591,0.01839996501803398
521,1772099484.1083965,2,0,0.07467206567525864,-0.5918154120445251,-0.281925767660141,0.9999269843101501,0.15945060551166534,-0.4238220453262329,-0.0640256255865097,0.999582827091217,-0.15872399508953094,-0.41646304726600647,-0.14663109183311462,0.9999372363090515,0.22876711189746857,-0.23728102445602417,0.009574033319950104,0.4906352758407593,-0.3783653676509857,-0.356191486120224,-0.30750027298927307,0.9982288479804993,0.3059920370578766,-0.07510559260845184,-0.003940227907150984,0.20367825031280518,-0.35685229301452637,-0.5613797903060913,-0.48378780484199524,0.997272789478302,0.12861645221710205,-0.0035956876818090677,0.015316193923354149,0.013024206273257732,-0.12789444625377655,-0.009907052852213383,-0.012814560905098915,0.01845427230000496
522,1772099484.1608393,2,0,0.07460039108991623,-0.5918146371841431,-0.28129029273986816,0.9999269247055054,0.15944163501262665,-0.4238169193267822,-0.06318337470293045,0.999580442905426,-0.15877947211265564,-0.4163442850112915,-0.14636439085006714,0.9999374151229858,0.22876515984535217,-0.23734340071678162,0.009853443130850792,0.488430917263031,-0.37834519147872925,-0.3530339300632477,-0.3065272271633148,0.9982231259346008,0.3058517277240753,-0.07532794773578644,-0.005247016903012991,0.2041650116443634,-0.35707783699035645,-0.5565850138664246,-0.4831033945083618,0.997303307056427,0.1286759078502655,-0.0036138116847723722,0.015391949564218521,0.01293650921434164,-0.12795588374137878,-0.009900028817355633,-0.012887566350400448,0.01828131452202797
523,1772099484.2080169,2,0,0.07459913939237595,-0.591899037361145,-0.2804253101348877,0.9999244809150696,0.15963837504386902,-0.4238080084323883,-0.06239931285381317,0.9995676279067993,-0.15866880118846893,-0.41631537675857544,-0.14584633708000183,0.9999368786811829,0.2286953181028366,-0.23735740780830383,0.009859454818069935,0.48529475927352905,-0.37828269600868225,-0.352131187915802,-0.3059687614440918,0.998225212097168,0.3055790364742279,-0.07535655051469803,-0.0060535031370818615,0.2038273960351944,-0.35695311427116394,-0.5541240572929382,-0.48301902413368225,0.9973291754722595,0.1286737024784088,-0.0036079823039472103,0.015393238514661789,0.012786177918314934,-0.12795983254909515,-0.009902264922857285,-0.012894736602902412,0.018057772889733315
524,1772099484.259398,2,0,0.07452402263879776,-0.5918596386909485,-0.280061274766922,0.9999213218688965,0.1595870405435562,-0.4238922595977783,-0.06138264760375023,0.9995548725128174,-0.1587274968624115,-0.416311115026474,-0.1455821990966797,0.9999372363090515,0.2282939851284027,-0.2381117194890976,0.010578321292996407,0.48588815331459045,-0.3783259689807892,-0.34941554069519043,-0.30671000480651855,0.9982492327690125,0.30559012293815613,-0.07652188092470169,-0.006652071140706539,0.20785599946975708,-0.35067567229270935,-0.543721079826355,-0.48837733268737793,0.997397243976593,0.12833091616630554,-0.003602979937568307,0.015244690701365471,0.012700107879936695,-0.1276867836713791,-0.009875723160803318,-0.012819930911064148,0.017947688698768616
525,1772099484.310504,2,0,0.07411541044712067,-0.5922362804412842,-0.2731950283050537,0.9999204277992249,0.15906177461147308,-0.4254106283187866,-0.05262932553887367,0.999545156955719,-0.1598173826932907,-0.4163418412208557,-0.14095626771450043,0.9999377131462097,0.228190079331398,-0.23927751183509827,0.01682160422205925,0.4836063086986542,-0.3780632019042969,-0.33544716238975525,-0.30348730087280273,0.9982457160949707,0.30510392785072327,-0.0773758664727211,-0.006308191921561956,0.2117614448070526,-0.34484776854515076,-0.5169132351875305,-0.48868271708488464,0.9974563121795654,0.12822456657886505,-0.003596385708078742,0.015272321179509163,0.012569456361234188,-0.12759993970394135,-0.009867209941148758,-0.012873468920588493,0.017750568687915802
526,1772099484.3542888,2,0,0.07319891452789307,-0.592893123626709,-0.26155760884284973,0.9999175071716309,0.15651115775108337,-0.4267500042915344,-0.04282141849398613,0.9995267391204834,-0.16043777763843536,-0.41650235652923584,-0.13452032208442688,0.9999369382858276,0.22775140404701233,-0.24128340184688568,0.02339097671210766,0.482817679643631,-0.3771333396434784,-0.3246537446975708,-0.29529064893722534,0.9981757998466492,0.30481162667274475,-0.0795290470123291,-0.0014368046540766954,0.21538950502872467,-0.3435543179512024,-0.5031822919845581,-0.48560842871665955,0.9975045323371887,0.1274482160806656,-0.0034385002218186855,0.015343942679464817,0.012276384979486465,-0.12688389420509338,-0.009893612936139107,-0.013065584003925323,0.01733318157494068
527,1772099484.4064481,2,0,0.06829264014959335,-0.5956354141235352,-0.2551545202732086,0.9999147653579712,0.15398871898651123,-0.42882880568504333,-0.03852846845984459,0.9995072484016418,-0.1622200757265091,-0.41695860028266907,-0.1288628876209259,0.9999348521232605,0.22499601542949677,-0.24316228926181793,0.025225970894098282,0.4816657304763794,-0.375211626291275,-0.3171362280845642,-0.29164665937423706,0.998020589351654,0.30078861117362976,-0.08082790672779083,0.0019262199057266116,0.2221757173538208,-0.3372594118118286,-0.49080222845077515,-0.48549920320510864,0.9974983930587769,0.12702496349811554,-0.003272012574598193,0.015119574964046478,0.011782781220972538,-0.12654118239879608,-0.009974381886422634,-0.012982657179236412,0.01659400761127472
528,1772099484.4591331,2,0,0.06246446818113327,-0.5982649922370911,-0.2433769404888153,0.9999194145202637,0.15171028673648834,-0.43044570088386536,-0.024848315864801407,0.9995023012161255,-0.16657473146915436,-0.4174211919307709,-0.11971331387758255,0.9999355673789978,0.22495020925998688,-0.2451867014169693,0.03610008955001831,0.4852164089679718,-0.36347541213035583,-0.3019289970397949,-0.29156574606895447,0.9978073239326477,0.30124640464782715,-0.08230505883693695,0.014839555136859417,0.23441244661808014,-0.31099891662597656,-0.45991185307502747,-0.5008755922317505,0.9975264668464661,0.1272358000278473,-0.0030764483381062746,0.015131529420614243,0.011311817914247513,-0.12680195271968842,-0.010659394785761833,-0.013082347810268402,0.01590142771601677
529,1772099484.508736,2,0,0.06078418344259262,-0.6057592630386353,-0.22772404551506042,0.9999175071716309,0.15175063908100128,-0.4321494698524475,-0.015275619924068451,0.9994010925292969,-0.1665159910917282,-0.435396671295166,-0.11874155700206757,0.9999086260795593,0.21071544289588928,-0.24684026837348938,0.03503705933690071,0.48243042826652527,-0.3243311941623688,-0.30597835779190063,-0.29902923107147217,0.9960041046142578,0.2841382622718811,-0.08023610711097717,0.01742602325975895,0.2515254020690918,-0.2763293981552124,-0.40743061900138855,-0.5647809505462646,0.9970376491546631,0.12657496333122253,-0.0016958654159680009,0.015157066285610199,0.011178620159626007,-0.12627293169498444,-0.012031417340040207,-0.013304884545505047,0.015454266220331192
530,1772099484.5589387,2,0,0.06039942428469658,-0.6052662134170532,-0.2329007238149643,0.9999184012413025,0.1426900178194046,-0.4463199973106384,0.0029222755692899227,0.9992713332176208,-0.16611526906490326,-0.4396096169948578,-0.1190473884344101,0.9997966885566711,0.1859068125486374,-0.2689683437347412,0.0592823401093483,0.4599911570549011,-0.28793084621429443,-0.290713906288147,-0.29103851318359375,0.9843754172325134,0.2729417085647583,-0.10777886211872101,0.016880951821804047,0.24968211352825165,-0.16926313936710358,-0.29562634229660034,-0.5599544644355774,0.9850322604179382,0.12405157834291458,-0.00169937324244529,0.029548952355980873,0.010482574813067913,-0.12407571077346802,-0.012610058300197124,-0.02829749509692192,0.01424039714038372
531,1772099484.6101727,2,0,0.06027995049953461,-0.6026189923286438,-0.23696961998939514,0.9998977780342102,0.14777499437332153,-0.44518205523490906,0.011087561957538128,0.9979564547538757,-0.1451646387577057,-0.4483160972595215,-0.11958920210599899,0.9994604587554932,0.17419514060020447,-0.2677367031574249,0.062476061284542084,0.43006473779678345,-0.22804710268974304,-0.28264662623405457,-0.23249344527721405,0.967601478099823,0.2498558759689331,-0.11770299822092056,-0.03727048262953758,0.2441876083612442,-0.12531349062919617,-0.2530208230018616,-0.4416598379611969,0.9735440611839294,0.12407590448856354,-0.0016264031874015927,0.05309803783893585,0.010384430177509785,-0.12409315258264542,-0.016238965094089508,-0.048752330243587494,0.013864892534911633
532,1772099484.6627285,2,0,0.07055466622114182,-0.5928159952163696,-0.23828840255737305,0.9998119473457336,0.17421381175518036,-0.4314318299293518,0.009674867615103722,0.9969969987869263,-0.1349034607410431,-0.4499349296092987,-0.11680445075035095,0.9992677569389343,0.19534970819950104,-0.22931508719921112,0.026984142139554024,0.40114256739616394,-0.2135978490114212,-0.277559369802475,-0.20780090987682343,0.9469361901283264,0.2287062704563141,-0.11591019481420517,-0.1617085486650467,0.23250523209571838,-0.11348701268434525,-0.24572978913784027,-0.3991737365722656,0.9557499885559082,0.12980958819389343,-0.0012623850489035249,0.049557991325855255,0.009727255441248417,-0.12974220514297485,-0.019985506311058998,-0.04503842815756798,0.012990361079573631
533,1772099484.7136579,2,0,0.07337340712547302,-0.5883903503417969,-0.23970094323158264,0.9997374415397644,0.17194010317325592,-0.43167969584465027,0.009956537745893002,0.9957960844039917,-0.13750439882278442,-0.4479932188987732,-0.12279579788446426,0.9991081953048706,0.19413116574287415,-0.22969891130924225,0.029249798506498337,0.37049490213394165,-0.23969896137714386,-0.26762333512306213,-0.21711045503616333,0.9352331757545471,0.22692903876304626,-0.11690952628850937,-0.13063332438468933,0.22290721535682678,-0.12240225821733475,-0.2217976599931717,-0.4016352891921997,0.940218448638916,0.12818358838558197,-0.0012869745260104537,0.05166507512331009,0.008906645700335503,-0.12844181060791016,-0.019820334389805794,-0.04821694642305374,0.01186265330761671
534,1772099484.7615263,2,0,0.07790643721818924,-0.5810737013816833,-0.25991737842559814,0.999633252620697,0.16928520798683167,-0.4317035675048828,0.0070577762089669704,0.9946971535682678,-0.13525347411632538,-0.4462663233280182,-0.15827979147434235,0.9989004135131836,0.1947743147611618,-0.23125886917114258,0.029386386275291443,0.3420397937297821,-0.22489839792251587,-0.23492202162742615,-0.20143701136112213,0.9101769924163818,0.23548252880573273,-0.08881041407585144,-0.1109643280506134,0.20752428472042084,-0.14213623106479645,-0.09314313530921936,-0.31446370482444763,0.8882747292518616,0.12787427008152008,-0.0008441200479865074,0.052107758820056915,0.008169415406882763,-0.1283416748046875,-0.02045554481446743,-0.04907407984137535,0.010826286859810352
535,1772099484.8088453,2,0,0.09797817468643188,-0.5828573703765869,-0.2725670039653778,0.9996340274810791,0.1686713844537735,-0.4394969046115875,0.006501931231468916,0.9950507283210754,-0.1225704550743103,-0.4486422836780548,-0.176828071475029,0.9989573359489441,0.20131593942642212,-0.24934573471546173,0.04247873276472092,0.33822816610336304,-0.23307305574417114,-0.24496661126613617,-0.20801103115081787,0.9049773812294006,0.25884464383125305,-0.08119244128465652,-0.07899119704961777,0.19669723510742188,-0.20517496764659882,-0.07186711579561234,-0.29321160912513733,0.8418516516685486,0.12411695718765259,0.002296124119311571,0.05026683211326599,0.007746605668216944,-0.12493458390235901,-0.021880052983760834,-0.047323308885097504,0.01008040364831686
536,1772099484.8600256,2,0,0.10339070111513138,-0.5861424803733826,-0.2744270861148834,0.9996362924575806,0.16748450696468353,-0.444995641708374,0.0036473111249506474,0.9953551888465881,-0.1178957149386406,-0.4510878622531891,-0.1768300086259842,0.9990136027336121,0.2045941948890686,-0.2549584209918976,0.052982233464717865,0.3236711919307709,-0.23331519961357117,-0.24566172063350677,-0.20344820618629456,0.8988115787506104,0.26646068692207336,-0.075214684009552,-0.04579124227166176,0.18138277530670166,-0.22500798106193542,-0.06257763504981995,-0.2768649756908417,0.7907071113586426,0.12272286415100098,0.005295958835631609,0.04905974492430687,0.007452222518622875,-0.12350702285766602,-0.023497851565480232,-0.04617828503251076,0.009494702331721783
537,1772099484.9099877,2,0,0.10398418456315994,-0.5869151949882507,-0.2765161693096161,0.999640166759491,0.16690903902053833,-0.4485783278942108,0.001982113579288125,0.9956609010696411,-0.1181865930557251,-0.4507202208042145,-0.17931537330150604,0.9990680813789368,0.20565840601921082,-0.25827890634536743,0.05440625175833702,0.3125954270362854,-0.23479706048965454,-0.24148929119110107,-0.206658273935318,0.8922889828681946,0.26689809560775757,-0.07060325890779495,-0.039120472967624664,0.16838788986206055,-0.23509278893470764,-0.05894162505865097,-0.28097787499427795,0.7433658242225647,0.12170170247554779,0.0075149210169911385,0.048278361558914185,0.0070707229897379875,-0.1224777102470398,-0.024989765137434006,-0.045414552092552185,0.00886574387550354
538,1772099484.9593227,2,0,0.10488089174032211,-0.5870915651321411,-0.27780863642692566,0.9996292591094971,0.16614916920661926,-0.4502194821834564,0.0010228552855551243,0.9959109425544739,-0.11721523106098175,-0.4505831003189087,-0.17976148426532745,0.9991110563278198,0.207074373960495,-0.2587220370769501,0.05384872853755951,0.30105799436569214,-0.23340755701065063,-0.2395089715719223,-0.20780730247497559,0.8839952945709229,0.26688891649246216,-0.06498920917510986,-0.03781764581799507,0.1556113213300705,-0.237626850605011,-0.0587385855615139,-0.2797686457633972,0.6942064762115479,0.12119268625974655,0.009477002546191216,0.04772726446390152,0.006747097708284855,-0.12193340063095093,-0.026310641318559647,-0.04493056610226631,0.00832358654588461
539,1772099485.0088236,2,0,0.10637209564447403,-0.5875129699707031,-0.27683165669441223,0.999617338180542,0.16565965116024017,-0.4515576660633087,-0.00010015386942541227,0.9961232542991638,-0.1157020851969719,-0.450693815946579,-0.1787796914577484,0.9991492629051208,0.20842576026916504,-0.2592087686061859,0.0532027967274189,0.29096749424934387,-0.23532767593860626,-0.24080346524715424,-0.2064112275838852,0.8754682540893555,0.2673904001712799,-0.06394889205694199,-0.038293611258268356,0.14367450773715973,-0.2409081608057022,-0.06346885114908218,-0.2729265093803406,0.6495556235313416,0.12076810747385025,0.010121112689375877,0.04748854786157608,0.006424021441489458,-0.12148600071668625,-0.02662133052945137,-0.04475316032767296,0.007818397134542465
540,1772099485.0591342,2,0,0.1074729636311531,-0.5876493453979492,-0.27641838788986206,0.9995983839035034,0.16519388556480408,-0.4523037374019623,-0.0008828475256450474,0.9963070154190063,-0.11410314589738846,-0.4505634903907776,-0.17775776982307434,0.9991803765296936,0.2089071124792099,-0.2590745985507965,0.052720919251441956,0.28324630856513977,-0.2349151372909546,-0.2408650517463684,-0.20537203550338745,0.868088960647583,0.2673185467720032,-0.06279680132865906,-0.03837849944829941,0.13315725326538086,-0.24091891944408417,-0.06309975683689117,-0.27047455310821533,0.6084973216056824,0.12046261876821518,0.010302668437361717,0.04731476306915283,0.006215347442775965,-0.12116267532110214,-0.026597363874316216,-0.04444769769906998,0.007440946530550718
541,1772099485.1093369,2,0,0.1069173738360405,-0.5874955654144287,-0.2892182469367981,0.9995954632759094,0.16490861773490906,-0.4521731734275818,-0.01253287959843874,0.9964867234230042,-0.11512430012226105,-0.4505058526992798,-0.18136467039585114,0.9992140531539917,0.20995104312896729,-0.2597574293613434,0.04576672613620758,0.27804940938949585,-0.2366817742586136,-0.24134474992752075,-0.20538589358329773,0.8649091720581055,0.27015629410743713,-0.06285567581653595,-0.04437287896871567,0.1239699125289917,-0.2459726482629776,-0.061987340450286865,-0.2721525728702545,0.5757489204406738,0.12044475972652435,0.010346004739403725,0.04620430991053581,0.006049035582691431,-0.12114173173904419,-0.026545757427811623,-0.04322471097111702,0.0071196286007761955
542,1772099485.1589322,2,0,0.10775906592607498,-0.5850813388824463,-0.2941233813762665,0.9996070861816406,0.16195319592952728,-0.45191097259521484,-0.017887799069285393,0.9966856241226196,-0.1150766909122467,-0.45034059882164,-0.19189728796482086,0.9992547631263733,0.2109854519367218,-0.2623741328716278,0.04585881531238556,0.27910253405570984,-0.23738907277584076,-0.2427125871181488,-0.21037665009498596,0.8620240688323975,0.27425822615623474,-0.06346099823713303,-0.035979580134153366,0.1177787184715271,-0.24603956937789917,-0.06725122034549713,-0.2813431918621063,0.5540670156478882,0.1197846308350563,0.010410565882921219,0.046046555042266846,0.005713676102459431,-0.12051697075366974,-0.026636222377419472,-0.04298681393265724,0.0066563780419528484
543,1772099485.20935,2,0,0.11228345334529877,-0.5803048014640808,-0.29312625527381897,0.9996019601821899,0.15704116225242615,-0.45172998309135437,-0.019960841163992882,0.9968631267547607,-0.11492573469877243,-0.449902206659317,-0.20003485679626465,0.9992856979370117,0.21162813901901245,-0.2633875608444214,0.04602314531803131,0.2829248905181885,-0.2366640716791153,-0.24330013990402222,-0.21880491077899933,0.8551199436187744,0.27557823061943054,-0.0641544833779335,-0.03333787992596626,0.11302757263183594,-0.24526827037334442,-0.06736283749341965,-0.2859613597393036,0.5289013981819153,0.11872158199548721,0.010523435659706593,0.045612141489982605,0.005355724599212408,-0.11948247998952866,-0.026769129559397697,-0.0425901897251606,0.0061886487528681755
544,1772099485.2589068,2,0,0.11372638493776321,-0.5777969360351562,-0.3006584644317627,0.9995975494384766,0.15533368289470673,-0.45100122690200806,-0.027609972283244133,0.9970040917396545,-0.11437433958053589,-0.44869518280029297,-0.20838403701782227,0.9993104934692383,0.2122384011745453,-0.26489225029945374,0.04598722979426384,0.2871388792991638,-0.23717568814754486,-0.2439402937889099,-0.22705760598182678,0.8510231971740723,0.2808833420276642,-0.06434065848588943,-0.030183548107743263,0.10938627272844315,-0.2447599172592163,-0.07052681595087051,-0.2897317111492157,0.5101665258407593,0.118150994181633,0.01059886533766985,0.04533974081277847,0.005021567456424236,-0.11895857751369476,-0.02688588574528694,-0.04230298101902008,0.0057509103789925575
545,1772099485.3093107,2,0,0.11611399054527283,-0.5770158171653748,-0.29978206753730774,0.9995856285095215,0.15509112179279327,-0.4507991671562195,-0.027906110510230064,0.9971322417259216,-0.1134844422340393,-0.4485679864883423,-0.2079821228981018,0.9993335008621216,0.21298600733280182,-0.26488080620765686,0.0458841472864151,0.28912869095802307,-0.2367420345544815,-0.24423915147781372,-0.22873340547084808,0.8460992574691772,0.2811555564403534,-0.0647491067647934,-0.030717872083187103,0.10551445931196213,-0.24433264136314392,-0.07005394250154495,-0.29028379917144775,0.49048009514808655,0.11785474419593811,0.010985108092427254,0.04505443572998047,0.004732443019747734,-0.11866559088230133,-0.027331313118338585,-0.04205571860074997,0.005375572480261326
546,1772099485.359238,2,0,0.12774184346199036,-0.5773268342018127,-0.2660166323184967,0.9995660781860352,0.1517917364835739,-0.45102402567863464,-0.014994533732533455,0.997265636920929,-0.11156469583511353,-0.4483741521835327,-0.20552310347557068,0.9993565082550049,0.21299776434898376,-0.2647712528705597,0.052570246160030365,0.2891521751880646,-0.2352134734392166,-0.24359937012195587,-0.2289872169494629,0.8370484709739685,0.2810112535953522,-0.06506029516458511,-0.017998749390244484,0.10102281719446182,-0.2438170164823532,-0.06956644356250763,-0.2874360978603363,0.46926799416542053,0.11737147718667984,0.011088577099144459,0.04527050629258156,0.004428230691701174,-0.11812452226877213,-0.027623506262898445,-0.042319826781749725,0.0049990275874733925
547,1772099485.407104,2,0,0.13482041656970978,-0.5771340131759644,-0.2626569867134094,0.9995381236076355,0.1505454182624817,-0.45095813274383545,-0.012063619680702686,0.9973918199539185,-0.1093413457274437,-0.4482177495956421,-0.20410150289535522,0.9993776082992554,0.2135208398103714,-0.2648477554321289,0.054778050631284714,0.2914746105670929,-0.23393434286117554,-0.2436208724975586,-0.23292852938175201,0.8297159671783447,0.2826487123966217,-0.06520675122737885,-0.016871707513928413,0.09839440137147903,-0.24348005652427673,-0.07015129178762436,-0.28895115852355957,0.451241672039032,0.11648787558078766,0.01146820466965437,0.04581443965435028,0.004153115209192038,-0.11719037592411041,-0.028245393186807632,-0.04293546453118324,0.004653473384678364
548,1772099485.4588633,2,0,0.13279306888580322,-0.5759641528129578,-0.26408514380455017,0.9995131492614746,0.15059734880924225,-0.4510107636451721,-0.012215165421366692,0.9975058436393738,-0.1093536838889122,-0.4481376111507416,-0.203115314245224,0.9993937015533447,0.21473124623298645,-0.2649347484111786,0.05450105667114258,0.2926916778087616,-0.23366230726242065,-0.24373279511928558,-0.23293820023536682,0.8236083388328552,0.2827270030975342,-0.06548471003770828,-0.017851445823907852,0.09556993842124939,-0.24321016669273376,-0.06884121149778366,-0.28942379355430603,0.43170037865638733,0.11618158966302872,0.01174235250800848,0.04574809595942497,0.003946192096918821,-0.11684770882129669,-0.028501475229859352,-0.04288756474852562,0.004378144163638353
549,1772099485.5102518,2,0,0.1336999535560608,-0.5752368569374084,-0.2656213939189911,0.999488353729248,0.15063728392124176,-0.4509679973125458,-0.012343693524599075,0.997582197189331,-0.10816047340631485,-0.448063462972641,-0.20282791554927826,0.9994051456451416,0.21478049457073212,-0.26476484537124634,0.0543600432574749,0.29404547810554504,-0.23329435288906097,-0.2438226193189621,-0.23286667466163635,0.8184837698936462,0.28250980377197266,-0.0653553456068039,-0.019033771008253098,0.0929226279258728,-0.24310868978500366,-0.06811514496803284,-0.288615882396698,0.4158577024936676,0.11577253043651581,0.011818835511803627,0.04572592303156853,0.0037566942628473043,-0.11642242223024368,-0.028576329350471497,-0.04289725795388222,0.004130439832806587
550,1772099485.5601332,2,0,0.13452176749706268,-0.5738165974617004,-0.2666504681110382,0.9994469881057739,0.1514812558889389,-0.4509109854698181,-0.012157268822193146,0.9976551532745361,-0.10693278908729553,-0.4480033218860626,-0.20221532881259918,0.9994146227836609,0.2154342532157898,-0.26446807384490967,0.0541752465069294,0.29419633746147156,-0.23243828117847443,-0.24394537508487701,-0.23244087398052216,0.8125770688056946,0.2823847830295563,-0.06539593636989594,-0.019561901688575745,0.0902659222483635,-0.24279151856899261,-0.06694943457841873,-0.28700584173202515,0.3987071216106415,0.11562684923410416,0.012050687335431576,0.045714687556028366,0.0036011331249028444,-0.11624180525541306,-0.028804108500480652,-0.04288614168763161,0.003918624948710203
551,1772099485.612492,2,0,0.13812942802906036,-0.5723090767860413,-0.26700732111930847,0.9994108080863953,0.15118570625782013,-0.45073816180229187,-0.01223997212946415,0.997711181640625,-0.10561670362949371,-0.44775205850601196,-0.20401346683502197,0.9994245767593384,0.21541443467140198,-0.26433098316192627,0.05402952432632446,0.29616624116897583,-0.2311982363462448,-0.24404208362102509,-0.23523104190826416,0.8078951239585876,0.2822847366333008,-0.0652015432715416,-0.020022597163915634,0.08871159702539444,-0.24071349203586578,-0.06692607700824738,-0.28749561309814453,0.38725951313972473,0.11504798382520676,0.012101260013878345,0.045961759984493256,0.0034249471500515938,-0.11565538495779037,-0.028882404789328575,-0.04318492114543915,0.0036946625914424658
552,1772099485.6576023,2,0,0.1393788605928421,-0.5710145831108093,-0.2677493691444397,0.9993631839752197,0.15161791443824768,-0.45068907737731934,-0.012311545200645924,0.9977667927742004,-0.10483889281749725,-0.4477442800998688,-0.20426234602928162,0.9994332194328308,0.2158384621143341,-0.2642795443534851,0.05399302393198013,0.2947036325931549,-0.22942283749580383,-0.24411964416503906,-0.236080139875412,0.8034447431564331,0.28178873658180237,-0.06520681083202362,-0.0203588604927063,0.08704201132059097,-0.23966269195079803,-0.06729777157306671,-0.28781333565711975,0.37330445647239685,0.11481551826000214,0.012403528206050396,0.04620727524161339,0.0032979873940348625,-0.11537989228963852,-0.02921212837100029,-0.043400611728429794,0.0035177271347492933
553,1772099485.7098255,2,0,0.1402248591184616,-0.5697078108787537,-0.2712474763393402,0.9993045926094055,0.152268186211586,-0.45057886838912964,-0.014155029319226742,0.9978047609329224,-0.10430866479873657,-0.4477197825908661,-0.20538701117038727,0.9994341731071472,0.2161579132080078,-0.2642379105091095,0.05263528972864151,0.2934463918209076,-0.2279140204191208,-0.24426093697547913,-0.2360762506723404,0.7975338101387024,0.2810051441192627,-0.06500976532697678,-0.021695608273148537,0.08518864214420319,-0.23842985928058624,-0.06747357547283173,-0.28813737630844116,0.3591073453426361,0.11470022797584534,0.012680811807513237,0.04618776962161064,0.003159085288643837,-0.11524276435375214,-0.02951822243630886,-0.04338318482041359,0.0033357569482177496
554,1772099485.758879,2,0,0.13951601088047028,-0.5688945055007935,-0.2760823965072632,0.9992815852165222,0.15278223156929016,-0.45053631067276,-0.014671312645077705,0.9978665113449097,-0.1043921560049057,-0.4479764997959137,-0.2051229029893875,0.9994398951530457,0.2166079580783844,-0.2641955316066742,0.05220908671617508,0.29244962334632874,-0.227496936917305,-0.24433940649032593,-0.23597915470600128,0.7917836904525757,0.28094422817230225,-0.0649515837430954,-0.023702509701251984,0.08405373990535736,-0.2383505403995514,-0.06749437004327774,-0.2883079946041107,0.3462620973587036,0.11465363949537277,0.012902057729661465,0.046180568635463715,0.003045293502509594,-0.11517978459596634,-0.029778264462947845,-0.043374426662921906,0.0031765622552484274
555,1772099485.8085415,2,0,0.13900285959243774,-0.5690186023712158,-0.2758999168872833,0.9992631077766418,0.1538710743188858,-0.45047786831855774,-0.014688652940094471,0.9979119896888733,-0.10411801189184189,-0.44796761870384216,-0.20413415133953094,0.9994468688964844,0.21710215508937836,-0.26334112882614136,0.051934052258729935,0.28983449935913086,-0.22712719440460205,-0.24430027604103088,-0.23334857821464539,0.7865219116210938,0.2811002731323242,-0.06494303792715073,-0.023915203288197517,0.08181370794773102,-0.23829354345798492,-0.06728330999612808,-0.28596359491348267,0.3358267843723297,0.11470029503107071,0.013005702756345272,0.04611523076891899,0.002942656632512808,-0.11521058529615402,-0.029904725030064583,-0.043294500559568405,0.0030471484642475843
556,1772099485.858092,2,0,0.13876546919345856,-0.5700339078903198,-0.27705785632133484,0.9992454648017883,0.15388672053813934,-0.45001065731048584,-0.01674220897257328,0.9979482293128967,-0.10417217761278152,-0.44775545597076416,-0.20428213477134705,0.9994482398033142,0.21713869273662567,-0.262669175863266,0.049874212592840195,0.29007136821746826,-0.22727255523204803,-0.24427559971809387,-0.2333177626132965,0.7813160419464111,0.2813267409801483,-0.06370902061462402,-0.026512639597058296,0.08015546947717667,-0.23846013844013214,-0.06742766499519348,-0.2862839102745056,0.3263852596282959,0.11468455195426941,0.01319121289998293,0.04568373039364815,0.0028188202995806932,-0.1151973232626915,-0.030081268399953842,-0.04293699935078621,0.002899296348914504
557,1772099485.9110248,2,0,0.13635022938251495,-0.5700663328170776,-0.28907930850982666,0.9992515444755554,0.15430855751037598,-0.4497295916080475,-0.02304363064467907,0.9980034232139587,-0.10497595369815826,-0.4477340281009674,-0.20517560839653015,0.9994568824768066,0.2171488106250763,-0.26248812675476074,0.04469751566648483,0.2908482551574707,-0.22829720377922058,-0.2442896068096161,-0.23328810930252075,0.7807621955871582,0.28127965331077576,-0.06344734132289886,-0.03577559441328049,0.07909057289361954,-0.23899385333061218,-0.06734801083803177,-0.28650835156440735,0.3194332718849182,0.11473877727985382,0.013267475180327892,0.04498244822025299,0.0027238186448812485,-0.11524902284145355,-0.03014158271253109,-0.04226035997271538,0.0027805401477962732
558,1772099485.9570684,2,0,0.12783771753311157,-0.5691196322441101,-0.3114054799079895,0.9992712140083313,0.15563823282718658,-0.4477604627609253,-0.03479497507214546,0.9980181455612183,-0.1063145250082016,-0.4476405680179596,-0.2098408341407776,0.9994670152664185,0.21639715135097504,-0.2619690001010895,0.03848569467663765,0.2913808524608612,-0.22841422259807587,-0.2443275898694992,-0.23570245504379272,0.7861425280570984,0.2807450294494629,-0.0630369558930397,-0.040823616087436676,0.07814442366361618,-0.23896273970603943,-0.06576666980981827,-0.2977638840675354,0.32027629017829895,0.11479107290506363,0.013275415636599064,0.044315364211797714,0.002742794808000326,-0.11531315743923187,-0.03006483055651188,-0.04164738208055496,0.0027720429934561253
559,1772099486.0059316,2,0,0.12334023416042328,-0.5688781142234802,-0.31922414898872375,0.9992890954017639,0.1571003943681717,-0.44692927598953247,-0.03986818343400955,0.9980288147926331,-0.10702893882989883,-0.4475855231285095,-0.2110130488872528,0.9994763135910034,0.21633997559547424,-0.2617737948894501,0.03489115834236145,0.2904917597770691,-0.22956439852714539,-0.24433927237987518,-0.2356419414281845,0.7910037040710449,0.280029833316803,-0.06291265785694122,-0.042125292122364044,0.07628167420625687,-0.23906196653842926,-0.06555291265249252,-0.2978668212890625,0.3200269341468811,0.11493703722953796,0.0132635198533535,0.043143823742866516,0.002755489433184266,-0.1154661700129509,-0.029952147975564003,-0.0404769629240036,0.0027624531649053097
560,1772099486.0417526,2,0,0.12147560715675354,-0.5684875845909119,-0.3212823271751404,0.9993025660514832,0.15803858637809753,-0.4461575746536255,-0.04181813821196556,0.9980376362800598,-0.10750586539506912,-0.447483628988266,-0.2118212878704071,0.9994845390319824,0.21633781492710114,-0.2614392936229706,0.0330071896314621,0.2896151840686798,-0.23016105592250824,-0.2442900538444519,-0.23561310768127441,0.7948673367500305,0.279299795627594,-0.06264465302228928,-0.04305657744407654,0.07464639842510223,-0.23906463384628296,-0.06534156948328018,-0.2979903519153595,0.3192192316055298,0.11506311595439911,0.013269769959151745,0.042471617460250854,0.0027530225925147533,-0.11559616774320602,-0.029916459694504738,-0.03979875147342682,0.002742258831858635
561,1772099486.0915134,2,0,0.11852096021175385,-0.5686750411987305,-0.3209187090396881,0.9993186593055725,0.1586649864912033,-0.44603827595710754,-0.04156636446714401,0.9980458617210388,-0.10834164172410965,-0.4474608302116394,-0.2116188257932663,0.9994885325431824,0.21634364128112793,-0.26149260997772217,0.03305565565824509,0.288625031709671,-0.230372816324234,-0.24431373178958893,-0.23532916605472565,0.7985153198242188,0.2793196141719818,-0.06289736181497574,-0.04275120049715042,0.07327011972665787,-0.23906543850898743,-0.06540360301733017,-0.2982695698738098,0.31884679198265076,0.11519575864076614,0.013267007656395435,0.0416349396109581,0.002797471359372139,-0.11572908610105515,-0.0298343263566494,-0.038989774882793427,0.0027496423572301865
562,1772099486.1414685,2,0,0.11034217476844788,-0.5693938732147217,-0.32440245151519775,0.9993503093719482,0.15948505699634552,-0.4458552598953247,-0.04436732083559036,0.9980484843254089,-0.10960365831851959,-0.4474467635154724,-0.21149887144565582,0.9994972944259644,0.2159401923418045,-0.2615390419960022,0.030911002308130264,0.28793585300445557,-0.23095159232616425,-0.24435710906982422,-0.2341492623090744,0.8052579164505005,0.278960645198822,-0.06317726522684097,-0.04482633247971535,0.07172515988349915,-0.2391168475151062,-0.06476596742868423,-0.29894906282424927,0.3251365125179291,0.11539719253778458,0.013018032535910606,0.04007189720869064,0.0028633465990424156,-0.11596553772687912,-0.029331402853131294,-0.03753159940242767,0.0027925462927669287
563,1772099486.1918592,2,0,0.10629328340291977,-0.5700392127037048,-0.3238498866558075,0.9993754029273987,0.1592535376548767,-0.44584327936172485,-0.0442362055182457,0.9980555176734924,-0.1116725280880928,-0.44737812876701355,-0.2115703523159027,0.9995039105415344,0.2152436226606369,-0.2618037164211273,0.030843356624245644,0.28832995891571045,-0.23121193051338196,-0.2443482130765915,-0.2342180758714676,0.8109962344169617,0.2788403332233429,-0.06330277025699615,-0.045203957706689835,0.07096003741025925,-0.2391185313463211,-0.06376692652702332,-0.30184614658355713,0.3313020169734955,0.11540843546390533,0.012664776295423508,0.039780143648386,0.0029308225493878126,-0.11598540842533112,-0.028661273419857025,-0.037303000688552856,0.002837770851328969
564,1772099486.2438245,2,0,0.10346277058124542,-0.5705329775810242,-0.3227344751358032,0.9993849396705627,0.15946631133556366,-0.4463479816913605,-0.043670449405908585,0.9980583190917969,-0.1125500425696373,-0.4475049078464508,-0.209909588098526,0.9995059370994568,0.21554508805274963,-0.262799471616745,0.0310185756534338,0.2866906225681305,-0.23180349171161652,-0.24436625838279724,-0.23202618956565857,0.8148500919342041,0.2791956067085266,-0.06424008309841156,-0.044922683387994766,0.06942375004291534,-0.23969712853431702,-0.06380017846822739,-0.3011636435985565,0.3316996693611145,0.1154339388012886,0.012580071575939655,0.03932708874344826,0.0030071339569985867,-0.11600929498672485,-0.028376571834087372,-0.0368613637983799,0.0028868981171399355
565,1772099486.2913632,2,0,0.10177004337310791,-0.570650041103363,-0.3237352967262268,0.9994044899940491,0.15962818264961243,-0.44634562730789185,-0.043976448476314545,0.9980545043945312,-0.11333082616329193,-0.447487473487854,-0.20978911221027374,0.9995126128196716,0.21520310640335083,-0.2627979516983032,0.030355578288435936,0.28302842378616333,-0.2327769696712494,-0.2441728264093399,-0.2305729240179062,0.8193379640579224,0.2785078287124634,-0.0642956867814064,-0.04538285732269287,0.06721748411655426,-0.2397010624408722,-0.06312385201454163,-0.2990260720252991,0.3321531116962433,0.11556713283061981,0.012477775104343891,0.038813505321741104,0.0030627793166786432,-0.1161416694521904,-0.028160367161035538,-0.03632141277194023,0.002935966942459345
566,1772099486.3414512,2,0,0.09726531058549881,-0.571376383304596,-0.3238717317581177,0.9994290471076965,0.15976302325725555,-0.446262389421463,-0.04401169717311859,0.9980480074882507,-0.11414048820734024,-0.44748222827911377,-0.20839349925518036,0.9995128512382507,0.21517038345336914,-0.2627790868282318,0.029428085312247276,0.2804138958454132,-0.23324039578437805,-0.24434804916381836,-0.22824425995349884,0.8215960264205933,0.2787318527698517,-0.06438896059989929,-0.04723847284913063,0.0666550025343895,-0.24022804200649261,-0.06305521726608276,-0.2989892363548279,0.3357689082622528,0.11580799520015717,0.01223326288163662,0.03873715549707413,0.0030999358277767897,-0.11639434099197388,-0.027989976108074188,-0.036257509142160416,0.00295368954539299
