timestamp,head_x,head_y,head_z,l_shoulder_x,l_shoulder_y,l_shoulder_z,l_elbow_x,l_elbow_y,l_elbow_z,l_wrist_x,l_wrist_y,l_wrist_z,l_finger_x,l_finger_y,l_finger_z,l_thumb_x,l_thumb_y,l_thumb_z,l_hip_x,l_hip_y,l_hip_z,r_shoulder_x,r_shoulder_y,r_shoulder_z,r_elbow_x,r_elbow_y,r_elbow_z,r_wrist_x,r_wrist_y,r_wrist_z,r_finger_x,r_finger_y,r_finger_z,r_thumb_x,r_thumb_y,r_thumb_z,r_hip_x,r_hip_y,r_hip_z
1771937646.325688,0.569352924823761,0.5023227334022522,-0.699409544467926,0.6770665645599365,0.7418854832649231,-0.09615134447813034,0.7217072248458862,1.000100016593933,-0.055999428033828735,0.7781349420547485,1.3075283765792847,-0.30387619137763977,0.7946239709854126,1.3586201667785645,-0.44175297021865845,0.7762141227722168,1.339927077293396,-0.34120017290115356,0.6324127912521362,1.3298053741455078,0.07657648622989655,0.40858444571495056,0.7137877345085144,-0.30348989367485046,0.32693183422088623,0.9981377124786377,-0.47284287214279175,0.2985303997993469,1.2854090929031372,-0.7786365151405334,0.29691460728645325,1.3542433977127075,-0.9314978718757629,0.31190717220306396,1.3280774354934692,-0.8099004626274109,0.44576796889305115,1.3307987451553345,-0.0771888941526413
1771937646.4244947,0.5689011812210083,0.4999452233314514,-0.6374848484992981,0.6764470338821411,0.7452355623245239,-0.004163502249866724,0.7164987325668335,1.0031094551086426,0.03982754796743393,0.7597595453262329,1.3075268268585205,-0.20388050377368927,0.7706035375595093,1.3612552881240845,-0.335591584444046,0.7547012567520142,1.3408714532852173,-0.23914143443107605,0.6307706832885742,1.3286112546920776,0.08469454199075699,0.4097248613834381,0.7139050364494324,-0.21281743049621582,0.32751038670539856,0.9987640976905823,-0.38984912633895874,0.30209267139434814,1.2846779823303223,-0.7238692045211792,0.2999832034111023,1.354249119758606,-0.8801110982894897,0.3154814839363098,1.328076720237732,-0.755257785320282,0.44274917244911194,1.325823426246643,-0.08530985563993454
1771937646.4758785,0.5689787864685059,0.4998784363269806,-0.634840726852417,0.6764498353004456,0.7455083727836609,-0.005481873173266649,0.7165192365646362,1.0035618543624878,0.0390106737613678,0.7594916224479675,1.3075453042984009,-0.20512323081493378,0.7702736258506775,1.3613394498825073,-0.3376339077949524,0.754413366317749,1.3409379720687866,-0.2406802624464035,0.6307650804519653,1.3286062479019165,0.08405150473117828,0.40976446866989136,0.7140464186668396,-0.21296259760856628,0.32754406332969666,0.9988223314285278,-0.3790237307548523,0.30250096321105957,1.2848012447357178,-0.6921270489692688,0.30041801929473877,1.3546310663223267,-0.8425745964050293,0.3158850371837616,1.328426480293274,-0.7230570912361145,0.44274988770484924,1.32579505443573,-0.08466893434524536
1771937646.5446413,0.569033145904541,0.4998016059398651,-0.5779905915260315,0.6764286160469055,0.7457102537155151,0.011802111752331257,0.7165248990058899,1.0035725831985474,0.056797392666339874,0.7595279216766357,1.3069065809249878,-0.17176564037799835,0.770307183265686,1.3604412078857422,-0.2942200303077698,0.7544291019439697,1.3401894569396973,-0.2054259032011032,0.6307055354118347,1.3283016681671143,0.08361326158046722,0.40983372926712036,0.7141760587692261,-0.1774652898311615,0.32753247022628784,0.9987914562225342,-0.3326103389263153,0.30247706174850464,1.2845271825790405,-0.6264093518257141,0.3003527522087097,1.35451340675354,-0.7659175395965576,0.3158338665962219,1.3283430337905884,-0.6567155718803406,0.44269609451293945,1.325391173362732,-0.08423113822937012
1771937646.6038904,0.5690466165542603,0.49976062774658203,-0.5811094641685486,0.6763297319412231,0.7457176446914673,0.010851806029677391,0.7166346311569214,1.003551721572876,0.05465134233236313,0.7624030113220215,1.3042749166488647,-0.17461618781089783,0.7753294110298157,1.3558578491210938,-0.29891425371170044,0.7591617703437805,1.3364640474319458,-0.2085588276386261,0.6306601762771606,1.3278157711029053,0.08329566568136215,0.4099647104740143,0.7141857147216797,-0.18072494864463806,0.32768625020980835,0.9986878633499146,-0.33710628747940063,0.3028157353401184,1.284379482269287,-0.630123496055603,0.3007127642631531,1.354404330253601,-0.7698330879211426,0.31618931889533997,1.3282597064971924,-0.660432755947113,0.4427119195461273,1.324900507926941,-0.08390779793262482
1771937646.6718893,0.5687404870986938,0.4997607171535492,-0.579746663570404,0.676320493221283,0.7459542155265808,0.008553971536457539,0.7166720032691956,1.0037696361541748,0.05194556713104248,0.7619509100914001,1.3040449619293213,-0.1782342493534088,0.7745243310928345,1.3558075428009033,-0.30273252725601196,0.7584545016288757,1.336342453956604,-0.2121557742357254,0.6306130290031433,1.32728910446167,0.0816911906003952,0.4100129008293152,0.7143417000770569,-0.16597749292850494,0.3276923894882202,0.9986876249313354,-0.31003350019454956,0.3028408885002136,1.284281849861145,-0.598671019077301,0.3007362186908722,1.3544224500656128,-0.7368656992912292,0.31622573733329773,1.3282644748687744,-0.6295422911643982,0.4426337778568268,1.3241727352142334,-0.0823104977607727
1771937646.7251904,0.568743109703064,0.4997243285179138,-0.5801335573196411,0.6762100458145142,0.7459486126899719,-0.006748227868229151,0.7170372009277344,1.0035526752471924,0.04010063037276268,0.7698797583580017,1.297635793685913,-0.17938975989818573,0.7880610227584839,1.3452973365783691,-0.30605408549308777,0.7711076140403748,1.3277069330215454,-0.2132934033870697,0.6305782198905945,1.3264650106430054,0.08140532672405243,0.41026216745376587,0.7143583297729492,-0.17118528485298157,0.32780247926712036,0.9986823201179504,-0.31342974305152893,0.3028392791748047,1.2841784954071045,-0.6063069105148315,0.3006215989589691,1.354284644126892,-0.7461819052696228,0.31614893674850464,1.32818603515625,-0.6370489597320557,0.4426955580711365,1.3234565258026123,-0.08201949298381805
1771937646.7640874,0.5686365365982056,0.4996873140335083,-0.5564346313476562,0.6761851906776428,0.7460864782333374,0.0008887836011126637,0.7170900106430054,1.003644585609436,0.04624294862151146,0.769128680229187,1.2975921630859375,-0.16585217416286469,0.7866047620773315,1.3453468084335327,-0.28688350319862366,0.7698378562927246,1.3277338743209839,-0.1981334537267685,0.6305541396141052,1.325371503829956,0.0804736316204071,0.4103568494319916,0.7144871950149536,-0.14701546728610992,0.3278721272945404,0.9986845850944519,-0.2832970917224884,0.30322930216789246,1.2840007543563843,-0.5658512115478516,0.3011337220668793,1.3542710542678833,-0.7000991106033325,0.31661802530288696,1.3281482458114624,-0.595833420753479,0.44268113374710083,1.3221977949142456,-0.08109013736248016
1771937646.839424,0.5685033798217773,0.4996863007545471,-0.5452316403388977,0.6761720180511475,0.7461615800857544,0.0003695630293805152,0.71711665391922,1.0038148164749146,0.044320281594991684,0.7683109641075134,1.2971805334091187,-0.16637250781059265,0.784990668296814,1.3452664613723755,-0.2852368950843811,0.7684184312820435,1.327500820159912,-0.19783160090446472,0.6304657459259033,1.3243261575698853,0.07790178805589676,0.41039809584617615,0.7145737409591675,-0.1278199404478073,0.32792651653289795,0.9986802935600281,-0.2609206736087799,0.3040328323841095,1.283453106880188,-0.5428148508071899,0.30246254801750183,1.3539386987686157,-0.673615574836731,0.3177556097507477,1.3277018070220947,-0.5724853873252869,0.4426414966583252,1.3209903240203857,-0.07851721346378326
1771937646.8974407,0.568062424659729,0.4996865689754486,-0.5498645305633545,0.6761512756347656,0.746161162853241,-0.007157937623560429,0.7172871232032776,1.0037914514541626,0.02433815225958824,0.7706469893455505,1.2949671745300293,-0.1880791038274765,0.788703441619873,1.342254638671875,-0.30645471811294556,0.7718387842178345,1.324813961982727,-0.21965034306049347,0.6304330825805664,1.322947382926941,0.07529926300048828,0.41049909591674805,0.7145870923995972,-0.13437335193157196,0.3281695246696472,0.9985698461532593,-0.2666146457195282,0.30400729179382324,1.2824865579605103,-0.5534909963607788,0.30220839381217957,1.3532477617263794,-0.6882190108299255,0.31760650873184204,1.3271056413650513,-0.5841395258903503,0.44264206290245056,1.3193755149841309,-0.07590635120868683
1771937646.9617274,0.5679387450218201,0.4996856451034546,-0.5465598106384277,0.6761237978935242,0.7461631894111633,-0.00639179116114974,0.7175648212432861,1.003822684288025,0.02318517491221428,0.7706519961357117,1.2942475080490112,-0.19084057211875916,0.7886831760406494,1.3420153856277466,-0.3103373050689697,0.7718147039413452,1.324464201927185,-0.22274348139762878,0.6304527521133423,1.3212026357650757,0.07485918700695038,0.4106317162513733,0.7146962285041809,-0.12988020479679108,0.328561007976532,0.9985009431838989,-0.2683906555175781,0.3057081997394562,1.2818700075149536,-0.5608200430870056,0.3049640655517578,1.3529431819915771,-0.697232723236084,0.32010623812675476,1.3267323970794678,-0.5914309620857239,0.4427700936794281,1.3177754878997803,-0.07546354830265045
1771937647.0115469,0.5676419734954834,0.4996679127216339,-0.5222989320755005,0.6761161088943481,0.7461994290351868,-0.0019128064159303904,0.7177020311355591,1.0038361549377441,0.023629335686564445,0.7710567712783813,1.2936142683029175,-0.19038687646389008,0.7890461087226868,1.3417471647262573,-0.30897921323776245,0.7720946669578552,1.324063777923584,-0.2221372425556183,0.6304153203964233,1.3204822540283203,0.07474146783351898,0.41067177057266235,0.7146961092948914,-0.12375787645578384,0.3285578489303589,0.9984716773033142,-0.2572057843208313,0.30570629239082336,1.2815074920654297,-0.533584475517273,0.30495497584342957,1.3528982400894165,-0.6662715077400208,0.32009920477867126,1.3266631364822388,-0.5638924837112427,0.4427410662174225,1.3168988227844238,-0.07534468919038773
1771937647.077153,0.5673531293869019,0.49965158104896545,-0.5130324959754944,0.6760684847831726,0.7461989521980286,0.0013596712378785014,0.7177330255508423,1.0039018392562866,0.03201935812830925,0.7709426879882812,1.2933984994888306,-0.16617783904075623,0.7887978553771973,1.3417373895645142,-0.2783307433128357,0.7718727588653564,1.3239885568618774,-0.19652493298053741,0.6303561925888062,1.3194644451141357,0.07424037158489227,0.41080132126808167,0.714824378490448,-0.11958612501621246,0.3287352919578552,0.9984838962554932,-0.24670974910259247,0.306805819272995,1.2814257144927979,-0.5083811283111572,0.30646058917045593,1.3528984785079956,-0.6363182663917542,0.3214697539806366,1.326657772064209,-0.5375158786773682,0.4427407681941986,1.3157581090927124,-0.07484216243028641
1771937647.1444764,0.5671361684799194,0.49965333938598633,-0.5216022729873657,0.6760572195053101,0.7462003827095032,-0.0007123852265067399,0.7177768349647522,1.0039091110229492,0.026020735502243042,0.7703420519828796,1.292764663696289,-0.16800418496131897,0.7875686287879944,1.3414901494979858,-0.28010663390159607,0.7708150744438171,1.3235046863555908,-0.19690828025341034,0.6301819086074829,1.3178199529647827,0.07046206295490265,0.41083526611328125,0.7148635387420654,-0.12006141245365143,0.329007625579834,0.9984354376792908,-0.23785242438316345,0.30707114934921265,1.2803475856781006,-0.4973328113555908,0.30669957399368286,1.352159857749939,-0.6256786584854126,0.3217008709907532,1.3258081674575806,-0.5272009372711182,0.44268718361854553,1.3138281106948853,-0.07107213139533997
1771937647.1972566,0.5670081973075867,0.4996775984764099,-0.5230796933174133,0.6760541200637817,0.746199905872345,-0.0015459915157407522,0.7178164720535278,1.0039089918136597,0.02567501738667488,0.7690483331680298,1.291986346244812,-0.17090825736522675,0.7846522331237793,1.3414175510406494,-0.2826170325279236,0.7682539224624634,1.323180913925171,-0.199763685464859,0.6301037669181824,1.3161647319793701,0.06974165141582489,0.4110073447227478,0.7148810625076294,-0.1257714480161667,0.32946541905403137,0.9983266592025757,-0.24454455077648163,0.30902227759361267,1.2787492275238037,-0.49776753783226013,0.3098163604736328,1.350917935371399,-0.6231752634048462,0.3243888020515442,1.3243743181228638,-0.5264924168586731,0.44268718361854553,1.311782956123352,-0.07034671306610107
1771937647.2575176,0.5667977333068848,0.49967747926712036,-0.5304944515228271,0.6760868430137634,0.746276319026947,0.0026799533516168594,0.7178812623023987,1.0045534372329712,0.025737259536981583,0.7631571292877197,1.2912758588790894,-0.17098546028137207,0.7732109427452087,1.340481162071228,-0.2843779921531677,0.7582641243934631,1.3218404054641724,-0.20142844319343567,0.630102276802063,1.3153380155563354,0.06941276043653488,0.41097554564476013,0.714948296546936,-0.12601688504219055,0.3293880224227905,0.9985065460205078,-0.2734411358833313,0.3362690508365631,1.2105642557144165,-0.7298339605331421,0.35510140657424927,1.2013134956359863,-0.855250358581543,0.36080992221832275,1.197326898574829,-0.7424828410148621,0.44261854887008667,1.3104755878448486,-0.07000482082366943
1771937647.3125477,0.5667765140533447,0.4997047781944275,-0.5313754677772522,0.6761573553085327,0.7462797164916992,0.0024659577757120132,0.7179514169692993,1.0045530796051025,0.027326375246047974,0.7603493332862854,1.2901155948638916,-0.16720464825630188,0.767130434513092,1.3397120237350464,-0.2767471671104431,0.7524977922439575,1.320804238319397,-0.1954827904701233,0.6299551725387573,1.3132424354553223,0.06668989360332489,0.41097545623779297,0.7149484753608704,-0.12295655161142349,0.32939860224723816,0.9985073208808899,-0.3072362542152405,0.35714787244796753,1.126613736152649,-0.8866242170333862,0.39175280928611755,1.060044527053833,-1.0006163120269775,0.39418959617614746,1.073301911354065,-0.8899378776550293,0.4423108696937561,1.307149052619934,-0.06725901365280151
1771937647.3719087,0.5667734146118164,0.49971166253089905,-0.5351070761680603,0.6761589050292969,0.7462126612663269,5.123682785779238e-05,0.7181167006492615,1.004533290863037,0.02406197600066662,0.7603917121887207,1.289990782737732,-0.171072855591774,0.7672337889671326,1.3397613763809204,-0.2822865843772888,0.7524883151054382,1.3208184242248535,-0.20002388954162598,0.6296628713607788,1.3116153478622437,0.06219577044248581,0.4104085862636566,0.714893102645874,-0.12515778839588165,0.3267682194709778,0.9985024929046631,-0.3293910026550293,0.368407279253006,1.0478794574737549,-0.9555298089981079,0.407308429479599,0.9406777024269104,-1.0649807453155518,0.40812262892723083,0.9643993973731995,-0.9576072692871094,0.4418133795261383,1.3049030303955078,-0.06271866708993912
1771937647.4263,0.5668103098869324,0.4997631907463074,-0.5155874490737915,0.6761484742164612,0.746648907661438,0.01012913417071104,0.7182887196540833,1.005435824394226,0.02710159681737423,0.7605365514755249,1.2914464473724365,-0.17310640215873718,0.7673308253288269,1.3416550159454346,-0.28442925214767456,0.7525860071182251,1.3227030038833618,-0.20153780281543732,0.628388524055481,1.311631679534912,0.0576029010117054,0.40680474042892456,0.7149814963340759,-0.09153615683317184,0.31934797763824463,1.0012198686599731,-0.3353729546070099,0.3773786425590515,0.9906740188598633,-1.012158989906311,0.41701579093933105,0.8482376933097839,-1.1194955110549927,0.42081189155578613,0.8780602812767029,-1.0122501850128174,0.43866458535194397,1.3050321340560913,-0.0581195168197155
1771937647.4784195,0.5667757391929626,0.5000256299972534,-0.5233493447303772,0.6761454343795776,0.7469557523727417,0.00015468194033019245,0.7187994122505188,1.0063685178756714,0.026749679818749428,0.7622711658477783,1.2937816381454468,-0.1528192162513733,0.7693309783935547,1.3449985980987549,-0.2513030469417572,0.7536084651947021,1.3262606859207153,-0.17810924351215363,0.6279399394989014,1.3125470876693726,0.050803691148757935,0.40181106328964233,0.7152307033538818,-0.10096585750579834,0.31646034121513367,1.0021201372146606,-0.37544599175453186,0.38537412881851196,0.8863353133201599,-1.0711296796798706,0.421238511800766,0.7238948345184326,-1.1718487739562988,0.42583131790161133,0.7740398049354553,-1.0706923007965088,0.43608349561691284,1.3053478002548218,-0.051310740411281586
1771937647.5404105,0.5669220089912415,0.5001338124275208,-0.47951412200927734,0.6761607527732849,0.7469689249992371,0.0173681378364563,0.7194754481315613,1.006711483001709,0.06272575259208679,0.7689315676689148,1.2938039302825928,-0.0802953913807869,0.7784262895584106,1.345008373260498,-0.17046931385993958,0.7610176801681519,1.3262879848480225,-0.1049218401312828,0.628076434135437,1.313949465751648,0.0463506318628788,0.4006936550140381,0.715937077999115,-0.06947315484285355,0.314985454082489,1.002851963043213,-0.3821651339530945,0.39023593068122864,0.8091601133346558,-1.1116899251937866,0.4211901128292084,0.6457532048225403,-1.2190842628479004,0.4268578588962555,0.7005366086959839,-1.1134361028671265,0.43607887625694275,1.3067363500595093,-0.04683368280529976
1771937647.5784664,0.566872239112854,0.5003033876419067,-0.4373456835746765,0.6761292219161987,0.7469754815101624,0.055379003286361694,0.7194751501083374,1.0070126056671143,0.11212512105703354,0.768908679485321,1.2956568002700806,-0.021730123087763786,0.7783289551734924,1.3483020067214966,-0.10910328477621078,0.7608583569526672,1.329398274421692,-0.04687003046274185,0.6281235218048096,1.3153762817382812,0.046808309853076935,0.3998618721961975,0.715972900390625,-0.07048103213310242,0.31505876779556274,1.0028417110443115,-0.43691959977149963,0.39341503381729126,0.7398451566696167,-1.1840929985046387,0.418194055557251,0.5757068395614624,-1.2904536724090576,0.425354540348053,0.634576141834259,-1.1830636262893677,0.43581709265708923,1.308148741722107,-0.047293927520513535
1771937647.6394594,0.5668691992759705,0.5003145337104797,-0.39617055654525757,0.6761105060577393,0.7469537854194641,0.08661835640668869,0.7195762395858765,1.0071656703948975,0.15667873620986938,0.7691456079483032,1.2971117496490479,0.039721738547086716,0.7784604430198669,1.3510569334030151,-0.0425996333360672,0.7609023451805115,1.3319766521453857,0.014496637508273125,0.6283371448516846,1.3170634508132935,0.04726026579737663,0.3992580771446228,0.7159726023674011,-0.07060801982879639,0.31497079133987427,1.002838373184204,-0.4629434645175934,0.394793301820755,0.6909304857254028,-1.1699261665344238,0.4146595895290375,0.5261443853378296,-1.273817777633667,0.4232783913612366,0.5843212604522705,-1.1692776679992676,0.4357840120792389,1.3097611665725708,-0.047749124467372894
1771937647.690749,0.5668631792068481,0.5004868507385254,-0.41175785660743713,0.6761139631271362,0.7469525933265686,0.09383895248174667,0.7195779085159302,1.0075803995132446,0.159587100148201,0.7689239382743835,1.2995408773422241,0.021878384053707123,0.7776899337768555,1.354616641998291,-0.0681917667388916,0.7599863409996033,1.3352783918380737,-0.004883450455963612,0.62834233045578,1.3197189569473267,0.04763687029480934,0.39850595593452454,0.7159649729728699,-0.08160433173179626,0.3149348199367523,1.0026254653930664,-0.5164912939071655,0.3942224383354187,0.63349848985672,-1.2139499187469482,0.4112798273563385,0.4735572040081024,-1.3169658184051514,0.42039766907691956,0.5274626612663269,-1.2111334800720215,0.4346334934234619,1.3124146461486816,-0.0481279231607914
1771937647.7540088,0.566856861114502,0.5006734132766724,-0.4156354069709778,0.6761230230331421,0.7472103238105774,0.09437498450279236,0.7196522951126099,1.008220911026001,0.156856968998909,0.7691739797592163,1.302207350730896,0.0172547809779644,0.7777806520462036,1.3581891059875488,-0.0726059302687645,0.7599979639053345,1.3391247987747192,-0.00988228153437376,0.6283763647079468,1.322508692741394,0.04803202301263809,0.39756840467453003,0.7161877155303955,-0.0916818231344223,0.31505411863327026,1.0021439790725708,-0.5786353349685669,0.3918609023094177,0.5937386155128479,-1.2773081064224243,0.4073341488838196,0.42991867661476135,-1.3773905038833618,0.41689735651016235,0.4869424104690552,-1.2735549211502075,0.43403419852256775,1.3156529664993286,-0.048529088497161865
1771937647.8052557,0.5668536424636841,0.5007829070091248,-0.4299180507659912,0.6761918067932129,0.7473328113555908,0.09651315957307816,0.7196517586708069,1.009124517440796,0.16188475489616394,0.7690284848213196,1.3063035011291504,0.019130202010273933,0.7772389650344849,1.364343285560608,-0.07034090161323547,0.7592642307281494,1.3448295593261719,-0.008223903365433216,0.6283926963806152,1.3261675834655762,0.04825632646679878,0.3967168629169464,0.7162889838218689,-0.10247025638818741,0.31501179933547974,1.0011718273162842,-0.5997868180274963,0.3890191316604614,0.5558360815048218,-1.2294018268585205,0.4033673405647278,0.3852371871471405,-1.3306883573532104,0.4129928648471832,0.43984276056289673,-1.2283681631088257,0.43320536613464355,1.3196837902069092,-0.04876205325126648
1771937647.8450952,0.566982090473175,0.5007836222648621,-0.4079688489437103,0.6762421727180481,0.7473533749580383,0.11269231885671616,0.7196602821350098,1.0092490911483765,0.20328731834888458,0.7690922021865845,1.3068643808364868,0.10294189304113388,0.7772477865219116,1.365415096282959,0.027248894795775414,0.7592888474464417,1.3459221124649048,0.07658334821462631,0.6286575198173523,1.3278769254684448,0.04828996583819389,0.39679405093193054,0.7163070440292358,-0.10648366063833237,0.31513655185699463,1.0003641843795776,-0.5990539789199829,0.38602250814437866,0.5395075082778931,-1.1714825630187988,0.39917248487472534,0.37083157896995544,-1.2756009101867676,0.4090994894504547,0.42530950903892517,-1.173956274986267,0.43314582109451294,1.3219077587127686,-0.04880917817354202
1771937647.9012299,0.5671154260635376,0.5010621547698975,-0.4170941412448883,0.6765722632408142,0.7474271655082703,0.11443042755126953,0.7196827530860901,1.0094619989395142,0.20989830791950226,0.7690702676773071,1.308906078338623,0.13096222281455994,0.7772189974784851,1.3679673671722412,0.06204705685377121,0.7592003345489502,1.3483459949493408,0.10545553267002106,0.6287072896957397,1.329609751701355,0.04870793595910072,0.39680546522140503,0.7163621783256531,-0.10776426643133163,0.3151755630970001,0.9972113370895386,-0.5905853509902954,0.3833373188972473,0.5117902159690857,-1.125029444694519,0.39528995752334595,0.3421076834201813,-1.162131667137146,0.40550461411476135,0.3949636220932007,-1.1023061275482178,0.4328770041465759,1.3234889507293701,-0.04923110455274582
1771937647.956296,0.5673879981040955,0.5012826323509216,-0.4279446601867676,0.6766836643218994,0.7476535439491272,0.10610981285572052,0.7198798656463623,1.0099999904632568,0.18581488728523254,0.7693381309509277,1.3100230693817139,0.05850328132510185,0.7772318124771118,1.369353175163269,-0.006663516163825989,0.7592164874076843,1.350109338760376,0.03520556911826134,0.6287311315536499,1.331469178199768,0.04896121099591255,0.39689773321151733,0.7164264917373657,-0.11417637765407562,0.3150319457054138,0.9927811026573181,-0.7122556567192078,0.38084250688552856,0.47877195477485657,-1.3993346691131592,0.39157041907310486,0.3129000663757324,-1.4850268363952637,0.4020727574825287,0.36091312766075134,-1.3875038623809814,0.43203407526016235,1.3260082006454468,-0.04949270561337471
1771937648.0094535,0.5676408410072327,0.5013231039047241,-0.445495069026947,0.6769830584526062,0.7481881976127625,0.09664250910282135,0.7198811769485474,1.011298418045044,0.18451310694217682,0.769264280796051,1.3116700649261475,0.03637285530567169,0.7767587304115295,1.3715697526931763,-0.02116716094315052,0.7585619688034058,1.352400541305542,0.015370234847068787,0.6289564371109009,1.3332082033157349,0.049357347190380096,0.39697930216789246,0.716556191444397,-0.12121418863534927,0.31515103578567505,0.9839590787887573,-0.734794020652771,0.37849849462509155,0.4546700417995453,-1.4270598888397217,0.38852936029434204,0.29004180431365967,-1.5311299562454224,0.39900779724121094,0.33331790566444397,-1.4228419065475464,0.4317181706428528,1.328268051147461,-0.049889735877513885
1771937648.069699,0.5682359933853149,0.501327395439148,-0.4524106979370117,0.6772066354751587,0.7483959197998047,0.08948758989572525,0.7198780179023743,1.011630654335022,0.16732442378997803,0.7692639231681824,1.3120688199996948,-0.014925213530659676,0.7764941453933716,1.3721802234649658,-0.07365445792675018,0.7581652402877808,1.3531397581100464,-0.0355587862432003,0.6290454864501953,1.334426760673523,0.0495690256357193,0.39707624912261963,0.7166269421577454,-0.12455226480960846,0.3151528239250183,0.9798996448516846,-0.8153139352798462,0.376566618680954,0.4327099621295929,-1.551390290260315,0.38592231273651123,0.2745588421821594,-1.6707483530044556,0.39630240201950073,0.31526049971580505,-1.5502318143844604,0.4313334822654724,1.330051302909851,-0.050109416246414185
1771937648.1115901,0.5683961510658264,0.5013517141342163,-0.45784980058670044,0.6773335933685303,0.7485126852989197,0.08167850226163864,0.7198784947395325,1.011881709098816,0.1577945053577423,0.7692527770996094,1.3132579326629639,-0.032347045838832855,0.7762477993965149,1.3740990161895752,-0.10249488055706024,0.7578314542770386,1.3550639152526855,-0.055126916617155075,0.6293054819107056,1.3356099128723145,0.04972241446375847,0.39711901545524597,0.716718316078186,-0.12952448427677155,0.3152501881122589,0.9725884795188904,-0.822721004486084,0.37472397089004517,0.4226936399936676,-1.5050076246261597,0.38419920206069946,0.2661687135696411,-1.626051664352417,0.39424365758895874,0.3053382635116577,-1.506666898727417,0.43130120635032654,1.3314509391784668,-0.05027047544717789
1771937648.1729217,0.5688254833221436,0.5016565918922424,-0.4724211096763611,0.6774883270263672,0.7488043308258057,0.07466200739145279,0.719874382019043,1.0123554468154907,0.15107008814811707,0.7688242793083191,1.314375400543213,-0.046023689210414886,0.7753403782844543,1.3755650520324707,-0.1263822615146637,0.7567561864852905,1.3566968441009521,-0.07087145745754242,0.6293236017227173,1.3366960287094116,0.050113826990127563,0.39721181988716125,0.7167955040931702,-0.13671763241291046,0.3151452839374542,0.9658521413803101,-0.8230289220809937,0.37314584851264954,0.41187334060668945,-1.4746509790420532,0.38267412781715393,0.25794845819473267,-1.591145634651184,0.39223986864089966,0.2976827621459961,-1.4766002893447876,0.43094339966773987,1.332746982574463,-0.050663113594055176
1771937648.211843,0.5695655941963196,0.5017257332801819,-0.47433772683143616,0.6776953935623169,0.7489722371101379,0.07079638540744781,0.7199084162712097,1.0132410526275635,0.14850834012031555,0.7687408924102783,1.3161078691482544,-0.05716155096888542,0.7750542759895325,1.377759575843811,-0.14627552032470703,0.7563972473144531,1.3587726354599,-0.08381931483745575,0.6296359300613403,1.337480902671814,0.05049010366201401,0.3972909450531006,0.7168194651603699,-0.13801512122154236,0.31471580266952515,0.9569785594940186,-0.811819851398468,0.3737114667892456,0.3952005207538605,-1.3899775743484497,0.3835294544696808,0.24381248652935028,-1.5034829378128052,0.39156827330589294,0.2783331871032715,-1.3937935829162598,0.43095141649246216,1.3340193033218384,-0.05103962495923042
1771937648.2849398,0.5698546171188354,0.5017923712730408,-0.4865625500679016,0.6777837872505188,0.749128520488739,0.06478683650493622,0.7199002504348755,1.0135751962661743,0.1389603614807129,0.7688332796096802,1.3165411949157715,-0.06391152739524841,0.7752221822738647,1.3783279657363892,-0.15353569388389587,0.7564235329627991,1.3593623638153076,-0.09097561985254288,0.6296790838241577,1.3378310203552246,0.0508587583899498,0.39722758531570435,0.7168237566947937,-0.1443198174238205,0.31396299600601196,0.9517311453819275,-0.7796099781990051,0.37319597601890564,0.39891451597213745,-1.2937047481536865,0.38409534096717834,0.24710865318775177,-1.4109355211257935,0.39369890093803406,0.29843398928642273,-1.3019745349884033,0.4309171736240387,1.3350075483322144,-0.05140908807516098
1771937648.3412597,0.5701034665107727,0.502020537853241,-0.49690932035446167,0.6780344247817993,0.7491582632064819,0.06121393293142319,0.7198807001113892,1.0139516592025757,0.15080900490283966,0.7680681347846985,1.318347692489624,0.018556023016572,0.7742024064064026,1.3809810876846313,-0.05460130050778389,0.7553478479385376,1.3615864515304565,-0.006246120668947697,0.6297135949134827,1.3393253087997437,0.05105917900800705,0.39718520641326904,0.7168779373168945,-0.14989304542541504,0.31355923414230347,0.9470865726470947,-0.7528277039527893,0.3729344308376312,0.4033394157886505,-1.2176684141159058,0.38485896587371826,0.25167497992515564,-1.3425815105438232,0.39502793550491333,0.3165302574634552,-1.2299784421920776,0.4308438301086426,1.3367936611175537,-0.05162084102630615
1771937648.3916428,0.5705139636993408,0.502277135848999,-0.5008233189582825,0.6783218383789062,0.7491692900657654,0.05718100816011429,0.7199389934539795,1.0140923261642456,0.14697201550006866,0.767845094203949,1.3185021877288818,0.01589563861489296,0.773868203163147,1.381328821182251,-0.07050482928752899,0.7548946142196655,1.3618073463439941,-0.012297150678932667,0.6303385496139526,1.3394620418548584,0.051300741732120514,0.39726686477661133,0.7167616486549377,-0.15513013303279877,0.3132544755935669,0.9351241588592529,-0.7465097904205322,0.37315553426742554,0.37893372774124146,-1.205517292022705,0.38801878690719604,0.2198428511619568,-1.317089319229126,0.3955583870410919,0.28808146715164185,-1.2134487628936768,0.4309036135673523,1.3372527360916138,-0.051857709884643555
1771937648.461828,0.5711123943328857,0.5024012923240662,-0.5030255913734436,0.6786134839057922,0.7491304278373718,0.05246211960911751,0.7199386358261108,1.0140868425369263,0.13863715529441833,0.7678547501564026,1.3184583187103271,0.0016359264263883233,0.7738863825798035,1.3812181949615479,-0.08757246285676956,0.7549368143081665,1.3616987466812134,-0.026957890018820763,0.6306930780410767,1.3396302461624146,0.051489442586898804,0.39730116724967957,0.7167651057243347,-0.15814179182052612,0.3126572370529175,0.9314851760864258,-0.7413040399551392,0.3725723326206207,0.3923124372959137,-1.1740329265594482,0.38790085911750793,0.23499378561973572,-1.2785723209381104,0.3953900635242462,0.3042062819004059,-1.1799876689910889,0.4309694766998291,1.3380000591278076,-0.05205473303794861
1771937648.521547,0.5715399980545044,0.5024616718292236,-0.5108402967453003,0.6792420148849487,0.7491919994354248,0.048499759286642075,0.7200692296028137,1.0142734050750732,0.1359689086675644,0.7679224014282227,1.3193371295928955,-0.006482071243226528,0.7739237546920776,1.3824269771575928,-0.10610649734735489,0.75497967004776,1.362764835357666,-0.037133656442165375,0.6308043003082275,1.3406809568405151,0.05178624391555786,0.397386372089386,0.7167075872421265,-0.16234040260314941,0.3125147223472595,0.9244163632392883,-0.7469161748886108,0.37269967794418335,0.3756815195083618,-1.2065149545669556,0.3903640806674957,0.2191324383020401,-1.3047046661376953,0.396140456199646,0.2742013931274414,-1.2087262868881226,0.4306851923465729,1.3389302492141724,-0.05235115438699722
1771937648.5722399,0.5724859237670898,0.5027899146080017,-0.5184258818626404,0.6792970895767212,0.7494069337844849,0.045874737203121185,0.7201003432273865,1.0147342681884766,0.12815573811531067,0.7679533362388611,1.320163607597351,-0.018351111561059952,0.7739609479904175,1.3833949565887451,-0.10902082920074463,0.7550087571144104,1.3637741804122925,-0.04697273671627045,0.6315924525260925,1.341721773147583,0.05206652358174324,0.3974519968032837,0.7168214321136475,-0.16309484839439392,0.31223949790000916,0.9139310717582703,-0.794287919998169,0.37292835116386414,0.36135372519493103,-1.3201477527618408,0.39092692732810974,0.20789696276187897,-1.4190943241119385,0.3957197368144989,0.2527894973754883,-1.3198297023773193,0.4307481646537781,1.3407721519470215,-0.05263686925172806
1771937648.6202,0.5728542804718018,0.5028198957443237,-0.5256639719009399,0.6793860793113708,0.7494170069694519,0.04294870048761368,0.7200852632522583,1.0147124528884888,0.12574376165866852,0.7679544687271118,1.3203380107879639,-0.018874606117606163,0.7739930748939514,1.3837945461273193,-0.11800060421228409,0.7550045251846313,1.3640482425689697,-0.04840141162276268,0.6319298148155212,1.3421597480773926,0.05218151956796646,0.39753633737564087,0.7168225646018982,-0.16545942425727844,0.31176823377609253,0.9067630171775818,-0.7899532318115234,0.3739704191684723,0.34864550828933716,-1.2781288623809814,0.3952382206916809,0.19122549891471863,-1.3769123554229736,0.398444265127182,0.237481027841568,-1.2788299322128296,0.4306640625,1.3416091203689575,-0.0527433380484581
1771937648.6617637,0.5734076499938965,0.5029869079589844,-0.5188974142074585,0.6793966293334961,0.7494152784347534,0.04733922332525253,0.720079779624939,1.0146888494491577,0.1198517307639122,0.7679557800292969,1.321082592010498,-0.034084051847457886,0.7740272283554077,1.3850282430648804,-0.13419367372989655,0.7550162672996521,1.3653351068496704,-0.06394533067941666,0.6323883533477783,1.3430218696594238,0.05249197036027908,0.3975922167301178,0.7168799638748169,-0.16732217371463776,0.31134769320487976,0.8973792791366577,-0.7823644876480103,0.37595754861831665,0.33207470178604126,-1.2702102661132812,0.40028613805770874,0.17635919153690338,-1.361924648284912,0.40214118361473083,0.22087496519088745,-1.2689234018325806,0.43072429299354553,1.3434048891067505,-0.0530550554394722
1771937648.7282186,0.5743528604507446,0.5029973387718201,-0.5253157019615173,0.6795786023139954,0.7493337988853455,0.05634262040257454,0.7202625870704651,1.01467764377594,0.11703941971063614,0.7687711715698242,1.3222116231918335,-0.0490993931889534,0.7744712233543396,1.3870757818222046,-0.15258565545082092,0.7552719712257385,1.3672797679901123,-0.0797586441040039,0.6336320638656616,1.3436986207962036,0.054247550666332245,0.3976713716983795,0.7168802618980408,-0.16867387294769287,0.3111680746078491,0.8891149163246155,-0.819567859172821,0.3771848678588867,0.32677629590034485,-1.3230119943618774,0.40345555543899536,0.1721179485321045,-1.4115092754364014,0.4041958749294281,0.21965084969997406,-1.3173984289169312,0.4307887554168701,1.3449541330337524,-0.05478568747639656
1771937648.780927,0.5750517249107361,0.5030103921890259,-0.5114169120788574,0.6797882914543152,0.7493317723274231,0.0638943612575531,0.7204458117485046,1.0146468877792358,0.12098394334316254,0.7698889970779419,1.3246484994888306,-0.039400748908519745,0.7755393981933594,1.3903931379318237,-0.13599878549575806,0.7560380697250366,1.3705031871795654,-0.06917320191860199,0.6346368193626404,1.345344066619873,0.05447079986333847,0.3977409303188324,0.7169436812400818,-0.16883763670921326,0.31049036979675293,0.8793300986289978,-0.7814777493476868,0.37821346521377563,0.3233082592487335,-1.2389500141143799,0.4059228301048279,0.17208194732666016,-1.3470090627670288,0.40643343329429626,0.21634696424007416,-1.2433154582977295,0.4308532178401947,1.3476654291152954,-0.05501433089375496
1771937648.8348682,0.5758708119392395,0.5031139850616455,-0.5187467336654663,0.6801586151123047,0.7493369579315186,0.07463343441486359,0.720579206943512,1.0147227048873901,0.12150166928768158,0.7715888023376465,1.3273661136627197,-0.04917784780263901,0.7771345376968384,1.3939626216888428,-0.1484798938035965,0.7572566270828247,1.3743221759796143,-0.07976442575454712,0.6359269618988037,1.3479106426239014,0.055869005620479584,0.39781826734542847,0.7171903252601624,-0.17185211181640625,0.3105179965496063,0.8697051405906677,-0.846389651298523,0.38009360432624817,0.31749120354652405,-1.3969765901565552,0.40927329659461975,0.16590075194835663,-1.4960691928863525,0.4092268943786621,0.21506953239440918,-1.3918713331222534,0.43091434240341187,1.351142168045044,-0.05639414116740227
1771937648.8794773,0.5766730308532715,0.5033270716667175,-0.5166043639183044,0.6804014444351196,0.749334990978241,0.08868460357189178,0.7207018733024597,1.014728307723999,0.12469639629125595,0.7728604078292847,1.3282414674758911,-0.058081042021512985,0.7783188819885254,1.3951470851898193,-0.15874384343624115,0.7581572532653809,1.3755841255187988,-0.08927308768033981,0.6370601058006287,1.3504207134246826,0.05650253966450691,0.3978966176509857,0.7173099517822266,-0.17529934644699097,0.3107070326805115,0.8631176352500916,-0.8342881202697754,0.3814728260040283,0.3104695677757263,-1.3433172702789307,0.41165709495544434,0.1650075614452362,-1.4421591758728027,0.4113830029964447,0.20852094888687134,-1.3404492139816284,0.43096399307250977,1.3549418449401855,-0.05700911208987236
1771937648.9390497,0.5773290395736694,0.5034827589988708,-0.5225356817245483,0.6806989908218384,0.74932861328125,0.09404554218053818,0.7210028767585754,1.0147936344146729,0.12390605360269547,0.7742858529090881,1.3324980735778809,-0.06769629567861557,0.7798460721969604,1.4004826545715332,-0.17062225937843323,0.7593966722488403,1.3807989358901978,-0.09940014779567719,0.6383050680160522,1.35349440574646,0.05686322599649429,0.39795225858688354,0.7174287438392639,-0.17812272906303406,0.31089356541633606,0.8523439168930054,-0.8118349313735962,0.38279446959495544,0.30409562587738037,-1.2938514947891235,0.4143114984035492,0.16584044694900513,-1.3948554992675781,0.413266122341156,0.2072879821062088,-1.293023943901062,0.4310232996940613,1.3585536479949951,-0.05736007168889046
1771937648.978485,0.5781174898147583,0.5035921335220337,-0.5258932709693909,0.6809176206588745,0.7493035197257996,0.09881939738988876,0.7211891412734985,1.0147647857666016,0.11751227080821991,0.7754809856414795,1.3324981927871704,-0.07139445096254349,0.7809028029441833,1.4004311561584473,-0.1794189214706421,0.760240912437439,1.3807941675186157,-0.10372573137283325,0.6395403146743774,1.3548578023910522,0.05730331689119339,0.39801380038261414,0.7174282073974609,-0.1811625063419342,0.3110651969909668,0.8419415950775146,-0.8249040842056274,0.3841302692890167,0.2954546809196472,-1.332500696182251,0.4166853427886963,0.15962335467338562,-1.4328722953796387,0.4154718816280365,0.19879449903964996,-1.3294298648834229,0.43108659982681274,1.3609663248062134,-0.05778338760137558
1771937649.0283098,0.5787866115570068,0.503814697265625,-0.5099880695343018,0.6809345483779907,0.7493013739585876,0.12386415153741837,0.7212105393409729,1.0147373676300049,0.1254824548959732,0.7763603329658508,1.3327252864837646,-0.07804518938064575,0.7821044921875,1.4007102251052856,-0.1860317885875702,0.7612038850784302,1.3810676336288452,-0.11091135442256927,0.6405231952667236,1.356605052947998,0.057666052132844925,0.398049533367157,0.71745765209198,-0.1832607388496399,0.31168851256370544,0.7992181181907654,-0.8127790689468384,0.38901466131210327,0.2425394356250763,-1.2812490463256836,0.42497125267982483,0.129677414894104,-1.3798445463180542,0.4226283133029938,0.16586719453334808,-1.2793458700180054,0.43114668130874634,1.3630890846252441,-0.05814003944396973
1771937649.0863109,0.579366147518158,0.5038822889328003,-0.48288804292678833,0.6809636354446411,0.7492956519126892,0.1355442851781845,0.721225380897522,1.014747142791748,0.13705317676067352,0.7777044177055359,1.3327702283859253,-0.06315767019987106,0.7840157747268677,1.4006237983703613,-0.1625620424747467,0.7629117965698242,1.3809763193130493,-0.09538514167070389,0.6409919857978821,1.357856273651123,0.05791761353611946,0.3980807662010193,0.7174052000045776,-0.1797831505537033,0.3122822940349579,0.7501224875450134,-0.7834845185279846,0.3914555311203003,0.2352321445941925,-1.2779326438903809,0.42867088317871094,0.12277044355869293,-1.3111714124679565,0.4256133437156677,0.15749016404151917,-1.2507997751235962,0.4312083125114441,1.364573359489441,-0.058381371200084686
1771937649.1283667,0.5800014138221741,0.5039435029029846,-0.46434926986694336,0.6810577511787415,0.7492811679840088,0.13426834344863892,0.721222996711731,1.0147349834442139,0.14466850459575653,0.7780446410179138,1.3352477550506592,-0.031393058598041534,0.7844110727310181,1.4045437574386597,-0.11996662616729736,0.7631843090057373,1.384549856185913,-0.062018729746341705,0.641700804233551,1.3595045804977417,0.058088548481464386,0.39809900522232056,0.7173834443092346,-0.17763616144657135,0.31235426664352417,0.7420996427536011,-0.7543860077857971,0.39429301023483276,0.23871921002864838,-1.2127153873443604,0.4319015145301819,0.12469234317541122,-1.2798563241958618,0.4286426603794098,0.1594744324684143,-1.2007852792739868,0.4312666058540344,1.3667024374008179,-0.05855713039636612
1771937649.1891718,0.5807764530181885,0.5040059685707092,-0.4334859251976013,0.6810497641563416,0.7492178082466125,0.142135351896286,0.7212221622467041,1.0147279500961304,0.17078222334384918,0.778888463973999,1.335898756980896,0.04044239595532417,0.7862541079521179,1.4053047895431519,-0.03068949282169342,0.7647813558578491,1.3853744268417358,0.011729203164577484,0.6428214311599731,1.361232042312622,0.05814789608120918,0.39814019203186035,0.7173855900764465,-0.1715533584356308,0.3135937452316284,0.7296509146690369,-0.7389785051345825,0.39778658747673035,0.2276611179113388,-1.1584959030151367,0.43708300590515137,0.12363091856241226,-1.1630322933197021,0.4329551160335541,0.15934588015079498,-1.1251718997955322,0.43133682012557983,1.3692268133163452,-0.05860571190714836
1771937649.250895,0.5816448926925659,0.5040342211723328,-0.44763654470443726,0.6811332702636719,0.7491105198860168,0.13610558211803436,0.7213579416275024,1.0147038698196411,0.16057328879833221,0.7793556451797485,1.336310863494873,0.023027826100587845,0.7866970896720886,1.405942678451538,-0.05767165869474411,0.765127956867218,1.3860026597976685,-0.006691271904855967,0.6433469653129578,1.3625624179840088,0.059016503393650055,0.39800047874450684,0.7173292636871338,-0.17400598526000977,0.3136555552482605,0.7209131717681885,-0.7922248840332031,0.3997877836227417,0.2226574718952179,-1.27262282371521,0.43933922052383423,0.12036848068237305,-1.3136494159698486,0.43480294942855835,0.15424908697605133,-1.2487998008728027,0.43127933144569397,1.3709193468093872,-0.05945974588394165
1771937649.295136,0.5818343758583069,0.5040942430496216,-0.4370395243167877,0.6811820268630981,0.7490974068641663,0.1404997706413269,0.721416711807251,1.0146769285202026,0.16874107718467712,0.7799773812294006,1.3370352983474731,0.03645952790975571,0.7876073718070984,1.4069124460220337,-0.039760343730449677,0.765938401222229,1.3870055675506592,0.007605377584695816,0.6439513564109802,1.3630812168121338,0.05909070372581482,0.3979588747024536,0.7173396348953247,-0.17074044048786163,0.3136860430240631,0.7208034992218018,-0.7632789015769958,0.40175342559814453,0.21739713847637177,-1.2072374820709229,0.4421815872192383,0.11845936626195908,-1.2769763469696045,0.437150776386261,0.150897815823555,-1.1964423656463623,0.43131381273269653,1.371662974357605,-0.05953908711671829
1771937649.3561852,0.5823110342025757,0.5041763782501221,-0.44754013419151306,0.6812639832496643,0.7490826845169067,0.13820195198059082,0.7214497327804565,1.014649510383606,0.16010119020938873,0.7800356149673462,1.3388828039169312,0.012967318296432495,0.7876103520393372,1.410261631011963,-0.07254847139120102,0.7659395933151245,1.3898957967758179,-0.01712963543832302,0.6444236040115356,1.3642672300338745,0.05983737111091614,0.39776748418807983,0.7173521518707275,-0.17404967546463013,0.313838392496109,0.7222731709480286,-0.7784143686294556,0.4029010832309723,0.22350651025772095,-1.2157944440841675,0.4430837035179138,0.12131863087415695,-1.2886974811553955,0.43813204765319824,0.15526224672794342,-1.2057708501815796,0.4311937689781189,1.3729134798049927,-0.060272060334682465
1771937649.4200547,0.5832578539848328,0.5041895508766174,-0.44918447732925415,0.6812564730644226,0.74908047914505,0.1407754123210907,0.7214516401290894,1.014662265777588,0.19925479590892792,0.7809375524520874,1.3389160633087158,0.12394575029611588,0.7894871830940247,1.4101409912109375,0.06087784841656685,0.7675141096115112,1.389854073524475,0.0954316034913063,0.6450387239456177,1.365991473197937,0.060808826237916946,0.39783576130867004,0.7173824906349182,-0.1770397275686264,0.3138808608055115,0.7331486940383911,-0.7510929107666016,0.40380287170410156,0.24805153906345367,-1.1995316743850708,0.44297128915786743,0.1362031102180481,-1.2478893995285034,0.43844765424728394,0.17370089888572693,-1.2007691860198975,0.4312143325805664,1.3755635023117065,-0.061219532042741776
1771937649.4618163,0.583982527256012,0.5043931603431702,-0.4594520628452301,0.6812676787376404,0.7490831017494202,0.1385907381772995,0.7214595675468445,1.0147604942321777,0.18804018199443817,0.781241774559021,1.339842438697815,0.11706840991973877,0.7897107601165771,1.4112756252288818,0.05834190174937248,0.7676845788955688,1.3910109996795654,0.08956390619277954,0.6461538672447205,1.3665770292282104,0.061054449528455734,0.3979012370109558,0.7173694968223572,-0.17995041608810425,0.31523650884628296,0.7008646726608276,-0.790082573890686,0.40714535117149353,0.22350503504276276,-1.2792019844055176,0.4466833174228668,0.12342605739831924,-1.3444570302963257,0.44294577836990356,0.16030104458332062,-1.2750862836837769,0.43125444650650024,1.3765498399734497,-0.06145860627293587
1771937649.5185847,0.584692656993866,0.5044687986373901,-0.4502362310886383,0.6813544034957886,0.7490732073783875,0.14724156260490417,0.7215789556503296,1.0147603750228882,0.17955118417739868,0.78192538022995,1.3407244682312012,0.08159726858139038,0.7904897928237915,1.41217839717865,0.008207624778151512,0.7684130072593689,1.3918253183364868,0.052462100982666016,0.6467599868774414,1.367401361465454,0.06118527799844742,0.3978983461856842,0.7173673510551453,-0.18220770359039307,0.31678447127342224,0.6603279113769531,-0.7696803212165833,0.41007155179977417,0.19464680552482605,-1.2139461040496826,0.4511013627052307,0.10983888804912567,-1.2989842891693115,0.446446031332016,0.14360162615776062,-1.2176109552383423,0.4312826097011566,1.3774880170822144,-0.06157763674855232
1771937649.5724652,0.5850704312324524,0.5045170783996582,-0.45595550537109375,0.6816407442092896,0.7489947080612183,0.1469358503818512,0.7223564386367798,1.014732837677002,0.16903375089168549,0.7821546792984009,1.3435561656951904,0.05632811039686203,0.790542721748352,1.4176452159881592,-0.028423290699720383,0.7684476375579834,1.3964879512786865,0.0254486296325922,0.64745032787323,1.3690282106399536,0.06133304163813591,0.39784887433052063,0.7173584699630737,-0.17625391483306885,0.3168935477733612,0.676622748374939,-0.7440749406814575,0.4105604290962219,0.22950094938278198,-1.1628851890563965,0.45091184973716736,0.12307917326688766,-1.2645784616470337,0.446760356426239,0.15856222808361053,-1.1733087301254272,0.43133559823036194,1.3788421154022217,-0.061728596687316895
1771937649.6118417,0.5855844020843506,0.5047040581703186,-0.4512215256690979,0.6816490292549133,0.7488800287246704,0.1440819948911667,0.7223732471466064,1.014672875404358,0.16546888649463654,0.7825901508331299,1.3436251878738403,0.0358031764626503,0.7913219928741455,1.417578935623169,-0.05167635530233383,0.7690881490707397,1.3964406251907349,0.004631322808563709,0.6481630206108093,1.369864583015442,0.061499208211898804,0.3979042172431946,0.7173712849617004,-0.17637306451797485,0.3173352777957916,0.6825990080833435,-0.7222067713737488,0.41131481528282166,0.23651859164237976,-1.134385585784912,0.45081987977027893,0.12568272650241852,-1.2584514617919922,0.4462971091270447,0.15963999927043915,-1.1565347909927368,0.4313621520996094,1.3799831867218018,-0.061884909868240356
1771937649.661738,0.5859093070030212,0.504741907119751,-0.4599544107913971,0.6816410422325134,0.7485969662666321,0.13626742362976074,0.7224071621894836,1.0146448612213135,0.15640570223331451,0.7827701568603516,1.3435324430465698,0.015633493661880493,0.7915077805519104,1.4172779321670532,-0.08016926795244217,0.7692350149154663,1.3963229656219482,-0.0165481548756361,0.6484555602073669,1.3706824779510498,0.062219977378845215,0.39795631170272827,0.7173100709915161,-0.17906628549098969,0.31743985414505005,0.69645756483078,-0.7760159373283386,0.4123160243034363,0.24141843616962433,-1.2634251117706299,0.4513045847415924,0.1276605874300003,-1.370471477508545,0.4465896487236023,0.16230033338069916,-1.2707492113113403,0.4314091205596924,1.381163477897644,-0.06259305775165558
1771937649.7114434,0.5864123106002808,0.50486159324646,-0.46136027574539185,0.6816393136978149,0.7481870055198669,0.13511745631694794,0.7224143743515015,1.014184832572937,0.15035836398601532,0.78280109167099,1.3432801961898804,-0.003862999379634857,0.7915224432945251,1.416635513305664,-0.10237070173025131,0.7692418098449707,1.3957176208496094,-0.03626473620533943,0.6488476395606995,1.371121883392334,0.06271018087863922,0.39801737666130066,0.717254102230072,-0.18016089498996735,0.3174375891685486,0.7094684839248657,-0.7618311047554016,0.413215696811676,0.2539835572242737,-1.2157903909683228,0.4511783719062805,0.13588330149650574,-1.3221710920333862,0.44661298394203186,0.17184127867221832,-1.2228529453277588,0.43145841360092163,1.3817827701568604,-0.06307562440633774
1771937649.7615047,0.5870290994644165,0.5049790143966675,-0.4702356457710266,0.6816471815109253,0.748196542263031,0.12974849343299866,0.7224741578102112,1.0141639709472656,0.14523054659366608,0.7834323644638062,1.343260645866394,-0.016272837296128273,0.7920990586280823,1.4162044525146484,-0.10936616361141205,0.7696900367736816,1.3953994512557983,-0.0483626052737236,0.6490590572357178,1.3717639446258545,0.06423769146203995,0.39806920289993286,0.7171951532363892,-0.1811448335647583,0.31763848662376404,0.7098489999771118,-0.8123013377189636,0.4154970049858093,0.25547173619270325,-1.3146833181381226,0.45234209299087524,0.13904550671577454,-1.4157953262329102,0.44880905747413635,0.17697715759277344,-1.3138617277145386,0.4314536452293396,1.3822896480560303,-0.06459922343492508
1771937649.8202226,0.5876285433769226,0.5051700472831726,-0.4793039858341217,0.6816036701202393,0.7480173110961914,0.1240137591958046,0.7224732637405396,1.0139472484588623,0.13805434107780457,0.7847942113876343,1.3431527614593506,-0.03192662447690964,0.7939781546592712,1.4158241748809814,-0.13051849603652954,0.7712547183036804,1.3951735496520996,-0.06464696675539017,0.6495950222015381,1.3720349073410034,0.06532958894968033,0.3981260657310486,0.7171035408973694,-0.18198975920677185,0.31773895025253296,0.717131495475769,-0.847091555595398,0.416703462600708,0.26220154762268066,-1.3855030536651611,0.45362067222595215,0.13964535295963287,-1.4844493865966797,0.4496951997280121,0.17604492604732513,-1.3811630010604858,0.431507408618927,1.3829864263534546,-0.06567700952291489
1771937649.8615482,0.5879961848258972,0.5052745342254639,-0.4779359698295593,0.6815422773361206,0.7478790879249573,0.127677321434021,0.7224763631820679,1.0139288902282715,0.14158755540847778,0.7849674224853516,1.3448994159698486,-0.025996480137109756,0.7940827012062073,1.4194163084030151,-0.11966454982757568,0.7713531255722046,1.3985263109207153,-0.05727468803524971,0.6498849987983704,1.3740404844284058,0.06557010114192963,0.3981249928474426,0.7170983552932739,-0.18389151990413666,0.3174052834510803,0.7196045517921448,-0.8288448452949524,0.4298832416534424,0.2562269866466522,-1.3158060312271118,0.46859821677207947,0.14745493233203888,-1.4144933223724365,0.4640222489833832,0.18058939278125763,-1.3132927417755127,0.4315449595451355,1.3856008052825928,-0.06591258198022842
1771937649.9171417,0.5879693031311035,0.5052980780601501,-0.4811461567878723,0.6815346479415894,0.7479000687599182,0.12366849184036255,0.7224733233451843,1.0140793323516846,0.13624486327171326,0.7863249778747559,1.3460438251495361,-0.0492134615778923,0.7957997918128967,1.4205259084701538,-0.14817683398723602,0.7726448178291321,1.3995884656906128,-0.0809704139828682,0.6500651240348816,1.3761184215545654,0.06626851856708527,0.3980028033256531,0.7168000936508179,-0.1843588650226593,0.3164578676223755,0.7275116443634033,-0.9015278816223145,0.4385519027709961,0.28616514801979065,-1.514949083328247,0.4845064580440521,0.1696668118238449,-1.6207234859466553,0.4791024625301361,0.20178967714309692,-1.503944993019104,0.4308774471282959,1.387367844581604,-0.0666264146566391
1771937649.971737,0.5880767107009888,0.5054228901863098,-0.47955307364463806,0.6815003156661987,0.7477757334709167,0.1287190318107605,0.7224894762039185,1.0138694047927856,0.12982694804668427,0.787805438041687,1.3449128866195679,-0.04937664419412613,0.7974773645401001,1.419266939163208,-0.15339085459709167,0.77414870262146,1.3986949920654297,-0.08216921985149384,0.6500884294509888,1.3765445947647095,0.06646083295345306,0.39773398637771606,0.7166690826416016,-0.18652740120887756,0.3164588510990143,0.7262586951255798,-0.8957887887954712,0.4545082449913025,0.29218390583992004,-1.4693514108657837,0.5047787427902222,0.18444561958312988,-1.5694420337677002,0.49828773736953735,0.21797285974025726,-1.4593305587768555,0.43079155683517456,1.3880404233932495,-0.06682021915912628
1771937650.0118234,0.5883308053016663,0.5056883096694946,-0.4859854578971863,0.6814959049224854,0.7476983666419983,0.12114723771810532,0.7226835489273071,1.013848066329956,0.11836586892604828,0.7890967130661011,1.3452799320220947,-0.11088575422763824,0.798587441444397,1.4205323457717896,-0.21856169402599335,0.7749311327934265,1.399686336517334,-0.1430891901254654,0.6503228545188904,1.3766847848892212,0.0675017237663269,0.3976564109325409,0.7164446115493774,-0.1942649632692337,0.3165040612220764,0.7232187390327454,-0.9785734415054321,0.47218388319015503,0.2955257296562195,-1.5939260721206665,0.5261509418487549,0.197293221950531,-1.689192771911621,0.5185092687606812,0.22900651395320892,-1.5784168243408203,0.43078160285949707,1.3882168531417847,-0.06788067519664764
1771937650.0797174,0.5894665122032166,0.5057926774024963,-0.4823787212371826,0.6814762353897095,0.7475841641426086,0.1259695440530777,0.722699761390686,1.0138355493545532,0.1146358996629715,0.7892881631851196,1.3455787897109985,-0.11730979382991791,0.79877769947052,1.42082679271698,-0.2273339480161667,0.7750972509384155,1.3998347520828247,-0.14997637271881104,0.650326132774353,1.37651526927948,0.06784134358167648,0.3977104127407074,0.7162685394287109,-0.19480034708976746,0.3155004382133484,0.7293657064437866,-0.9701199531555176,0.48604458570480347,0.30311405658721924,-1.534500241279602,0.5471140146255493,0.20768769085407257,-1.6229050159454346,0.5367175936698914,0.23917990922927856,-1.5193326473236084,0.43078669905662537,1.3878612518310547,-0.06822606176137924
1771937650.141255,0.5918163061141968,0.5058020949363708,-0.4450192451477051,0.6813905239105225,0.747419536113739,0.13442379236221313,0.7226679921150208,1.0138314962387085,0.1202976331114769,0.7892227172851562,1.3453924655914307,-0.10799907147884369,0.7986598610877991,1.4203840494155884,-0.21238446235656738,0.7749799489974976,1.399349331855774,-0.13949111104011536,0.6502822041511536,1.3767733573913574,0.06881049275398254,0.3976913392543793,0.716261088848114,-0.1968313604593277,0.31478139758110046,0.7355206608772278,-0.9495363235473633,0.499265193939209,0.31790387630462646,-1.4460052251815796,0.5656195878982544,0.22545789182186127,-1.5332318544387817,0.5529619455337524,0.2562914490699768,-1.4337546825408936,0.4308225214481354,1.3880807161331177,-0.06919263303279877
1771937650.2044697,0.5917880535125732,0.5055409073829651,-0.42989879846572876,0.6813563108444214,0.7473134398460388,0.1499352604150772,0.7227458953857422,1.013810634613037,0.11799520254135132,0.7920099496841431,1.3467460870742798,-0.1676107943058014,0.8015462160110474,1.422227144241333,-0.2861081063747406,0.7773756384849548,1.400820255279541,-0.2002345323562622,0.6502151489257812,1.3771306276321411,0.06877133995294571,0.3959807753562927,0.7162036299705505,-0.19332240521907806,0.3153454661369324,0.7241973876953125,-0.9478777050971985,0.5331169962882996,0.32950133085250854,-1.5440237522125244,0.6109001040458679,0.25754648447036743,-1.6416351795196533,0.5935512781143188,0.2878858745098114,-1.527899980545044,0.43039506673812866,1.3878772258758545,-0.06916750967502594
1771937650.262027,0.5917701125144958,0.5053492188453674,-0.44296693801879883,0.6813393831253052,0.7473124861717224,0.14312268793582916,0.722834050655365,1.0137505531311035,0.02281246893107891,0.7954627871513367,1.3356194496154785,-0.3820509910583496,0.8050944209098816,1.4054468870162964,-0.5215889811515808,0.7807250022888184,1.3860734701156616,-0.4171735644340515,0.6501256227493286,1.3773165941238403,0.06848806142807007,0.3943653404712677,0.7159751653671265,-0.20752552151679993,0.3162387013435364,0.7176182270050049,-0.9433501362800598,0.5585433840751648,0.3469241261482239,-1.525434136390686,0.6442405581474304,0.2843177616596222,-1.632138967514038,0.6253296136856079,0.3170609176158905,-1.5139116048812866,0.4297979772090912,1.3878731727600098,-0.06889518350362778
1771937650.322619,0.5916637182235718,0.5049288868904114,-0.4544829726219177,0.6818070411682129,0.7472017407417297,0.13521860539913177,0.7274197936058044,1.0137035846710205,-0.0028110721614211798,0.8058540225028992,1.3355973958969116,-0.4278351366519928,0.8161217570304871,1.4051246643066406,-0.5735231637954712,0.7906904220581055,1.3857061862945557,-0.4638608396053314,0.6508315205574036,1.3776161670684814,0.06801242381334305,0.3933126926422119,0.7159377336502075,-0.20762798190116882,0.3162570595741272,0.716661274433136,-0.9481614232063293,0.5757036209106445,0.3683919906616211,-1.5748271942138672,0.6692467927932739,0.30896279215812683,-1.6871427297592163,0.6489017605781555,0.34098994731903076,-1.5625059604644775,0.42982134222984314,1.3881585597991943,-0.06843301653862
1771937650.3787036,0.5915459990501404,0.5047873258590698,-0.45625537633895874,0.6818884611129761,0.7472012042999268,0.12630994617938995,0.7335175275802612,1.0194203853607178,-0.05554364249110222,0.8201347589492798,1.3354603052139282,-0.4915285110473633,0.832302451133728,1.4048492908477783,-0.641063928604126,0.8048883676528931,1.3855735063552856,-0.5283648371696472,0.650908350944519,1.3786275386810303,0.06759528070688248,0.39177343249320984,0.7159395217895508,-0.22150158882141113,0.3170016407966614,0.7132123708724976,-0.9893264770507812,0.5946066975593567,0.3866238296031952,-1.6479326486587524,0.6888828873634338,0.33003509044647217,-1.7637526988983154,0.6682530641555786,0.36557599902153015,-1.635361671447754,0.4295230805873871,1.3890923261642456,-0.06802613288164139
1771937650.4450004,0.5914608836174011,0.5043333172798157,-0.4665377736091614,0.6825073957443237,0.7470858693122864,0.12232998758554459,0.7391091585159302,1.0251063108444214,-0.10587775707244873,0.8267809152603149,1.336114525794983,-0.5528125166893005,0.8383828997612,1.4064487218856812,-0.7024979591369629,0.8104931712150574,1.3870350122451782,-0.5881286859512329,0.6512686014175415,1.3786404132843018,0.0665012076497078,0.39073532819747925,0.7158929705619812,-0.22159042954444885,0.31749582290649414,0.7150755524635315,-0.9616869688034058,0.6111148595809937,0.4221976399421692,-1.5870764255523682,0.7093874216079712,0.37451115250587463,-1.7006317377090454,0.6887772083282471,0.404655396938324,-1.576479434967041,0.4295507073402405,1.388782262802124,-0.06695189327001572
1771937650.499805,0.5913493037223816,0.504335343837738,-0.4753763675689697,0.6824983358383179,0.7470718622207642,0.11489570140838623,0.7405297756195068,1.025055170059204,-0.10345655679702759,0.8337967991828918,1.3359981775283813,-0.5307573080062866,0.8464416265487671,1.4061287641525269,-0.677757203578949,0.8179076910018921,1.386671543121338,-0.5662160515785217,0.6511921882629395,1.3785377740859985,0.06623287498950958,0.38989269733428955,0.7155073881149292,-0.22238914668560028,0.318062961101532,0.7178047299385071,-0.9316566586494446,0.6223480701446533,0.45168083906173706,-1.5491454601287842,0.7212278842926025,0.4114488959312439,-1.6642316579818726,0.6996440291404724,0.43609553575515747,-1.5394392013549805,0.4289696216583252,1.3882420063018799,-0.06669683009386063
1771937650.5698216,0.5912399291992188,0.5041085481643677,-0.48202887177467346,0.6827114224433899,0.7470185160636902,0.10502872616052628,0.7448189854621887,1.0242044925689697,-0.1454518884420395,0.8398348093032837,1.334898591041565,-0.6061737537384033,0.8510892987251282,1.4053809642791748,-0.7629662752151489,0.8227246999740601,1.3860182762145996,-0.6418589353561401,0.6512638926506042,1.3787819147109985,0.06552167236804962,0.38870614767074585,0.7155053615570068,-0.2286604940891266,0.31872448325157166,0.7224226593971252,-0.9403218030929565,0.6292892694473267,0.4788617193698883,-1.5938695669174194,0.7329097986221313,0.4380248486995697,-1.7178294658660889,0.7107575535774231,0.46079549193382263,-1.5834641456604004,0.4288405776023865,1.388014316558838,-0.0660024955868721
1771937650.6284683,0.5911881923675537,0.5041303038597107,-0.489141047000885,0.6832900643348694,0.746826708316803,0.10308299213647842,0.7508023977279663,1.0241570472717285,-0.16775621473789215,0.843795895576477,1.3357397317886353,-0.6207093000411987,0.8533533215522766,1.4072319269180298,-0.7753937244415283,0.8251676559448242,1.3872519731521606,-0.6544748544692993,0.6514147520065308,1.3799577951431274,0.06382223963737488,0.38818976283073425,0.7153167724609375,-0.22904519736766815,0.3193333148956299,0.7284623980522156,-0.942218005657196,0.6457378268241882,0.5118604898452759,-1.611318588256836,0.7491850256919861,0.48388177156448364,-1.7303720712661743,0.727946937084198,0.5032299757003784,-1.5991504192352295,0.42881137132644653,1.3879562616348267,-0.06433539092540741
1771937650.6986432,0.5911306142807007,0.5041272044181824,-0.46490511298179626,0.6832756400108337,0.7468998432159424,0.1129186600446701,0.7505111694335938,1.0241053104400635,-0.1637456864118576,0.8425641059875488,1.3362663984298706,-0.5914782285690308,0.8521900177001953,1.4084067344665527,-0.7429513931274414,0.8243498802185059,1.3879833221435547,-0.6254883408546448,0.651375412940979,1.3803441524505615,0.0638168677687645,0.3878701329231262,0.7150657176971436,-0.21830525994300842,0.32036203145980835,0.730843186378479,-0.8985319137573242,0.6562772393226624,0.5379418730735779,-1.498989462852478,0.7586363554000854,0.5156034827232361,-1.6184794902801514,0.7374647259712219,0.531857430934906,-1.4922292232513428,0.42833828926086426,1.387630820274353,-0.06433378159999847
1771937650.7616591,0.5910615921020508,0.5043850541114807,-0.4672327935695648,0.6832643747329712,0.7471529245376587,0.10981826484203339,0.7506829500198364,1.023851990699768,-0.16032099723815918,0.8454343676567078,1.3361114263534546,-0.6011494398117065,0.8555371165275574,1.4080389738082886,-0.7557863593101501,0.827487587928772,1.3876166343688965,-0.6358250379562378,0.6513121724128723,1.3809268474578857,0.06386525928974152,0.387421578168869,0.7151512503623962,-0.2176564633846283,0.3211713135242462,0.735130250453949,-0.8887213468551636,0.666733980178833,0.5590283274650574,-1.4963505268096924,0.7695844173431396,0.5404551029205322,-1.6137737035751343,0.7466323971748352,0.5549800395965576,-1.4871400594711304,0.4280944764614105,1.3875408172607422,-0.06438947468996048
1771937650.824483,0.5910161733627319,0.5048584938049316,-0.46703439950942993,0.6833617091178894,0.7475267648696899,0.1082591786980629,0.7507278323173523,1.0237840414047241,-0.1542709916830063,0.844660758972168,1.33745276927948,-0.5774717330932617,0.8544193506240845,1.4106279611587524,-0.7269269227981567,0.8267518281936646,1.3894813060760498,-0.6113085746765137,0.6514453887939453,1.3834282159805298,0.06389949470758438,0.38745182752609253,0.715395987033844,-0.21465341746807098,0.32220208644866943,0.73605877161026,-0.8825386166572571,0.6774939298629761,0.5776341557502747,-1.4846352338790894,0.7786596417427063,0.5666004419326782,-1.5931899547576904,0.7564011812210083,0.5797783136367798,-1.4727911949157715,0.42813268303871155,1.3886431455612183,-0.0644294023513794
1771937650.894262,0.5909410715103149,0.5048784017562866,-0.3942886292934418,0.6833871006965637,0.7480539083480835,0.1536373347043991,0.7504509091377258,1.0239651203155518,-0.13889099657535553,0.8433610796928406,1.3382437229156494,-0.5518859028816223,0.8532240986824036,1.4127453565597534,-0.6985758543014526,0.825880229473114,1.3910114765167236,-0.5860936641693115,0.65138840675354,1.3848590850830078,0.06393458694219589,0.3873751163482666,0.7153152823448181,-0.17477905750274658,0.3232575058937073,0.7368189096450806,-0.8492679595947266,0.6803463697433472,0.5919314622879028,-1.4211289882659912,0.7812587022781372,0.585808515548706,-1.532741904258728,0.7584361433982849,0.5971384048461914,-1.411868691444397,0.42789226770401,1.3887743949890137,-0.06446859240531921
1771937650.9589224,0.591224193572998,0.5052518248558044,-0.40896478295326233,0.6833769083023071,0.7485247254371643,0.14757880568504333,0.7502006888389587,1.0241048336029053,-0.13438847661018372,0.8431682586669922,1.3400685787200928,-0.5425317287445068,0.8529895544052124,1.4154902696609497,-0.6903349757194519,0.8258926272392273,1.3932615518569946,-0.5769369602203369,0.6513183116912842,1.3860528469085693,0.06400923430919647,0.38719087839126587,0.7153441309928894,-0.17728635668754578,0.3244686722755432,0.738453209400177,-0.8832343220710754,0.6922556161880493,0.6039518713951111,-1.4968807697296143,0.7890982627868652,0.6034385561943054,-1.606764554977417,0.7678598165512085,0.6144295930862427,-1.4821898937225342,0.4277639389038086,1.389247179031372,-0.06454121321439743
1771937651.0140715,0.5911511182785034,0.5053826570510864,-0.3795011639595032,0.6833683848381042,0.7492446303367615,0.1794104278087616,0.7500824332237244,1.0245624780654907,-0.10357847064733505,0.8424111604690552,1.3417365550994873,-0.5274714231491089,0.8529667854309082,1.4176589250564575,-0.670862078666687,0.8257957696914673,1.3949334621429443,-0.562177836894989,0.6512171030044556,1.388974905014038,0.06411534547805786,0.38660886883735657,0.7153502106666565,-0.15868455171585083,0.32554587721824646,0.7387970685958862,-0.8504864573478699,0.6962300539016724,0.6133416891098022,-1.425619125366211,0.7941673994064331,0.6166694164276123,-1.5403516292572021,0.772614598274231,0.6269509792327881,-1.4154112339019775,0.42706099152565,1.390523910522461,-0.06464854627847672
1771937651.0782938,0.5910717844963074,0.505627453327179,-0.3850633502006531,0.6834033727645874,0.749623715877533,0.170749694108963,0.7500158548355103,1.0244859457015991,-0.10169629007577896,0.8420025706291199,1.3430688381195068,-0.518622100353241,0.8522809147834778,1.4200122356414795,-0.6614359617233276,0.8254929780960083,1.3967849016189575,-0.5525692701339722,0.6511653661727905,1.3921674489974976,0.06237462908029556,0.3867591619491577,0.7154315710067749,-0.15188772976398468,0.32587647438049316,0.7392916083335876,-0.8370320200920105,0.6947360038757324,0.6215242743492126,-1.4288408756256104,0.7913616895675659,0.6221664547920227,-1.5369051694869995,0.7700433731079102,0.6338798403739929,-1.416155457496643,0.4270539879798889,1.3919035196304321,-0.06293885409832001
1771937651.1438847,0.5911606550216675,0.5059476494789124,-0.3710147738456726,0.6833877563476562,0.7508261203765869,0.18528200685977936,0.7497693300247192,1.0244554281234741,-0.10161980241537094,0.8438630104064941,1.3444966077804565,-0.579501748085022,0.8549721837043762,1.4221720695495605,-0.7429724931716919,0.8279250264167786,1.3986687660217285,-0.6163302063941956,0.6511272192001343,1.395283579826355,0.06240536645054817,0.38635653257369995,0.7155073285102844,-0.14437216520309448,0.3261588513851166,0.7411157488822937,-0.843499481678009,0.6939469575881958,0.6292755007743835,-1.4973655939102173,0.7932406663894653,0.6327895522117615,-1.6154063940048218,0.7715481519699097,0.6443289518356323,-1.4828548431396484,0.42645198106765747,1.3934271335601807,-0.06297749280929565
1771937651.2061985,0.5910922288894653,0.5060239434242249,-0.31352829933166504,0.6834233999252319,0.7516477108001709,0.22079730033874512,0.749998927116394,1.024383783340454,-0.09818504005670547,0.8434212803840637,1.3456422090530396,-0.5645976662635803,0.854347825050354,1.4245378971099854,-0.726455807685852,0.8275386095046997,1.4005191326141357,-0.6010998487472534,0.6510978937149048,1.3982497453689575,0.062348805367946625,0.38643568754196167,0.7155059576034546,-0.1048252210021019,0.32641837000846863,0.7418876886367798,-0.8185365796089172,0.6914820075035095,0.6336825489997864,-1.4463863372802734,0.788671612739563,0.6349027156829834,-1.5640206336975098,0.7671172618865967,0.6468681693077087,-1.4341849088668823,0.4263368248939514,1.3947789669036865,-0.06292960792779922
1771937651.2598667,0.591205894947052,0.5060320496559143,-0.3333207964897156,0.6841233372688293,0.7516438961029053,0.20456750690937042,0.7582988739013672,1.0242242813110352,-0.09638944268226624,0.8517489433288574,1.3457605838775635,-0.5476580262184143,0.860005259513855,1.4250621795654297,-0.7045932412147522,0.8332751393318176,1.4010930061340332,-0.583284854888916,0.6521607637405396,1.3997749090194702,0.06191597133874893,0.3865133225917816,0.7155233025550842,-0.1110016331076622,0.3265441060066223,0.7446483969688416,-0.8240488767623901,0.6866329908370972,0.6250986456871033,-1.4627223014831543,0.7860382795333862,0.617618203163147,-1.5738298892974854,0.7635713219642639,0.6311483979225159,-1.4487050771713257,0.42652449011802673,1.3962184190750122,-0.06250983476638794
1771937651.3117213,0.5911309123039246,0.5061153769493103,-0.3417002856731415,0.6842448711395264,0.7516542673110962,0.2007204294204712,0.7609704732894897,1.0241506099700928,-0.09446913748979568,0.8563238382339478,1.3482272624969482,-0.5449034571647644,0.8644717931747437,1.4290575981140137,-0.7022843956947327,0.8374487161636353,1.4046951532363892,-0.5805985927581787,0.6527060866355896,1.4003026485443115,0.06162959337234497,0.3861261010169983,0.7153527140617371,-0.10849045217037201,0.3266833424568176,0.7490266561508179,-0.8177369236946106,0.6815770864486694,0.6128416657447815,-1.478179693222046,0.7829607129096985,0.6007643342018127,-1.5925133228302002,0.7609254717826843,0.6153746247291565,-1.4637205600738525,0.4265832006931305,1.3963656425476074,-0.06223504617810249
1771937651.3779647,0.5910323858261108,0.5061710476875305,-0.3519028127193451,0.6842490434646606,0.7516269087791443,0.19099651277065277,0.7609721422195435,1.0240981578826904,-0.09693538397550583,0.8577481508255005,1.3500698804855347,-0.5846680402755737,0.8669598698616028,1.4315673112869263,-0.7519217133522034,0.8394888043403625,1.406887173652649,-0.622032642364502,0.6526331305503845,1.400277018547058,0.06154053658246994,0.3855492174625397,0.7152850031852722,-0.11411579698324203,0.32743290066719055,0.7523320913314819,-0.8130953907966614,0.6789158582687378,0.6012176871299744,-1.4644924402236938,0.7800290584564209,0.5833438634872437,-1.5813981294631958,0.7591347694396973,0.5992624163627625,-1.4513113498687744,0.42642131447792053,1.396041989326477,-0.06215507909655571
1771937651.4274545,0.5909382104873657,0.5058850646018982,-0.3861432671546936,0.6845199465751648,0.7515957355499268,0.18199747800827026,0.7631078958511353,1.0241163969039917,-0.1089889258146286,0.8619992136955261,1.3523019552230835,-0.5748220682144165,0.8715305328369141,1.4333643913269043,-0.7392666935920715,0.8438423275947571,1.408794641494751,-0.6122468709945679,0.6527786254882812,1.400088906288147,0.05992872267961502,0.3850822150707245,0.7145305871963501,-0.12555670738220215,0.3276831805706024,0.7567312717437744,-0.8983181715011597,0.6708216071128845,0.5711046457290649,-1.6687114238739014,0.773902177810669,0.5372868180274963,-1.799278974533081,0.7542459964752197,0.5578457117080688,-1.6549078226089478,0.4262354373931885,1.3955578804016113,-0.06056253984570503
1771937651.4951248,0.5908849835395813,0.5060984492301941,-0.4365409016609192,0.6845670342445374,0.7515477538108826,0.15225380659103394,0.7695807814598083,1.0246576070785522,-0.1402968019247055,0.875442624092102,1.34015953540802,-0.6032323837280273,0.8877431750297546,1.415238857269287,-0.7691479921340942,0.85895174741745,1.394196629524231,-0.6427477598190308,0.6527172923088074,1.4002916812896729,0.0600886344909668,0.38374462723731995,0.7145713567733765,-0.16737660765647888,0.3285842835903168,0.7575738430023193,-0.9486409425735474,0.6615419387817383,0.5284035801887512,-1.6975517272949219,0.7633734345436096,0.47694000601768494,-1.8392385244369507,0.744684100151062,0.5046499371528625,-1.689518928527832,0.4261416792869568,1.3962925672531128,-0.060722313821315765
1771937651.5626757,0.5908406972885132,0.5060955882072449,-0.44748368859291077,0.6845834255218506,0.7515456080436707,0.14286446571350098,0.7691776156425476,1.0245195627212524,-0.1356566995382309,0.8752468824386597,1.340025782585144,-0.5867078304290771,0.8880107998847961,1.4151700735092163,-0.7441662549972534,0.8592482805252075,1.3938978910446167,-0.6253093481063843,0.6527338624000549,1.3998808860778809,0.06022428348660469,0.3830723166465759,0.7145510315895081,-0.17176231741905212,0.3287287652492523,0.7613548636436462,-0.9704111814498901,0.6527437567710876,0.49669110774993896,-1.6856120824813843,0.7499352693557739,0.42788374423980713,-1.8091259002685547,0.7327986359596252,0.46153268218040466,-1.6745672225952148,0.42603206634521484,1.39614737033844,-0.06085628271102905
1771937651.6116028,0.5907617807388306,0.5061362981796265,-0.4641439914703369,0.6846927404403687,0.7515210509300232,0.13121022284030914,0.7687673568725586,1.0244749784469604,-0.1326477825641632,0.8730121850967407,1.3409044742584229,-0.5843563675880432,0.8858456611633301,1.4154722690582275,-0.7354546785354614,0.8575416803359985,1.3944863080978394,-0.6249266266822815,0.6527047753334045,1.3992691040039062,0.060362547636032104,0.3827624022960663,0.7144981622695923,-0.21584153175354004,0.3287452161312103,0.7637559771537781,-1.0661423206329346,0.6450115442276001,0.4645119905471802,-1.7828229665756226,0.737886369228363,0.3850969076156616,-1.890073537826538,0.7218495607376099,0.4231134355068207,-1.7666881084442139,0.42595869302749634,1.3957479000091553,-0.06099351495504379
1771937651.6751785,0.5906712412834167,0.5061337947845459,-0.4643111228942871,0.6846392750740051,0.7514999508857727,0.11271706968545914,0.7683843374252319,1.0242737531661987,-0.15062770247459412,0.8708982467651367,1.340203881263733,-0.5787670612335205,0.8838154077529907,1.4146569967269897,-0.7242964506149292,0.8559572100639343,1.3940544128417969,-0.6172086000442505,0.6525284051895142,1.3986462354660034,0.059635333716869354,0.38129159808158875,0.7144978046417236,-0.22300300002098083,0.3289314806461334,0.7638884782791138,-1.0233495235443115,0.6357540488243103,0.43491899967193604,-1.6690433025360107,0.7250116467475891,0.35045573115348816,-1.7793900966644287,0.7101917862892151,0.3862108290195465,-1.6593347787857056,0.4252277910709381,1.3954942226409912,-0.0602668933570385
1771937651.7292292,0.5914826989173889,0.5061312913894653,-0.5036891102790833,0.6846044063568115,0.7519114017486572,0.0823090523481369,0.768014669418335,1.0246031284332275,-0.15741604566574097,0.868948757648468,1.3408015966415405,-0.5593596696853638,0.882095992565155,1.415190577507019,-0.7025264501571655,0.8546642065048218,1.3947354555130005,-0.5973796844482422,0.6523473858833313,1.3982142210006714,0.059734731912612915,0.3812629282474518,0.7145300507545471,-0.2635686993598938,0.329959899187088,0.759314239025116,-1.0774115324020386,0.6204188466072083,0.376337468624115,-1.7330738306045532,0.6995033025741577,0.2790161073207855,-1.84893798828125,0.6873992681503296,0.3191804885864258,-1.7253013849258423,0.424536794424057,1.3955843448638916,-0.060368604958057404
1771937651.7784576,0.5923245549201965,0.5061065554618835,-0.5053198933601379,0.6845914721488953,0.7520198225975037,0.07941117882728577,0.7678935527801514,1.024793028831482,-0.13790757954120636,0.8688775897026062,1.341318130493164,-0.5162861347198486,0.8805715441703796,1.4155632257461548,-0.6486066579818726,0.852975070476532,1.3951770067214966,-0.5524090528488159,0.6522834897041321,1.3978317975997925,0.05987643450498581,0.3813294768333435,0.7145310640335083,-0.2669745087623596,0.32997316122055054,0.7644174695014954,-1.06184983253479,0.6040368676185608,0.36860623955726624,-1.7045164108276367,0.6759250164031982,0.24925225973129272,-1.8170928955078125,0.6660154461860657,0.2916277050971985,-1.6964929103851318,0.42436593770980835,1.3959187269210815,-0.060503602027893066
1771937651.8364167,0.5926584005355835,0.506127119064331,-0.515339195728302,0.684465765953064,0.752140462398529,0.07757647335529327,0.7676772475242615,1.0247455835342407,-0.13615715503692627,0.8676320314407349,1.3424572944641113,-0.49505919218063354,0.8798589706420898,1.416368842124939,-0.6184270977973938,0.8525906801223755,1.396017074584961,-0.5300134420394897,0.6522198915481567,1.3977224826812744,0.06200092285871506,0.3814849555492401,0.7145959734916687,-0.2940163016319275,0.33052271604537964,0.7613240480422974,-1.1004856824874878,0.5936468839645386,0.32959574460983276,-1.7097892761230469,0.660090982913971,0.21358078718185425,-1.815306305885315,0.6514889001846313,0.2524378001689911,-1.6991393566131592,0.42416444420814514,1.3962862491607666,-0.06261564791202545
1771937651.8782756,0.5928645730018616,0.5061460733413696,-0.537764847278595,0.6844647526741028,0.7521330118179321,0.07695568352937698,0.7672924399375916,1.024735689163208,-0.13373185694217682,0.8663867115974426,1.3433531522750854,-0.4896396994590759,0.8792688250541687,1.41737699508667,-0.6156309843063354,0.8523775935173035,1.3970539569854736,-0.5248340964317322,0.6521583795547485,1.3975919485092163,0.06248968094587326,0.38162726163864136,0.7146000266075134,-0.3077780604362488,0.33053356409072876,0.7662798762321472,-1.1025667190551758,0.5811956524848938,0.32968950271606445,-1.7183637619018555,0.6426395773887634,0.20416639745235443,-1.828780174255371,0.6354430913925171,0.24235624074935913,-1.708329200744629,0.4240623116493225,1.3965867757797241,-0.06309758126735687
1771937651.932156,0.5928717255592346,0.5061436295509338,-0.5398136377334595,0.6844631433486938,0.7521145343780518,0.07392169535160065,0.7670004367828369,1.0246691703796387,-0.12704047560691833,0.8659034967422485,1.3443909883499146,-0.4657156467437744,0.8785367012023926,1.418876051902771,-0.5794256925582886,0.8512469530105591,1.398389458656311,-0.49804258346557617,0.6520971655845642,1.3972642421722412,0.06269706040620804,0.38175347447395325,0.7145257592201233,-0.30737316608428955,0.33030086755752563,0.7716462016105652,-1.0437155961990356,0.5688861012458801,0.33765822649002075,-1.5986080169677734,0.6259805560112,0.19997383654117584,-1.7104508876800537,0.6202126741409302,0.23592537641525269,-1.5938388109207153,0.4238070845603943,1.3968136310577393,-0.0632983148097992
1771937651.9911451,0.5927841663360596,0.5061414837837219,-0.5416405200958252,0.6844507455825806,0.7521114945411682,0.07167261838912964,0.7665481567382812,1.0246320962905884,-0.1258154809474945,0.8658723831176758,1.3455220460891724,-0.44784069061279297,0.8768821954727173,1.4202473163604736,-0.5514577627182007,0.8495938181877136,1.3997055292129517,-0.47771939635276794,0.652199923992157,1.3967198133468628,0.06277602910995483,0.3819224536418915,0.7143992781639099,-0.3064430356025696,0.3300218880176544,0.7766260504722595,-0.9948841333389282,0.5587767362594604,0.33669736981391907,-1.5296190977096558,0.6111546158790588,0.1882978081703186,-1.6411737203598022,0.6076436638832092,0.2290283888578415,-1.5275137424468994,0.4238789677619934,1.3965535163879395,-0.06338094174861908
1771937652.0468292,0.592694878578186,0.5061281323432922,-0.5420305132865906,0.6844741702079773,0.752109706401825,0.07789294421672821,0.766168475151062,1.0246161222457886,-0.12087216228246689,0.8647314310073853,1.3460769653320312,-0.44194158911705017,0.8763905763626099,1.4211524724960327,-0.547807514667511,0.8494000434875488,1.4005579948425293,-0.47231417894363403,0.6524143218994141,1.396210789680481,0.06378595530986786,0.38205355405807495,0.7144041657447815,-0.3045685887336731,0.32982659339904785,0.7797690033912659,-0.9662801027297974,0.5495059490203857,0.3255840539932251,-1.4923083782196045,0.5978223085403442,0.17711909115314484,-1.6022647619247437,0.5962042808532715,0.21717551350593567,-1.48992121219635,0.4239560663700104,1.3963643312454224,-0.06438561528921127
1771937652.0947697,0.5926474332809448,0.5061272978782654,-0.5429242849349976,0.6845425367355347,0.7521476745605469,0.08097787946462631,0.7657433748245239,1.0246422290802002,-0.1083354577422142,0.8640440106391907,1.3489724397659302,-0.4327566623687744,0.8762396574020386,1.424759030342102,-0.5343853235244751,0.8492454290390015,1.4035556316375732,-0.4624890685081482,0.6527645587921143,1.3960731029510498,0.06423395127058029,0.3821548819541931,0.7144280672073364,-0.2997465133666992,0.3298394978046417,0.7767620086669922,-0.9277749061584473,0.5414205193519592,0.30893224477767944,-1.4287734031677246,0.5863730311393738,0.1608910709619522,-1.5539801120758057,0.5862417817115784,0.1994236558675766,-1.434739589691162,0.4240342676639557,1.3963992595672607,-0.0648316890001297
1771937652.1465092,0.5926364660263062,0.506197988986969,-0.5441079139709473,0.6845341920852661,0.7521141767501831,0.08060862869024277,0.7655206322669983,1.0245709419250488,-0.08832553029060364,0.8631895184516907,1.348773717880249,-0.3950851261615753,0.8754279017448425,1.4242626428604126,-0.4879586100578308,0.8487594723701477,1.4030909538269043,-0.4239714741706848,0.6529716849327087,1.3956588506698608,0.06429372727870941,0.38230881094932556,0.7144259810447693,-0.295875608921051,0.3298289477825165,0.7802085280418396,-0.8958786725997925,0.5345368981361389,0.3116260766983032,-1.3771313428878784,0.5775213241577148,0.1646297723054886,-1.5155659914016724,0.5789476037025452,0.20312906801700592,-1.3886774778366089,0.4240974485874176,1.3964595794677734,-0.06488402187824249
1771937652.2040522,0.5925628542900085,0.506182074546814,-0.5460343956947327,0.6847560405731201,0.752104640007019,0.07898017764091492,0.7651070952415466,1.024553894996643,-0.06888548284769058,0.8615866899490356,1.348732590675354,-0.3550715148448944,0.8739062547683716,1.4237807989120483,-0.44593682885169983,0.847531795501709,1.402701497077942,-0.3846803605556488,0.653367817401886,1.3957111835479736,0.06452550739049911,0.38235849142074585,0.7145401835441589,-0.2951759994029999,0.32983431220054626,0.7843381762504578,-0.891025185585022,0.5330021381378174,0.3246556520462036,-1.4076710939407349,0.5753539204597473,0.1724672019481659,-1.5360136032104492,0.5785433053970337,0.2116536647081375,-1.4145233631134033,0.4241337180137634,1.3971478939056396,-0.06510347872972488
1771937652.2467163,0.5928221940994263,0.5061895251274109,-0.5309767127037048,0.6847688555717468,0.7521526217460632,0.0895543098449707,0.7650876045227051,1.0244905948638916,-0.03181646019220352,0.8608781099319458,1.3485685586929321,-0.2895362973213196,0.873611330986023,1.4232738018035889,-0.3720366656780243,0.8474780321121216,1.4022557735443115,-0.31879663467407227,0.6534450054168701,1.395387053489685,0.06576164066791534,0.38247957825660706,0.7148813605308533,-0.2930840849876404,0.3298399746417999,0.7843815088272095,-0.8790192604064941,0.5316115617752075,0.3180943727493286,-1.370221495628357,0.5711796283721924,0.15901140868663788,-1.4910558462142944,0.5766677260398865,0.2002374678850174,-1.375619649887085,0.4241918921470642,1.3974145650863647,-0.066318579018116
1771937652.305787,0.5927585959434509,0.5062198042869568,-0.525847315788269,0.6848915815353394,0.7521418929100037,0.08874465525150299,0.7648872137069702,1.0244508981704712,-0.028808942064642906,0.859809398651123,1.3482978343963623,-0.28510773181915283,0.8725069165229797,1.4229267835617065,-0.3667832016944885,0.8466496467590332,1.4019906520843506,-0.31394779682159424,0.6535340547561646,1.3949017524719238,0.06517478078603745,0.38250356912612915,0.7151878476142883,-0.26669198274612427,0.3298496901988983,0.7861842513084412,-0.824607253074646,0.5298449397087097,0.31549516320228577,-1.1801679134368896,0.5704951882362366,0.15487711131572723,-1.2429044246673584,0.5741084814071655,0.19465218484401703,-1.1726285219192505,0.4242289960384369,1.3971259593963623,-0.06572380661964417
1771937652.3479486,0.5927619338035583,0.5062296390533447,-0.5286442041397095,0.6849680542945862,0.7521311640739441,0.08575698733329773,0.7645651698112488,1.0243914127349854,-0.020414836704730988,0.859538197517395,1.3495455980300903,-0.26545873284339905,0.8715161085128784,1.423953890800476,-0.3460081219673157,0.8456382751464844,1.402862310409546,-0.2942752540111542,0.6539314389228821,1.3944543600082397,0.06521561741828918,0.38288405537605286,0.7152436375617981,-0.2650897800922394,0.3298569321632385,0.7884235978126526,-0.8170380592346191,0.527571976184845,0.3103037178516388,-1.146277666091919,0.5677652955055237,0.15550892055034637,-1.1901681423187256,0.5694626569747925,0.19288040697574615,-1.1324656009674072,0.42453426122665405,1.3968557119369507,-0.06575963646173477
1771937652.3974953,0.5927585959434509,0.506266176700592,-0.5549729466438293,0.6850407123565674,0.7521392703056335,0.08466000109910965,0.7645119428634644,1.0243319272994995,-0.024142567068338394,0.8593103289604187,1.3494137525558472,-0.28575247526168823,0.8704484105110168,1.4234564304351807,-0.37241798639297485,0.8444911241531372,1.4024181365966797,-0.315978080034256,0.6540924906730652,1.3940188884735107,0.06585221737623215,0.38293981552124023,0.7155372500419617,-0.2745775580406189,0.3297099471092224,0.7916087508201599,-0.8496411442756653,0.5228010416030884,0.31647393107414246,-1.2508113384246826,0.5621014833450317,0.16326577961444855,-1.3190516233444214,0.5623505711555481,0.20185039937496185,-1.2408976554870605,0.4245830178260803,1.3966044187545776,-0.06638874858617783
1771937652.4464657,0.5926663279533386,0.5062711834907532,-0.5538266897201538,0.6851964592933655,0.7522284388542175,0.08150418847799301,0.7641268968582153,1.0243268013000488,-0.02422863058745861,0.8587769269943237,1.3494383096694946,-0.2879762351512909,0.8702508211135864,1.4233956336975098,-0.3736512362957001,0.8440796136856079,1.402241587638855,-0.31796687841415405,0.6541829705238342,1.3936485052108765,0.06595073640346527,0.38301903009414673,0.7157608866691589,-0.2646004855632782,0.3297197222709656,0.7946455478668213,-0.806218147277832,0.5180507898330688,0.32616645097732544,-1.0986051559448242,0.5549682378768921,0.18170493841171265,-1.1467020511627197,0.5535404086112976,0.2195890247821808,-1.0861657857894897,0.424640417098999,1.3964630365371704,-0.06648590415716171
1771937652.5083933,0.5928477644920349,0.5063295960426331,-0.5555170178413391,0.6852942705154419,0.7522182464599609,0.08052947372198105,0.7640796899795532,1.024471402168274,-0.02523529902100563,0.8586311340332031,1.3493436574935913,-0.28867846727371216,0.8690932393074036,1.4230022430419922,-0.3738532066345215,0.8427248001098633,1.4018946886062622,-0.31858184933662415,0.6542003750801086,1.393441081047058,0.06605546921491623,0.3831830620765686,0.7158696055412292,-0.2643665671348572,0.32969507575035095,0.7975527048110962,-0.8051238059997559,0.5128067135810852,0.3328140079975128,-1.1555867195129395,0.5481785535812378,0.1760377138853073,-1.2155719995498657,0.5452017784118652,0.21364860236644745,-1.1460559368133545,0.4246675968170166,1.3960604667663574,-0.06659092754125595
1771937652.5730345,0.5928339958190918,0.5063326954841614,-0.5570071935653687,0.6853626370429993,0.7522439956665039,0.07778196036815643,0.7638038396835327,1.0244282484054565,-0.02494463510811329,0.8580330014228821,1.349105715751648,-0.2882075607776642,0.8675498962402344,1.4224852323532104,-0.374426931142807,0.8410423994064331,1.4014064073562622,-0.3181341290473938,0.6541751027107239,1.393035888671875,0.06606864184141159,0.3834545910358429,0.7159711122512817,-0.26290860772132874,0.3297036290168762,0.8001422882080078,-0.7957368493080139,0.5055098533630371,0.3540436923503876,-1.1652733087539673,0.5359839200973511,0.23377113044261932,-1.2319432497024536,0.5365569591522217,0.273036390542984,-1.1585800647735596,0.42468276619911194,1.3956125974655151,-0.06659750640392303
1771937652.6220002,0.592909038066864,0.506357729434967,-0.578872799873352,0.6854291558265686,0.752249002456665,0.07004949450492859,0.763735830783844,1.0243877172470093,-0.029576102271676064,0.8573929667472839,1.348883032798767,-0.29254791140556335,0.8650627136230469,1.4219849109649658,-0.3790735602378845,0.8386493921279907,1.4009491205215454,-0.322598397731781,0.6541305780410767,1.3927836418151855,0.0666029155254364,0.3836110234260559,0.7160584926605225,-0.27432987093925476,0.3296889364719391,0.8026405572891235,-0.8694364428520203,0.5012038946151733,0.3426828980445862,-1.371305227279663,0.5296745300292969,0.20256823301315308,-1.4616670608520508,0.5285007953643799,0.24316620826721191,-1.3665107488632202,0.4247356057167053,1.39519202709198,-0.06711563467979431
1771937652.6616814,0.5928462147712708,0.5063737034797668,-0.5795178413391113,0.6855691075325012,0.7522727251052856,0.06769399344921112,0.7635388970375061,1.0244230031967163,-0.027137601748108864,0.8558972477912903,1.3486634492874146,-0.2853783667087555,0.862237274646759,1.421496868133545,-0.3716837167739868,0.8358604311943054,1.4004913568496704,-0.3153512477874756,0.6541334390640259,1.3923743963241577,0.06671157479286194,0.3840070366859436,0.7161194682121277,-0.2743348479270935,0.3296879529953003,0.8050469160079956,-0.8672634959220886,0.49709272384643555,0.34719982743263245,-1.3730357885360718,0.5236713886260986,0.19970782101154327,-1.4664450883865356,0.5213726758956909,0.24349211156368256,-1.3700462579727173,0.4247674345970154,1.3947699069976807,-0.06721444427967072
1771937652.727676,0.5929645299911499,0.5064619779586792,-0.5791008472442627,0.6855710744857788,0.7522764801979065,0.06555153429508209,0.7632971405982971,1.0244107246398926,-0.027127932757139206,0.8551837205886841,1.3485685586929321,-0.2857291102409363,0.8606378436088562,1.421233892440796,-0.372219979763031,0.8342766761779785,1.4002548456192017,-0.31563466787338257,0.6541632413864136,1.3921164274215698,0.06675955653190613,0.3841444253921509,0.7161195874214172,-0.27223578095436096,0.3296974301338196,0.8053962588310242,-0.8536127209663391,0.49356579780578613,0.33095917105674744,-1.3527653217315674,0.520082414150238,0.17897869646549225,-1.45009446144104,0.516965389251709,0.21808883547782898,-1.3519351482391357,0.42480921745300293,1.394666314125061,-0.06726714968681335
1771937652.7803771,0.5932474136352539,0.5065388083457947,-0.579535722732544,0.6856105923652649,0.7522950768470764,0.06051924079656601,0.7628940343856812,1.024362325668335,-0.030241921544075012,0.8527745008468628,1.3482117652893066,-0.28626951575279236,0.8568742871284485,1.4208728075027466,-0.37270301580429077,0.830662727355957,1.4001145362854004,-0.3160604238510132,0.6541121602058411,1.3920336961746216,0.0667789950966835,0.38468238711357117,0.7161656618118286,-0.2722400426864624,0.32956060767173767,0.8069852590560913,-0.8668583035469055,0.4899444580078125,0.339893639087677,-1.4230927228927612,0.5171717405319214,0.1854730248451233,-1.5277009010314941,0.5120900869369507,0.22340679168701172,-1.4242537021636963,0.42485904693603516,1.3943217992782593,-0.06728386133909225
1771937652.859713,0.5931629538536072,0.5065930485725403,-0.5998526215553284,0.6856504678726196,0.7522861957550049,0.04960637539625168,0.7628016471862793,1.0243057012557983,-0.040104132145643234,0.8516570329666138,1.3473765850067139,-0.29878807067871094,0.8559491038322449,1.4195917844772339,-0.3864189386367798,0.8299823999404907,1.3990931510925293,-0.32874828577041626,0.6540583372116089,1.3918119668960571,0.0668095201253891,0.38479843735694885,0.7161455750465393,-0.27264827489852905,0.32918626070022583,0.8090795874595642,-0.8599669337272644,0.48847657442092896,0.34209662675857544,-1.4055538177490234,0.5146320462226868,0.19190214574337006,-1.5128426551818848,0.5088135600090027,0.22708497941493988,-1.408638596534729,0.42485541105270386,1.3940294981002808,-0.06731341779232025
1771937652.9122427,0.5933390855789185,0.5066136121749878,-0.613028347492218,0.6856828331947327,0.752278208732605,0.03410059213638306,0.7626036405563354,1.0242584943771362,-0.055167920887470245,0.8508518934249878,1.3471888303756714,-0.3139461874961853,0.85430908203125,1.4191850423812866,-0.4036995470523834,0.8282023668289185,1.398694396018982,-0.34420740604400635,0.6540042757987976,1.3917186260223389,0.06690530478954315,0.3848811089992523,0.7161436080932617,-0.2789769768714905,0.3289867341518402,0.8107140064239502,-0.8829638361930847,0.48680830001831055,0.3442354202270508,-1.4455474615097046,0.5129423141479492,0.1924613118171692,-1.5567376613616943,0.505395770072937,0.22685714066028595,-1.4487903118133545,0.42491403222084045,1.3939181566238403,-0.06741039454936981
1771937652.9880686,0.5932598114013672,0.5066366791725159,-0.6134432554244995,0.6858173608779907,0.752275288105011,0.03324119374155998,0.7618961930274963,1.024214267730713,-0.04115345701575279,0.8469685316085815,1.3471742868423462,-0.2575399875640869,0.8496958017349243,1.4189001321792603,-0.33862611651420593,0.8239396810531616,1.3984547853469849,-0.2858309745788574,0.6540728807449341,1.3912118673324585,0.06635604053735733,0.3850116729736328,0.7161434292793274,-0.2696339786052704,0.3289669454097748,0.8121042847633362,-0.8721473813056946,0.48573485016822815,0.3479037880897522,-1.4100074768066406,0.5105445981025696,0.19858615100383759,-1.5372241735458374,0.5024255514144897,0.23081699013710022,-1.4180400371551514,0.42503470182418823,1.3934835195541382,-0.06685799360275269
1771937653.0282595,0.5932085514068604,0.5066775679588318,-0.6152914762496948,0.6858099102973938,0.7522721886634827,0.022608613595366478,0.7614423036575317,1.024161696434021,-0.05017632991075516,0.8434341549873352,1.3471760749816895,-0.2705129086971283,0.8446651697158813,1.4188255071640015,-0.35178035497665405,0.8192185163497925,1.3982518911361694,-0.29808008670806885,0.6540254354476929,1.3910611867904663,0.06610997021198273,0.3852570056915283,0.7161692380905151,-0.2691550850868225,0.32872846722602844,0.813311755657196,-0.8565020561218262,0.4849798083305359,0.34937286376953125,-1.3770016431808472,0.509574294090271,0.19697421789169312,-1.5137948989868164,0.49985653162002563,0.22891280055046082,-1.3886735439300537,0.4250718951225281,1.3934658765792847,-0.06660405546426773
1771937653.0839896,0.593272864818573,0.5067074298858643,-0.6200221180915833,0.6858180165290833,0.7522638440132141,0.0223170705139637,0.7608242034912109,1.024109125137329,-0.05034274980425835,0.8429021835327148,1.3456405401229858,-0.276583731174469,0.8441640138626099,1.4171340465545654,-0.36095181107521057,0.8187626600265503,1.3964987993240356,-0.3046475350856781,0.6540690660476685,1.3902437686920166,0.06586883217096329,0.3855600953102112,0.716183602809906,-0.26599618792533875,0.32876524329185486,0.810546875,-0.8407713174819946,0.484856516122818,0.37563151121139526,-1.352583646774292,0.5075585246086121,0.24692974984645844,-1.4854792356491089,0.4992573857307434,0.278950572013855,-1.3641053438186646,0.4252988398075104,1.392716884613037,-0.06636238098144531
1771937653.1283886,0.5932811498641968,0.506673276424408,-0.6254785656929016,0.6858268976211548,0.7523111701011658,0.0005653591942973435,0.7605656385421753,1.0240601301193237,-0.06313619762659073,0.8426491022109985,1.3453071117401123,-0.2817930579185486,0.8439246416091919,1.4164658784866333,-0.36472606658935547,0.8187278509140015,1.3960251808166504,-0.3097057044506073,0.6540473699569702,1.3893855810165405,0.06577609479427338,0.3858494162559509,0.7161851525306702,-0.2685902714729309,0.3284662663936615,0.8116077184677124,-0.8292957544326782,0.48415693640708923,0.36846330761909485,-1.3233928680419922,0.5065261125564575,0.22934192419052124,-1.4533827304840088,0.49905282258987427,0.2637600600719452,-1.3347697257995605,0.4253619313240051,1.3921282291412354,-0.0662623941898346
1771937653.1950116,0.5932641625404358,0.5066732168197632,-0.6276205778121948,0.6859598755836487,0.7523893117904663,-0.003944302909076214,0.760455310344696,1.0240397453308105,-0.06273327767848969,0.8423420786857605,1.3451637029647827,-0.274496853351593,0.8429643511772156,1.4161815643310547,-0.35714465379714966,0.8176983594894409,1.395727515220642,-0.302247017621994,0.6539924144744873,1.3892388343811035,0.06580562889575958,0.3858967423439026,0.7162504196166992,-0.2696579396724701,0.32788747549057007,0.8132723569869995,-0.8470929265022278,0.4829416871070862,0.3621841073036194,-1.3750479221343994,0.5062364339828491,0.21155819296836853,-1.4931241273880005,0.4981755316257477,0.2464018613100052,-1.3816182613372803,0.4254249036312103,1.3919295072555542,-0.0662895068526268
1771937653.2550817,0.5931969285011292,0.5067163705825806,-0.639668345451355,0.6863444447517395,0.7523828744888306,-0.0045698159374296665,0.7602895498275757,1.024000644683838,-0.06304117292165756,0.8416587710380554,1.3450607061386108,-0.2886964678764343,0.841219425201416,1.4158798456192017,-0.38238900899887085,0.8163277506828308,1.3954871892929077,-0.3174055218696594,0.6544058322906494,1.3892269134521484,0.06545566022396088,0.38633060455322266,0.7162516117095947,-0.2585631310939789,0.32789361476898193,0.8148481249809265,-0.8386473655700684,0.48100271821022034,0.416755735874176,-1.357873797416687,0.5034223794937134,0.2967433035373688,-1.4872993230819702,0.49680295586586,0.3231305778026581,-1.3679792881011963,0.42599692940711975,1.3916542530059814,-0.06593935191631317
1771937653.2954817,0.5935313105583191,0.5067920684814453,-0.6436589360237122,0.6863319873809814,0.7524591088294983,-0.005853200331330299,0.7597017288208008,1.023990511894226,-0.061771463602781296,0.8397971987724304,1.345048427581787,-0.2767276167869568,0.839033305644989,1.415825605392456,-0.367313027381897,0.8141624331474304,1.3953760862350464,-0.30486947298049927,0.6543551087379456,1.3891022205352783,0.06527432054281235,0.38654372096061707,0.7162517309188843,-0.25873467326164246,0.32739517092704773,0.8157230615615845,-0.8291957974433899,0.4798283576965332,0.3863162398338318,-1.3313772678375244,0.501608669757843,0.2464277148246765,-1.4573867321014404,0.4965110719203949,0.28653615713119507,-1.3407965898513794,0.42604899406433105,1.3916115760803223,-0.06575475633144379
1771937653.3554,0.5936177968978882,0.5067908763885498,-0.647632896900177,0.6863560080528259,0.7524515986442566,-0.00933039840310812,0.7593358755111694,1.0239492654800415,-0.06588853895664215,0.835731029510498,1.3449413776397705,-0.2853606939315796,0.8333753347396851,1.4155248403549194,-0.3762042224407196,0.8087606430053711,1.3950886726379395,-0.3135356307029724,0.6543011665344238,1.3887990713119507,0.065362349152565,0.387050062417984,0.7161000967025757,-0.26305317878723145,0.32716870307922363,0.8174008727073669,-0.8560117483139038,0.47891634702682495,0.38133102655410767,-1.3914755582809448,0.5012714862823486,0.23168455064296722,-1.5097863674163818,0.49556294083595276,0.2729153335094452,-1.3966988325119019,0.4260765612125397,1.3913687467575073,-0.06584545969963074
1771937653.403533,0.5935998558998108,0.5068214535713196,-0.6462927460670471,0.6864408254623413,0.7525383830070496,-0.009416102431714535,0.7583855390548706,1.0239869356155396,-0.06553443521261215,0.8278917074203491,1.3452385663986206,-0.28267040848731995,0.8238965272903442,1.4159797430038452,-0.37265175580978394,0.7999051809310913,1.3954312801361084,-0.31038710474967957,0.6541089415550232,1.3882102966308594,0.06451906263828278,0.3874574303627014,0.7160753607749939,-0.25730153918266296,0.32662492990493774,0.8185768127441406,-0.8424034118652344,0.47708454728126526,0.3720088303089142,-1.3565541505813599,0.5006047487258911,0.21316470205783844,-1.4804338216781616,0.4955046772956848,0.2542914152145386,-1.3642176389694214,0.4260271489620209,1.3905378580093384,-0.0649988129734993
1771937653.4524083,0.5935448408126831,0.5068470239639282,-0.657727062702179,0.6865979433059692,0.7526219487190247,-0.023105010390281677,0.7579396963119507,1.0239616632461548,-0.07980544120073318,0.8258311152458191,1.3454502820968628,-0.3015917241573334,0.8213486671447754,1.4159542322158813,-0.3945549726486206,0.7973964810371399,1.3954367637634277,-0.3294755518436432,0.6540653109550476,1.3880459070205688,0.06442898511886597,0.38757699728012085,0.7160773873329163,-0.26035863161087036,0.3260379433631897,0.820008397102356,-0.849504292011261,0.47406014800071716,0.37375935912132263,-1.385749340057373,0.5000576376914978,0.20929653942584991,-1.5070436000823975,0.4932936728000641,0.25507083535194397,-1.3920199871063232,0.42605096101760864,1.3904755115509033,-0.06490495055913925
1771937653.5058165,0.5934921503067017,0.5068005919456482,-0.6579140424728394,0.6867054104804993,0.7528735995292664,-0.026126056909561157,0.7566124796867371,1.02419912815094,-0.08626493066549301,0.8188377618789673,1.3456047773361206,-0.3137565553188324,0.812283992767334,1.416239857673645,-0.4074234366416931,0.7889547944068909,1.3956040143966675,-0.3410239815711975,0.6540152430534363,1.3879998922348022,0.061769790947437286,0.3877817392349243,0.7160784602165222,-0.25483161211013794,0.3251524269580841,0.8167969584465027,-0.8419852256774902,0.4721151292324066,0.3555676341056824,-1.3574409484863281,0.49926719069480896,0.19777065515518188,-1.4860135316848755,0.4924045205116272,0.2399408519268036,-1.3669581413269043,0.4260430335998535,1.3903645277023315,-0.06225345656275749
1771937653.5480187,0.5936076641082764,0.5068495273590088,-0.6664530038833618,0.6868472695350647,0.752880334854126,-0.030763860791921616,0.7561637759208679,1.0241671800613403,-0.09719669818878174,0.8163169622421265,1.345470666885376,-0.34566015005111694,0.8091794848442078,1.415940761566162,-0.44781312346458435,0.786020815372467,1.3953144550323486,-0.37427955865859985,0.6540110111236572,1.3879334926605225,0.06159355491399765,0.3878447711467743,0.7160674333572388,-0.2573215067386627,0.3237052857875824,0.8169488906860352,-0.8685126304626465,0.46945062279701233,0.34894391894340515,-1.4598420858383179,0.49690166115760803,0.19375953078269958,-1.5894801616668701,0.48945188522338867,0.23525841534137726,-1.4657756090164185,0.42598453164100647,1.3903275728225708,-0.06207313388586044
1771937653.594908,0.5937680006027222,0.5070223212242126,-0.6699589490890503,0.6869966983795166,0.7531232237815857,-0.03491277992725372,0.7557531595230103,1.024288535118103,-0.09646416455507278,0.814204216003418,1.3457255363464355,-0.3453364670276642,0.8063052296638489,1.415967583656311,-0.44711679220199585,0.783294677734375,1.3954466581344604,-0.3742636442184448,0.6539915204048157,1.3876475095748901,0.061549149453639984,0.3879719078540802,0.7160999774932861,-0.2580111622810364,0.32202956080436707,0.8162793517112732,-0.8730511665344238,0.466905415058136,0.33912593126296997,-1.4683663845062256,0.4955548346042633,0.18335574865341187,-1.5913071632385254,0.4874893128871918,0.22690948843955994,-1.4727282524108887,0.42604130506515503,1.3900307416915894,-0.06202574446797371
1771937653.661755,0.5936964750289917,0.5071001648902893,-0.6716614961624146,0.6872437596321106,0.7532967925071716,-0.03697599843144417,0.7556873559951782,1.024579405784607,-0.0983118936419487,0.8140515089035034,1.345680832862854,-0.3483573794364929,0.8062990307807922,1.4156845808029175,-0.45143765211105347,0.7832853198051453,1.3952330350875854,-0.3775072693824768,0.6540209054946899,1.3874701261520386,0.060770876705646515,0.38817769289016724,0.7161530256271362,-0.2574959099292755,0.32007256150245667,0.8167880773544312,-0.8627942204475403,0.46350985765457153,0.33570849895477295,-1.4494667053222656,0.49363502860069275,0.18148070573806763,-1.5695997476577759,0.48539599776268005,0.22584152221679688,-1.453881859779358,0.42609086632728577,1.3898829221725464,-0.06124876067042351
1771937653.7230844,0.5937814712524414,0.5071741938591003,-0.6772409081459045,0.687315821647644,0.7534082531929016,-0.03788188844919205,0.7551918029785156,1.02482271194458,-0.09687231481075287,0.813467800617218,1.3456119298934937,-0.347523033618927,0.805665135383606,1.415392518043518,-0.45125216245651245,0.7826617360115051,1.3949841260910034,-0.37687331438064575,0.654233992099762,1.3873190879821777,0.060823310166597366,0.3883891999721527,0.7161871790885925,-0.2576190233230591,0.3185082972049713,0.8169690370559692,-0.8654824495315552,0.4606812000274658,0.33091646432876587,-1.4643644094467163,0.49196600914001465,0.18078318238258362,-1.5845894813537598,0.4834877550601959,0.2239609807729721,-1.468183159828186,0.42612171173095703,1.3898413181304932,-0.0613003745675087
1771937653.7947881,0.5937718749046326,0.5071831345558167,-0.6769464015960693,0.6873024702072144,0.7535166144371033,-0.03777190297842026,0.7536997199058533,1.0247766971588135,-0.09550513327121735,0.8108507394790649,1.3455363512039185,-0.34777721762657166,0.8026553392410278,1.4152170419692993,-0.4525008797645569,0.7798129320144653,1.3947489261627197,-0.3773494362831116,0.6542052030563354,1.3871169090270996,0.05985341593623161,0.3884986937046051,0.7162904143333435,-0.2543567717075348,0.31769463419914246,0.8162474036216736,-0.8570502996444702,0.4568629860877991,0.3270493447780609,-1.4600282907485962,0.488722562789917,0.1838831752538681,-1.5801163911819458,0.48052605986595154,0.22809386253356934,-1.464046597480774,0.4261666238307953,1.389574646949768,-0.0603332445025444
1771937653.852353,0.5937110185623169,0.5074201226234436,-0.6768278479576111,0.6873201131820679,0.7539016008377075,-0.03901123255491257,0.7532624006271362,1.0249096155166626,-0.11002250015735626,0.8095396757125854,1.345552682876587,-0.3818233609199524,0.8007662892341614,1.4150961637496948,-0.4912686347961426,0.7779221534729004,1.3947875499725342,-0.4118710458278656,0.6541591882705688,1.386853575706482,0.05954806134104729,0.38854581117630005,0.716576874256134,-0.25375184416770935,0.3175341486930847,0.8128311038017273,-0.8692034482955933,0.4519222676753998,0.32508739829063416,-1.5167815685272217,0.48411163687705994,0.18848970532417297,-1.6401021480560303,0.47614169120788574,0.23117920756340027,-1.520903468132019,0.42621859908103943,1.3893376588821411,-0.060028236359357834
1771937653.9293149,0.5938810110092163,0.5074948668479919,-0.6831362247467041,0.6873105764389038,0.7539545297622681,-0.04059309884905815,0.7529885768890381,1.024888277053833,-0.11355141550302505,0.8092426061630249,1.3454402685165405,-0.3930943012237549,0.8004162907600403,1.4148736000061035,-0.5063620805740356,0.7775682210922241,1.3947665691375732,-0.4242391586303711,0.6541423201560974,1.3867157697677612,0.059588462114334106,0.38866764307022095,0.7165764570236206,-0.2604594826698303,0.31706005334854126,0.8121283054351807,-0.9309698939323425,0.4476933479309082,0.3177209794521332,-1.6399638652801514,0.47986021637916565,0.18132992088794708,-1.7712459564208984,0.47184133529663086,0.2248341143131256,-1.6434293985366821,0.42627352476119995,1.3890825510025024,-0.060071516782045364
1771937653.9782796,0.5940040946006775,0.5075579881668091,-0.6830908060073853,0.6873567700386047,0.7538954019546509,-0.03839487209916115,0.7527572512626648,1.0248510837554932,-0.11335959285497665,0.8085976839065552,1.3453869819641113,-0.3924536108970642,0.7994318008422852,1.4147355556488037,-0.503329873085022,0.7766158580780029,1.3945484161376953,-0.42315787076950073,0.6542065739631653,1.3864859342575073,0.059815913438797,0.3887539505958557,0.7168006300926208,-0.2611740529537201,0.3150978088378906,0.8138735890388489,-0.9372192621231079,0.44220972061157227,0.3204759657382965,-1.6106675863265991,0.4749588370323181,0.18308572471141815,-1.7338793277740479,0.4665679931640625,0.2256673276424408,-1.6125946044921875,0.426297664642334,1.3890851736068726,-0.06029089540243149
1771937654.0296,0.593941330909729,0.5075742602348328,-0.6561812162399292,0.6874457597732544,0.7539128065109253,-0.032301075756549835,0.7526769638061523,1.0248675346374512,-0.11277081072330475,0.8083921670913696,1.3452720642089844,-0.3912619948387146,0.7993722558021545,1.4144772291183472,-0.5015016794204712,0.7765474319458008,1.3942968845367432,-0.42268961668014526,0.6542844772338867,1.386272668838501,0.059059590101242065,0.3889017701148987,0.7168012261390686,-0.23645460605621338,0.31349411606788635,0.8155481815338135,-0.8284046053886414,0.4370633661746979,0.3276999592781067,-1.3046457767486572,0.4703617990016937,0.1938207894563675,-1.3710870742797852,0.4619162082672119,0.23890520632266998,-1.2960240840911865,0.4263489842414856,1.3890191316604614,-0.05952882766723633
1771937654.0782714,0.5938891172409058,0.5076176524162292,-0.6569077372550964,0.6874324083328247,0.7539910674095154,-0.03239351138472557,0.7522721886634827,1.0248358249664307,-0.11064354330301285,0.8082974553108215,1.3449606895446777,-0.3889675736427307,0.7995603084564209,1.41373872756958,-0.5003702640533447,0.7766633629798889,1.393907070159912,-0.420553058385849,0.6542485356330872,1.3862031698226929,0.059239476919174194,0.3889532685279846,0.7171742916107178,-0.23881518840789795,0.3123503029346466,0.8170650601387024,-0.8405054211616516,0.43182268738746643,0.33312761783599854,-1.3495140075683594,0.4663090705871582,0.196095809340477,-1.4293289184570312,0.4574366509914398,0.2424706518650055,-1.3436071872711182,0.4263523519039154,1.3891503810882568,-0.05971068888902664
1771937654.1366222,0.5938433408737183,0.5076162815093994,-0.6494396924972534,0.6874194145202637,0.7540904879570007,-0.030922692269086838,0.7521787881851196,1.024940013885498,-0.10362394899129868,0.8082455396652222,1.3448364734649658,-0.3636837899684906,0.7995527386665344,1.4136223793029785,-0.4688328802585602,0.776660680770874,1.3937126398086548,-0.3944622874259949,0.6542083024978638,1.3859832286834717,0.058928705751895905,0.38918596506118774,0.7171497344970703,-0.23392482101917267,0.3115854859352112,0.8186598420143127,-0.8332494497299194,0.4268081784248352,0.3327077329158783,-1.3479771614074707,0.4617890417575836,0.1986444890499115,-1.4147436618804932,0.4528546929359436,0.2443096935749054,-1.3371410369873047,0.42639708518981934,1.3889638185501099,-0.05939837545156479
1771937654.1893694,0.5939306020736694,0.5076650977134705,-0.6570257544517517,0.6874734163284302,0.754112958908081,-0.031862083822488785,0.7521487474441528,1.0249173641204834,-0.10222681611776352,0.8082200884819031,1.3447037935256958,-0.36249667406082153,0.7997646331787109,1.4130641222000122,-0.46853527426719666,0.7768186926841736,1.393551230430603,-0.3935536742210388,0.654179036617279,1.3859996795654297,0.059122234582901,0.3892751932144165,0.7174189686775208,-0.24563458561897278,0.3104056119918823,0.8199579119682312,-0.9094288945198059,0.42200765013694763,0.33453887701034546,-1.5366438627243042,0.4567999839782715,0.19768331944942474,-1.632560133934021,0.44809603691101074,0.24463897943496704,-1.5302938222885132,0.4264475405216217,1.3893258571624756,-0.05958674103021622
1771937654.2280028,0.5938910841941833,0.5077686309814453,-0.6484435796737671,0.6874902844429016,0.7541494965553284,-0.025137925520539284,0.7517628073692322,1.0248723030090332,-0.08619692176580429,0.807475745677948,1.3446235656738281,-0.32313627004623413,0.7991370558738708,1.4128286838531494,-0.4204673767089844,0.7762116193771362,1.3933383226394653,-0.353384792804718,0.654289722442627,1.3859845399856567,0.05931314826011658,0.3894851803779602,0.7174935936927795,-0.24484603106975555,0.3086700737476349,0.8210370540618896,-0.890084445476532,0.41723155975341797,0.338784784078598,-1.4774341583251953,0.4510580599308014,0.202510267496109,-1.5817794799804688,0.4430156648159027,0.2476242333650589,-1.4759323596954346,0.4264829754829407,1.3895858526229858,-0.05977925658226013
1771937654.291102,0.5938750505447388,0.507854700088501,-0.6394363045692444,0.6874860525131226,0.7544779181480408,-0.020259900018572807,0.7515138983726501,1.024872899055481,-0.07078714668750763,0.8074389696121216,1.3445063829421997,-0.28055134415626526,0.7994670867919922,1.4127401113510132,-0.3712422847747803,0.7764520645141602,1.3931183815002441,-0.3107493817806244,0.6542878746986389,1.3863999843597412,0.05933462455868721,0.38959574699401855,0.717768669128418,-0.24519383907318115,0.3071742355823517,0.8212783336639404,-0.8870280385017395,0.41302624344825745,0.3390255570411682,-1.464453935623169,0.4472825527191162,0.2025023102760315,-1.568067193031311,0.44006919860839844,0.24843280017375946,-1.463385820388794,0.42653387784957886,1.3906358480453491,-0.059805531054735184
1771937654.3328273,0.5938469171524048,0.5079547166824341,-0.6367177367210388,0.6874984502792358,0.7545025944709778,-0.017725083976984024,0.7514990568161011,1.0248322486877441,-0.06346973031759262,0.8072598576545715,1.3447200059890747,-0.26987582445144653,0.7993682622909546,1.412682294845581,-0.35974302887916565,0.7763510942459106,1.393105387687683,-0.3000098168849945,0.6542568206787109,1.3862093687057495,0.059517912566661835,0.3896782398223877,0.7177467346191406,-0.24548017978668213,0.3059445023536682,0.8224747180938721,-0.8723655939102173,0.4094311594963074,0.33615443110466003,-1.4316017627716064,0.44252705574035645,0.2004832625389099,-1.5493569374084473,0.43574589490890503,0.24508215487003326,-1.4361122846603394,0.4265785217285156,1.3905154466629028,-0.05999057739973068
1771937654.3825777,0.5937900543212891,0.5079724192619324,-0.625684380531311,0.687503457069397,0.7545050382614136,-0.009906715713441372,0.7512689232826233,1.0248258113861084,-0.03862766548991203,0.807176947593689,1.3446109294891357,-0.20691151916980743,0.7993840575218201,1.4125843048095703,-0.2872905135154724,0.7763581275939941,1.3929083347320557,-0.23569035530090332,0.6542147994041443,1.3860125541687012,0.0595877580344677,0.38974717259407043,0.7177454233169556,-0.24407429993152618,0.30486899614334106,0.8238296508789062,-0.865375816822052,0.4049608111381531,0.3412933349609375,-1.421815276145935,0.4382856488227844,0.2022467702627182,-1.5331580638885498,0.43214482069015503,0.24805082380771637,-1.4246059656143188,0.42646223306655884,1.3904021978378296,-0.060055606067180634
1771937654.4295259,0.5937598347663879,0.5080055594444275,-0.6247634291648865,0.6874958276748657,0.7544926404953003,-0.0044459085911512375,0.7511152029037476,1.0247825384140015,-0.024134134873747826,0.8070915341377258,1.3445789813995361,-0.18743593990802765,0.79942786693573,1.412374496459961,-0.27078646421432495,0.7763873338699341,1.3927825689315796,-0.21675057709217072,0.6542460322380066,1.3862934112548828,0.05975722149014473,0.3897867500782013,0.7179063558578491,-0.24298255145549774,0.30370405316352844,0.8251203298568726,-0.8694378137588501,0.40063586831092834,0.3450421988964081,-1.466613531112671,0.4344030022621155,0.20460247993469238,-1.576616644859314,0.42882242798805237,0.2523801922798157,-1.4671101570129395,0.4265090525150299,1.3909279108047485,-0.06022537499666214
1771937654.4899683,0.5937083959579468,0.5081285834312439,-0.6169475317001343,0.6876013875007629,0.754513680934906,-0.0026870572473853827,0.7510577440261841,1.024790644645691,-0.024159301072359085,0.8070313334465027,1.344590663909912,-0.1879097819328308,0.7994129061698914,1.4121636152267456,-0.27425485849380493,0.7763790488243103,1.3926397562026978,-0.2175939828157425,0.654308021068573,1.3863955736160278,0.05993282049894333,0.3898613154888153,0.7180030941963196,-0.24161522090435028,0.30350756645202637,0.8237316608428955,-0.8605068922042847,0.39800703525543213,0.3402290642261505,-1.4494125843048096,0.43161073327064514,0.20236365497112274,-1.5604091882705688,0.4266304075717926,0.25140365958213806,-1.4507088661193848,0.42655524611473083,1.3911798000335693,-0.060401804745197296
1771937654.5481749,0.5936685800552368,0.5081960558891296,-0.6149108409881592,0.6876914501190186,0.7549099326133728,-0.002046413253992796,0.7510150671005249,1.0248643159866333,-0.024977555498480797,0.8073088526725769,1.344484806060791,-0.19194069504737854,0.8000377416610718,1.412073016166687,-0.2759067714214325,0.7768687009811401,1.3924306631088257,-0.22173142433166504,0.6545572876930237,1.3869374990463257,0.06001008674502373,0.38992059230804443,0.7184707522392273,-0.24225535988807678,0.30251115560531616,0.8226872086524963,-0.8889942169189453,0.3942157030105591,0.3415084779262543,-1.5097262859344482,0.428530216217041,0.20455367863178253,-1.619767427444458,0.4243491590023041,0.2522260844707489,-1.5094501972198486,0.4265762269496918,1.3923530578613281,-0.06048240140080452
1771937654.6226382,0.5936187505722046,0.5083199143409729,-0.6137499213218689,0.6876909732818604,0.7549142837524414,-0.0010427432134747505,0.7508865594863892,1.02482271194458,-0.02497703768312931,0.8072201013565063,1.3444139957427979,-0.19409987330436707,0.8001033067703247,1.4118611812591553,-0.2760609984397888,0.7769231200218201,1.3922245502471924,-0.2235211879014969,0.6547718644142151,1.386852502822876,0.059898655861616135,0.3901675343513489,0.7184599041938782,-0.23935608565807343,0.30213284492492676,0.8238587975502014,-0.8715723156929016,0.39156049489974976,0.3409612774848938,-1.4559557437896729,0.42532262206077576,0.2072933465242386,-1.5425174236297607,0.4216988980770111,0.2526589334011078,-1.4483171701431274,0.4266090989112854,1.3923923969268799,-0.06036663055419922
1771937654.681802,0.5935566425323486,0.5083866715431213,-0.6069170832633972,0.6877457499504089,0.7548859715461731,0.0011758824111893773,0.7507654428482056,1.0247814655303955,-0.025812814012169838,0.8071871995925903,1.3445250988006592,-0.21181578934192657,0.8000965118408203,1.4118614196777344,-0.294537752866745,0.776912271976471,1.3922464847564697,-0.24045276641845703,0.6549054384231567,1.3867433071136475,0.059369612485170364,0.3901793360710144,0.7185532450675964,-0.22806315124034882,0.30140718817710876,0.824720561504364,-0.8367825746536255,0.38934653997421265,0.3423874080181122,-1.370747447013855,0.42229002714157104,0.2089010626077652,-1.4365978240966797,0.4192981719970703,0.254192054271698,-1.3579334020614624,0.42662253975868225,1.3924102783203125,-0.05983646959066391
1771937654.7490606,0.5935160517692566,0.5083853602409363,-0.6073285341262817,0.6878178119659424,0.7548729777336121,0.0014070242177695036,0.7506963014602661,1.0247670412063599,-0.041146405041217804,0.8070443272590637,1.3446736335754395,-0.2997446358203888,0.7998306751251221,1.4120084047317505,-0.4023028314113617,0.7766324877738953,1.3924981355667114,-0.3307804763317108,0.6549375653266907,1.3866591453552246,0.05952475592494011,0.3902050852775574,0.7185689806938171,-0.22864314913749695,0.29991453886032104,0.8251591920852661,-0.8598292469978333,0.3863006830215454,0.34435781836509705,-1.4547598361968994,0.419522225856781,0.21170493960380554,-1.546156644821167,0.4170502722263336,0.2556508183479309,-1.4466371536254883,0.4266301691532135,1.3924708366394043,-0.059992335736751556
1771937654.813616,0.5935262441635132,0.5084205865859985,-0.6068394184112549,0.687843382358551,0.754895806312561,0.0008121089194901288,0.7503849267959595,1.024834156036377,-0.04323110356926918,0.8066514134407043,1.3451006412506104,-0.3014470338821411,0.7996901869773865,1.412153959274292,-0.40324434638023376,0.7764588594436646,1.3927299976348877,-0.3322969377040863,0.6548978090286255,1.3865429162979126,0.05890335887670517,0.3902738690376282,0.7188187837600708,-0.22875329852104187,0.2980436682701111,0.8259741067886353,-0.8568488359451294,0.38408026099205017,0.34315580129623413,-1.4182369709014893,0.41693058609962463,0.21240772306919098,-1.485588788986206,0.4146580696105957,0.25796228647232056,-1.4037549495697021,0.42664289474487305,1.3924453258514404,-0.059369444847106934
1771937654.8727484,0.5935890674591064,0.5084554553031921,-0.5973866581916809,0.6878993511199951,0.7549619674682617,0.000782507355324924,0.7503535747528076,1.024939775466919,-0.04322130233049393,0.8066150546073914,1.345188021659851,-0.2979806959629059,0.7998703718185425,1.4119722843170166,-0.397978812456131,0.7765825390815735,1.3926746845245361,-0.3286522626876831,0.6548584699630737,1.386712670326233,0.05908693000674248,0.3903154134750366,0.7190744876861572,-0.2294303923845291,0.29713374376296997,0.8271235823631287,-0.8529266119003296,0.38196951150894165,0.3412720561027527,-1.4052128791809082,0.41441425681114197,0.20631255209445953,-1.4811255931854248,0.4124952256679535,0.25351056456565857,-1.394960641860962,0.42668676376342773,1.3929427862167358,-0.05955411121249199
1771937654.9447567,0.5935584306716919,0.5084971189498901,-0.5960544347763062,0.6878964304924011,0.7549830079078674,0.002712262561544776,0.7498754262924194,1.0248990058898926,-0.0355236753821373,0.80657958984375,1.3451769351959229,-0.2796154022216797,0.7998725175857544,1.411795735359192,-0.3764059543609619,0.7765935659408569,1.392530918121338,-0.31003910303115845,0.6548193693161011,1.386618733406067,0.05902956798672676,0.3903248906135559,0.7191417217254639,-0.22812747955322266,0.2957453429698944,0.827881932258606,-0.8285428285598755,0.3798244893550873,0.343880832195282,-1.3046457767486572,0.41216325759887695,0.20955830812454224,-1.357057809829712,0.41033563017845154,0.2559681534767151,-1.2887749671936035,0.42663174867630005,1.3928903341293335,-0.05949566513299942
1771937655.0269463,0.5935200452804565,0.5084822177886963,-0.5954005718231201,0.6879554986953735,0.7550305724143982,0.0026369886472821236,0.749835729598999,1.0248830318450928,-0.03551308438181877,0.8065067529678345,1.3451687097549438,-0.27940604090690613,0.7999619245529175,1.4116528034210205,-0.37653857469558716,0.776656985282898,1.392406940460205,-0.3097802996635437,0.6547939777374268,1.3869792222976685,0.05890626832842827,0.39038652181625366,0.7191541194915771,-0.2276167869567871,0.2925216257572174,0.8285199403762817,-0.8200828433036804,0.37951362133026123,0.3395003378391266,-1.2892544269561768,0.41196584701538086,0.20187872648239136,-1.349775791168213,0.41028690338134766,0.24706122279167175,-1.2769062519073486,0.42655229568481445,1.3934566974639893,-0.05937451124191284
1771937655.0852191,0.5935021042823792,0.5085484385490417,-0.60211181640625,0.6881144642829895,0.7550336122512817,-0.00452080462127924,0.7497802972793579,1.0249398946762085,-0.048519402742385864,0.8062559366226196,1.3461012840270996,-0.29663702845573425,0.79978346824646,1.412778377532959,-0.39514023065567017,0.7764193415641785,1.3934228420257568,-0.3266110420227051,0.6547768115997314,1.3871325254440308,0.05899924039840698,0.3904595375061035,0.7192195057868958,-0.22805769741535187,0.28979894518852234,0.829376757144928,-0.8181142807006836,0.3795066177845001,0.3384096324443817,-1.2882624864578247,0.4119959771633148,0.1946314126253128,-1.3554317951202393,0.41028255224227905,0.24021606147289276,-1.2780117988586426,0.42643317580223083,1.3937103748321533,-0.05946674197912216
1771937655.1651876,0.5934460163116455,0.508538007736206,-0.6176937818527222,0.688109278678894,0.7550287842750549,-0.006106122862547636,0.7496757507324219,1.024983525276184,-0.05012006312608719,0.8062912225723267,1.3491554260253906,-0.2967900335788727,0.7999784350395203,1.4163039922714233,-0.3952622711658478,0.7765112519264221,1.3971165418624878,-0.32671982049942017,0.6547740697860718,1.3883233070373535,0.05993666127324104,0.3905363082885742,0.7192081212997437,-0.24740369617938995,0.28600993752479553,0.8298827409744263,-0.9609037637710571,0.3830389380455017,0.33907073736190796,-1.6123530864715576,0.42216214537620544,0.20164363086223602,-1.698207139968872,0.41872143745422363,0.24465209245681763,-1.596113681793213,0.42611759901046753,1.3953744173049927,-0.060401152819395065
1771937655.2261405,0.5934086441993713,0.5085155963897705,-0.6305766701698303,0.6882146596908569,0.7550577521324158,-0.00958927534520626,0.7495527863502502,1.0254199504852295,-0.05564345046877861,0.806527316570282,1.353574275970459,-0.29936015605926514,0.8005329966545105,1.421754240989685,-0.3977568745613098,0.7768700122833252,1.4022486209869385,-0.3289744257926941,0.6550010442733765,1.3888907432556152,0.0600108802318573,0.39061111211776733,0.7191404700279236,-0.2573619782924652,0.2807905077934265,0.8297334909439087,-1.0175896883010864,0.39156070351600647,0.3338770270347595,-1.7059106826782227,0.438742071390152,0.20551486313343048,-1.7927958965301514,0.43375396728515625,0.2454836368560791,-1.6874854564666748,0.4260860085487366,1.39609694480896,-0.06047191470861435
1771937655.2883806,0.5933663845062256,0.5084770321846008,-0.6315407156944275,0.6882259249687195,0.7549026012420654,-0.008629371412098408,0.7495379447937012,1.0253783464431763,-0.050422199070453644,0.8064948916435242,1.354335069656372,-0.28106147050857544,0.8007742166519165,1.4226070642471313,-0.3763638436794281,0.7770439386367798,1.4030169248580933,-0.3095405101776123,0.6551148295402527,1.3890069723129272,0.06009136512875557,0.3906818926334381,0.7189803719520569,-0.26007208228111267,0.2763715386390686,0.8300173282623291,-1.005454659461975,0.40159496665000916,0.3375910222530365,-1.6398565769195557,0.45807379484176636,0.21367768943309784,-1.7268203496932983,0.4516252875328064,0.25281018018722534,-1.624158263206482,0.42611950635910034,1.3961882591247559,-0.060556091368198395
1771937655.3583052,0.5934337973594666,0.5082939863204956,-0.6097410321235657,0.688240647315979,0.754574716091156,0.010565752163529396,0.7495083808898926,1.025347113609314,-0.04116634279489517,0.8080947995185852,1.3573881387710571,-0.27721893787384033,0.8026310205459595,1.4286246299743652,-0.37289297580718994,0.7785119414329529,1.4086952209472656,-0.3053078055381775,0.6554341316223145,1.3893847465515137,0.060132402926683426,0.39075252413749695,0.7188820242881775,-0.25873640179634094,0.2728408873081207,0.8304427266120911,-0.9802377820014954,0.41645750403404236,0.363100528717041,-1.5711655616760254,0.48785123229026794,0.24762804806232452,-1.6624536514282227,0.4766124188899994,0.2873135507106781,-1.5591374635696411,0.4261631369590759,1.3965790271759033,-0.06059496849775314
1771937655.421684,0.5933784246444702,0.5082812905311584,-0.5170921683311462,0.6882961988449097,0.7544237375259399,0.056004978716373444,0.7499628067016602,1.0253082513809204,-0.030811641365289688,0.8144448399543762,1.357431411743164,-0.2771260142326355,0.8115366101264954,1.428480863571167,-0.3736039400100708,0.7863582968711853,1.4087411165237427,-0.3052777051925659,0.6555130481719971,1.3895102739334106,0.05867566913366318,0.390823632478714,0.7188280820846558,-0.21421316266059875,0.2701960504055023,0.8305294513702393,-0.9551969766616821,0.435563325881958,0.3826262354850769,-1.5278394222259521,0.51663738489151,0.27480489015579224,-1.6194568872451782,0.5020692944526672,0.31607353687286377,-1.5166985988616943,0.4262070655822754,1.396422266960144,-0.0591745600104332
1771937655.4929044,0.5939754843711853,0.5074449777603149,-0.5275958180427551,0.6886321306228638,0.7541126012802124,0.053366176784038544,0.7524924278259277,1.0250736474990845,-0.0520966574549675,0.8227038383483887,1.3577159643173218,-0.34152793884277344,0.8216800689697266,1.4293670654296875,-0.4511546492576599,0.7951140999794006,1.4097143411636353,-0.371020644903183,0.6556922197341919,1.3893331289291382,0.05864609405398369,0.3907759487628937,0.7180906534194946,-0.22090837359428406,0.2680920958518982,0.8309433460235596,-0.9928056001663208,0.4552198350429535,0.4005807638168335,-1.655019998550415,0.5434372425079346,0.3007040023803711,-1.7516555786132812,0.5267713665962219,0.34122833609580994,-1.6390714645385742,0.4262351095676422,1.3962076902389526,-0.059154342859983444
1771937655.5651834,0.5939174890518188,0.5059770941734314,-0.5210316777229309,0.6887890100479126,0.7519861459732056,0.0520084910094738,0.757586658000946,1.0158590078353882,-0.12001307308673859,0.8220809102058411,1.2069599628448486,-0.5256132483482361,0.8181298971176147,1.2196612358093262,-0.6292998194694519,0.7932640314102173,1.219261646270752,-0.5426583290100098,0.6556536555290222,1.3890901803970337,0.05775383114814758,0.3908425569534302,0.7152685523033142,-0.2085632085800171,0.26781147718429565,0.8302940130233765,-0.9769794344902039,0.4873429238796234,0.4202890992164612,-1.5799977779388428,0.5863077044487,0.33527860045433044,-1.6833629608154297,0.5624457597732544,0.3708799481391907,-1.5705366134643555,0.4261951446533203,1.3956774473190308,-0.05827387422323227
1771937655.6154346,0.5939032435417175,0.5039660334587097,-0.3920179605484009,0.6888825297355652,0.7502069473266602,0.12305132299661636,0.7640877962112427,1.0082967281341553,-0.13110233843326569,0.8053562045097351,0.9450830221176147,-0.6072043776512146,0.7973806858062744,0.8770882487297058,-0.68523108959198,0.7769896388053894,0.9024462103843689,-0.6097149848937988,0.6562366485595703,1.3875834941864014,0.05770943686366081,0.390857994556427,0.7108500599861145,-0.09864120930433273,0.26782259345054626,0.8289472460746765,-0.8630788922309875,0.5170860290527344,0.439998984336853,-1.4660532474517822,0.6216861605644226,0.36484333872795105,-1.499987244606018,0.593818724155426,0.39661580324172974,-1.4309020042419434,0.4262400269508362,1.3934038877487183,-0.05824042111635208
1771937655.6759932,0.593805730342865,0.5039800405502319,-0.416138231754303,0.6888695359230042,0.7487539649009705,0.12107358872890472,0.7640320062637329,1.006221055984497,-0.13622929155826569,0.8095860481262207,0.9555893540382385,-0.6038970351219177,0.802971363067627,0.8895354866981506,-0.7054551839828491,0.7819260358810425,0.9140727519989014,-0.6153533458709717,0.6562002897262573,1.386125087738037,0.05745570734143257,0.3908352553844452,0.7083446979522705,-0.10006128251552582,0.268179714679718,0.826963484287262,-0.8764816522598267,0.5410321354866028,0.4575865566730499,-1.5606415271759033,0.6506811380386353,0.39101648330688477,-1.6418704986572266,0.6222614049911499,0.42030245065689087,-1.5341631174087524,0.4261411726474762,1.3907043933868408,-0.058003753423690796
1771937655.7238297,0.5935052633285522,0.5039791464805603,-0.42634305357933044,0.6888745427131653,0.7480084300041199,0.11632422357797623,0.7638286352157593,1.0058411359786987,-0.11724440008401871,0.8110243678092957,0.9715508818626404,-0.5347535610198975,0.8046474456787109,0.9195390343666077,-0.634024977684021,0.783471941947937,0.9385316371917725,-0.5461260676383972,0.6561793684959412,1.3852804899215698,0.05620401352643967,0.39087408781051636,0.7057264447212219,-0.10805372893810272,0.26838958263397217,0.8254107236862183,-0.8750417828559875,0.5598874092102051,0.4748115539550781,-1.5690929889678955,0.6709662079811096,0.41497471928596497,-1.6549911499023438,0.6419359445571899,0.4424883723258972,-1.5450096130371094,0.42618393898010254,1.387711763381958,-0.056787628680467606
1771937655.7972853,0.5928782224655151,0.5041186213493347,-0.42780256271362305,0.6891564130783081,0.747894287109375,0.11531928926706314,0.764285683631897,1.0058388710021973,-0.1169462651014328,0.8116254806518555,1.006395697593689,-0.5238139033317566,0.8049622774124146,0.9785153269767761,-0.6247774958610535,0.7837898135185242,0.9867587685585022,-0.5375778079032898,0.6563184857368469,1.3851125240325928,0.0542006678879261,0.3911896049976349,0.7047414183616638,-0.10828395932912827,0.26863574981689453,0.8246176242828369,-0.8631502389907837,0.5780998468399048,0.49309274554252625,-1.5314381122589111,0.6897632479667664,0.4388369619846344,-1.6199487447738647,0.6610890030860901,0.46373212337493896,-1.5106446743011475,0.4262863099575043,1.3871650695800781,-0.05482090637087822
1771937655.850269,0.5926850438117981,0.5042765140533447,-0.4351944327354431,0.6892098188400269,0.7477841973304749,0.11056895554065704,0.7641929388046265,1.0058454275131226,-0.1331571638584137,0.8127983212471008,1.0279629230499268,-0.53592848777771,0.8061979413032532,1.014914631843567,-0.6446167826652527,0.7848100662231445,1.0167666673660278,-0.5526951551437378,0.6563636660575867,1.3849737644195557,0.054065875709056854,0.39132484793663025,0.703981339931488,-0.11557032912969589,0.2689935564994812,0.8246447443962097,-0.8904989957809448,0.5914108753204346,0.5095923542976379,-1.5563095808029175,0.7048465013504028,0.4596676230430603,-1.6422929763793945,0.6765530705451965,0.4825328588485718,-1.5337586402893066,0.4263017177581787,1.3870594501495361,-0.054696857929229736
1771937655.9138317,0.5923170447349548,0.5045254230499268,-0.43659502267837524,0.6892309188842773,0.7477704882621765,0.09243936836719513,0.7640206217765808,1.0058454275131226,-0.1850433498620987,0.812679648399353,1.0488786697387695,-0.6044183969497681,0.8059285283088684,1.050175428390503,-0.7242745757102966,0.7845479249954224,1.0452282428741455,-0.6227884292602539,0.6563440561294556,1.384799599647522,0.052036769688129425,0.39147093892097473,0.7026417851448059,-0.11824502050876617,0.26935532689094543,0.824431300163269,-0.9105021357536316,0.6013294458389282,0.5240045785903931,-1.5926131010055542,0.7154844999313354,0.4776597321033478,-1.6798038482666016,0.6887680292129517,0.49889618158340454,-1.5696780681610107,0.42634090781211853,1.3866826295852661,-0.05270218104124069
1771937655.9762635,0.5922918319702148,0.5050728917121887,-0.44547420740127563,0.689218282699585,0.7478951215744019,0.09180153161287308,0.7637622952461243,1.0058523416519165,-0.1803721785545349,0.8162192106246948,1.0621882677078247,-0.6010130643844604,0.8114315271377563,1.0676491260528564,-0.7161902189254761,0.7893959879875183,1.0607426166534424,-0.6169453859329224,0.6563100814819336,1.3847682476043701,0.051259845495224,0.3915728032588959,0.7025651335716248,-0.11997789144515991,0.26965847611427307,0.824235737323761,-0.9002875089645386,0.611458420753479,0.5369569659233093,-1.551196813583374,0.7258986830711365,0.4939495623111725,-1.6395375728607178,0.7003953456878662,0.5137394666671753,-1.5315967798233032,0.4263792932033539,1.3865610361099243,-0.05193445086479187
1771937656.0227418,0.5922685861587524,0.5058080554008484,-0.4446212649345398,0.6892061829566956,0.7479603886604309,0.08918250352144241,0.7635095119476318,1.0058414936065674,-0.18015077710151672,0.8174043893814087,1.0734374523162842,-0.5816733837127686,0.8131998777389526,1.0848917961120605,-0.6912060379981995,0.7909755706787109,1.0754623413085938,-0.5949617624282837,0.6563056111335754,1.3846555948257446,0.05020974949002266,0.39239567518234253,0.7020772099494934,-0.1260172426700592,0.2700759470462799,0.8240311145782471,-0.8857019543647766,0.6229086518287659,0.5495134592056274,-1.5043692588806152,0.7358999252319336,0.5087205767631531,-1.5971779823303223,0.7113240361213684,0.5272555947303772,-1.4891718626022339,0.4264126718044281,1.3864043951034546,-0.05089922994375229
1771937656.0771148,0.5920364260673523,0.5060421228408813,-0.4579885005950928,0.689169704914093,0.7479218244552612,0.04305276274681091,0.7633198499679565,1.005723237991333,-0.19081120193004608,0.8181906938552856,1.0815584659576416,-0.5635976791381836,0.8140488862991333,1.0988845825195312,-0.6751790046691895,0.7917817234992981,1.0866153240203857,-0.579627513885498,0.6562892198562622,1.3846282958984375,0.04766979068517685,0.3928236961364746,0.7007405161857605,-0.1469232141971588,0.27053728699684143,0.8239466547966003,-0.8975145220756531,0.6276361346244812,0.5606411099433899,-1.5259616374969482,0.7381792068481445,0.5217157602310181,-1.6150327920913696,0.7138251066207886,0.5391725897789001,-1.5088385343551636,0.4264451861381531,1.3851145505905151,-0.04838639497756958
1771937656.140004,0.5919654965400696,0.5064476728439331,-0.46435731649398804,0.6891714334487915,0.7479339241981506,0.03517880290746689,0.7632294297218323,1.0057226419448853,-0.18425384163856506,0.8180384635925293,1.0939923524856567,-0.5558191537857056,0.8140869140625,1.1200268268585205,-0.6711808443069458,0.7917981147766113,1.1042735576629639,-0.5744133591651917,0.6561126112937927,1.3844819068908691,0.0468941293656826,0.39320892095565796,0.7002184391021729,-0.1485743671655655,0.27102985978126526,0.8233237862586975,-0.8882390856742859,0.6364158987998962,0.5704143047332764,-1.4910807609558105,0.745483934879303,0.5334446430206299,-1.5807087421417236,0.7218721508979797,0.5499782562255859,-1.4759671688079834,0.4264860153198242,1.3831523656845093,-0.04762190207839012
1771937656.1882322,0.5920398235321045,0.5067511200904846,-0.4151304364204407,0.6891587376594543,0.747964084148407,0.05772382766008377,0.762993335723877,1.0057235956192017,-0.12885893881320953,0.8182856440544128,1.1044832468032837,-0.43206101655960083,0.814483642578125,1.1391526460647583,-0.5257874727249146,0.7922128438949585,1.121110200881958,-0.4460303783416748,0.6560811996459961,1.3843954801559448,0.046914245933294296,0.3936709761619568,0.7002072930335999,-0.13935664296150208,0.2711731791496277,0.8228232264518738,-0.8862420320510864,0.6408801078796387,0.5799421668052673,-1.4815229177474976,0.7504941821098328,0.5438048243522644,-1.5520607233047485,0.7269381284713745,0.5595418214797974,-1.4688388109207153,0.4266330301761627,1.382519245147705,-0.04764220863580704
1771937656.2684655,0.5919967889785767,0.5069006681442261,-0.42595553398132324,0.6891458034515381,0.7478974461555481,0.0570610873401165,0.7629689574241638,1.0054521560668945,-0.12696154415607452,0.818074107170105,1.1147716045379639,-0.4385502338409424,0.8137154579162598,1.1601406335830688,-0.538263201713562,0.7915304899215698,1.1380647420883179,-0.4538552761077881,0.6560511589050293,1.3842345476150513,0.04721279442310333,0.39396220445632935,0.7001040577888489,-0.1436372697353363,0.2713611423969269,0.8229204416275024,-0.8737115859985352,0.6419700384140015,0.5886561274528503,-1.4536070823669434,0.7532902956008911,0.5531073212623596,-1.5303806066513062,0.7288537621498108,0.5682156085968018,-1.4416115283966064,0.42666196823120117,1.3824659585952759,-0.04793984070420265
1771937656.3241873,0.5919575691223145,0.5071495175361633,-0.435181200504303,0.6891231536865234,0.747895359992981,0.05676994472742081,0.762741208076477,1.0049153566360474,-0.1264108121395111,0.8193491697311401,1.1172027587890625,-0.422508180141449,0.8159270286560059,1.1610336303710938,-0.5180650949478149,0.7935431003570557,1.1397289037704468,-0.4367019534111023,0.6560196876525879,1.3839893341064453,0.04700923711061478,0.3947043716907501,0.6996634006500244,-0.1465865671634674,0.27160876989364624,0.8230746984481812,-0.8651506304740906,0.6482226252555847,0.5963822603225708,-1.4322510957717896,0.7593581676483154,0.5613049268722534,-1.5108716487884521,0.734587550163269,0.5758733749389648,-1.420386791229248,0.4267258644104004,1.3811777830123901,-0.04774419218301773
1771937656.376335,0.5919156074523926,0.5081908106803894,-0.45093315839767456,0.6888288259506226,0.7471402883529663,0.03452874347567558,0.7625254392623901,1.003053069114685,-0.1396365463733673,0.8191584348678589,1.117810606956482,-0.44525155425071716,0.8158926963806152,1.1668118238449097,-0.5509239435195923,0.7935184836387634,1.1431002616882324,-0.46176618337631226,0.6557016968727112,1.383345127105713,0.046703584492206573,0.39488765597343445,0.6986491680145264,-0.17022833228111267,0.27192366123199463,0.8230307698249817,-0.8890472650527954,0.6515095233917236,0.6034886837005615,-1.4819766283035278,0.7624593377113342,0.5690897703170776,-1.5642728805541992,0.7381730675697327,0.582994282245636,-1.4661531448364258,0.42674604058265686,1.3793476819992065,-0.04744403809309006
1771937656.444097,0.5918761491775513,0.5087940096855164,-0.45344144105911255,0.6887875199317932,0.7470899820327759,0.034421008080244064,0.762305736541748,1.002509593963623,-0.1372942328453064,0.819564163684845,1.1228920221328735,-0.44192689657211304,0.8165856599807739,1.1775323152542114,-0.5482981204986572,0.7942224740982056,1.1516984701156616,-0.4595213830471039,0.6556754112243652,1.383273959159851,0.04574345797300339,0.395282119512558,0.6985489130020142,-0.17068810760974884,0.2718946039676666,0.8227836489677429,-0.8778255581855774,0.6533153057098389,0.6101417541503906,-1.4559900760650635,0.7633715867996216,0.5758957266807556,-1.5404486656188965,0.7392311096191406,0.5894228219985962,-1.4412742853164673,0.4268350601196289,1.3786804676055908,-0.04649901017546654
1771937656.507298,0.5919297933578491,0.5089740753173828,-0.44982773065567017,0.6887784600257874,0.7473610639572144,0.048585932701826096,0.7621127963066101,1.0024391412734985,-0.11136849969625473,0.8191739320755005,1.1371524333953857,-0.3971036970615387,0.8158389925956726,1.202157974243164,-0.4963749349117279,0.7935370206832886,1.1735038757324219,-0.41227903962135315,0.655590295791626,1.3831367492675781,0.046057626605033875,0.39547199010849,0.6985936760902405,-0.16486604511737823,0.2717823386192322,0.823156476020813,-0.87016761302948,0.6522541642189026,0.616230309009552,-1.4317562580108643,0.7618368864059448,0.5819486975669861,-1.534090280532837,0.738093912601471,0.5950428247451782,-1.4257969856262207,0.4267232418060303,1.3786239624023438,-0.046810682862997055
1771937656.5761018,0.5919336676597595,0.509080171585083,-0.4564545750617981,0.6887675523757935,0.7473783493041992,0.046645354479551315,0.761923611164093,1.0017908811569214,-0.11083264648914337,0.8190230131149292,1.1404649019241333,-0.3954111933708191,0.8158183097839355,1.2093075513839722,-0.4956187307834625,0.7935338020324707,1.1790430545806885,-0.4113028645515442,0.6555376052856445,1.3830313682556152,0.04584594815969467,0.39598920941352844,0.6984233260154724,-0.16520491242408752,0.2720235288143158,0.8235584497451782,-0.8675773739814758,0.6551634073257446,0.6216837763786316,-1.4250218868255615,0.7646092176437378,0.5877361297607422,-1.5198255777359009,0.7406842708587646,0.6002774834632874,-1.4155534505844116,0.4267449975013733,1.378153920173645,-0.04660338908433914
1771937656.6362414,0.5918945074081421,0.5094255208969116,-0.4620484411716461,0.6886948347091675,0.7473508715629578,0.034070711582899094,0.7617636322975159,1.0016025304794312,-0.11277955770492554,0.8190576434135437,1.1448769569396973,-0.3940284848213196,0.8160219192504883,1.2182945013046265,-0.49558696150779724,0.7937029600143433,1.1868176460266113,-0.4107280671596527,0.655527651309967,1.3829214572906494,0.04535985365509987,0.39634352922439575,0.6984094381332397,-0.17068472504615784,0.2723452150821686,0.8239214420318604,-0.8647109866142273,0.6566053628921509,0.6267861127853394,-1.4157832860946655,0.7651766538619995,0.5931291580200195,-1.50639808177948,0.7423011660575867,0.6054651737213135,-1.4043726921081543,0.4267795979976654,1.3775111436843872,-0.04612714797258377
1771937656.7176147,0.5917945504188538,0.5095865726470947,-0.44003957509994507,0.6886693835258484,0.7473650574684143,0.0440790057182312,0.7615634202957153,1.0015431642532349,-0.07797031104564667,0.8189997673034668,1.1548807621002197,-0.3043394982814789,0.816063404083252,1.2337238788604736,-0.3937605023384094,0.7937290072441101,1.2005637884140015,-0.3182542622089386,0.6552369594573975,1.3828994035720825,0.04456998407840729,0.39660680294036865,0.698160707950592,-0.15765175223350525,0.2723655104637146,0.8242009282112122,-0.8546758890151978,0.6586592197418213,0.6313992738723755,-1.4146137237548828,0.7663253545761108,0.5982847213745117,-1.476069688796997,0.7431885004043579,0.6103492975234985,-1.3908743858337402,0.42679905891418457,1.3761965036392212,-0.04535114765167236
1771937656.764914,0.591831624507904,0.509804368019104,-0.44581374526023865,0.6886106133460999,0.7475596070289612,0.045754313468933105,0.7615368962287903,1.0015376806259155,-0.07364565879106522,0.818822979927063,1.1631724834442139,-0.2995130717754364,0.8160268068313599,1.247488260269165,-0.3900103271007538,0.7937036752700806,1.2131919860839844,-0.31382009387016296,0.6552237868309021,1.3828837871551514,0.04489343613386154,0.39707598090171814,0.698171079158783,-0.16031119227409363,0.2723878026008606,0.8240528106689453,-0.845928966999054,0.6592304110527039,0.6356156468391418,-1.3923720121383667,0.7656219601631165,0.6031387448310852,-1.4629132747650146,0.7437921166419983,0.6149564385414124,-1.3735315799713135,0.42681431770324707,1.3758301734924316,-0.045671045780181885
1771937656.8128078,0.5918639302253723,0.5099526643753052,-0.45086708664894104,0.6885663866996765,0.7475738525390625,0.04572669044137001,0.7613388299942017,1.0015414953231812,-0.07350146025419235,0.8192669749259949,1.1642322540283203,-0.29966822266578674,0.8167041540145874,1.2507809400558472,-0.3908195495605469,0.7943023443222046,1.2155917882919312,-0.31433844566345215,0.6551077365875244,1.3827464580535889,0.04512592777609825,0.39740127325057983,0.6981537342071533,-0.16117796301841736,0.2727574110031128,0.8245015740394592,-0.8440343141555786,0.6617151498794556,0.6391716003417969,-1.378372311592102,0.7676385045051575,0.607776939868927,-1.4505741596221924,0.7451878190040588,0.6193526983261108,-1.3605965375900269,0.42685261368751526,1.3757086992263794,-0.04590338096022606
1771937656.8765187,0.5918464064598083,0.5100411772727966,-0.4407852590084076,0.6885573863983154,0.7475892901420593,0.04531398415565491,0.7613221406936646,1.0014668703079224,-0.06732483208179474,0.819137454032898,1.1655292510986328,-0.27337294816970825,0.8168808221817017,1.2522227764129639,-0.360827773809433,0.7944394946098328,1.2166954278945923,-0.288016140460968,0.655098557472229,1.382681965827942,0.043824806809425354,0.3980201780796051,0.6974281072616577,-0.16116741299629211,0.2728250026702881,0.8252160549163818,-0.8417626619338989,0.6591295003890991,0.6396365761756897,-1.3626055717468262,0.7625599503517151,0.609809160232544,-1.4454741477966309,0.7411537766456604,0.621448278427124,-1.3496041297912598,0.4268563389778137,1.3747247457504272,-0.044612735509872437
1771937656.957856,0.5918209552764893,0.5101972222328186,-0.44813546538352966,0.6885471343994141,0.7475963234901428,0.044846389442682266,0.7611611485481262,1.0014698505401611,-0.06593906879425049,0.8202980756759644,1.1707688570022583,-0.2660360634326935,0.8187779188156128,1.2565962076187134,-0.35459643602371216,0.796139657497406,1.2211353778839111,-0.28151974081993103,0.6550720930099487,1.382570743560791,0.043929971754550934,0.39827269315719604,0.6973278522491455,-0.1617720127105713,0.27258583903312683,0.8259568810462952,-0.840641975402832,0.6554912328720093,0.6378293633460999,-1.3748867511749268,0.7583491206169128,0.6087222695350647,-1.4529293775558472,0.7374008893966675,0.6207505464553833,-1.3584849834442139,0.42687568068504333,1.3744155168533325,-0.04471718147397041
1771937657.0346665,0.5913096070289612,0.5101959109306335,-0.45347175002098083,0.6884936094284058,0.7472583651542664,0.040548454970121384,0.7609978914260864,1.0015490055084229,-0.06342248618602753,0.8204101324081421,1.1729034185409546,-0.23670311272144318,0.8192547559738159,1.259203314781189,-0.31835633516311646,0.7965856790542603,1.2243012189865112,-0.2518137991428375,0.6550602912902832,1.3817135095596313,0.04216616228222847,0.3982608914375305,0.6961342096328735,-0.16348494589328766,0.27276524901390076,0.8264860510826111,-0.8337135314941406,0.648858904838562,0.6179713010787964,-1.3691620826721191,0.7490916848182678,0.584775984287262,-1.4460290670394897,0.7278768420219421,0.5998522043228149,-1.3526595830917358,0.4268326759338379,1.3725005388259888,-0.0429663211107254
1771937657.1039522,0.5911086797714233,0.510202944278717,-0.45934945344924927,0.6882892847061157,0.7472279071807861,0.040123872458934784,0.7609450817108154,1.001499056816101,-0.06322141736745834,0.822921872138977,1.1742013692855835,-0.23837339878082275,0.8238909840583801,1.2605031728744507,-0.32168489694595337,0.8006700277328491,1.2254067659378052,-0.2541090250015259,0.6550314426422119,1.3812962770462036,0.041790157556533813,0.3981547951698303,0.6961565017700195,-0.1657879799604416,0.2732706665992737,0.8271875977516174,-0.8274645805358887,0.6410280466079712,0.5868011713027954,-1.3772976398468018,0.7386226058006287,0.5505875945091248,-1.458996057510376,0.717315673828125,0.5683424472808838,-1.3613896369934082,0.42678484320640564,1.3719422817230225,-0.04258836433291435
1771937657.1529531,0.5911494493484497,0.5098696351051331,-0.5218380689620972,0.6884118318557739,0.7463307976722717,-0.0008384878747165203,0.7632542848587036,0.999187707901001,-0.06302943825721741,0.8325470685958862,1.176285982131958,-0.20833030343055725,0.8356066942214966,1.2611178159713745,-0.2903652787208557,0.8113892674446106,1.225772738456726,-0.22620204091072083,0.6553992629051208,1.3782082796096802,0.04183993861079216,0.3981796205043793,0.6954705119132996,-0.20979711413383484,0.2737202048301697,0.8278577923774719,-0.8790005445480347,0.6343682408332825,0.5666967034339905,-1.4839069843292236,0.7276011109352112,0.5214183330535889,-1.5660840272903442,0.7074053883552551,0.543117344379425,-1.4654872417449951,0.42691534757614136,1.3684651851654053,-0.04263395816087723
1771937657.2125716,0.5915557146072388,0.5095968246459961,-0.5226088762283325,0.6884065270423889,0.7463308572769165,-0.0008349035051651299,0.7626027464866638,0.9994385838508606,-0.06285940110683441,0.8322738409042358,1.1870880126953125,-0.20995672047138214,0.8347755670547485,1.2746371030807495,-0.2950814664363861,0.8102256059646606,1.2401316165924072,-0.2286495864391327,0.65537428855896,1.3778150081634521,0.04211244732141495,0.39787429571151733,0.6955274343490601,-0.22065778076648712,0.2741921544075012,0.828424870967865,-0.8957557678222656,0.623629629611969,0.5295441150665283,-1.4701851606369019,0.7117461562156677,0.46946850419044495,-1.5499566793441772,0.6926630735397339,0.49797216057777405,-1.4519906044006348,0.4269072115421295,1.3684037923812866,-0.04290326312184334
1771937657.288917,0.5920432806015015,0.5095797181129456,-0.5243340730667114,0.6883945465087891,0.7463306784629822,0.0020854126196354628,0.7621152400970459,0.999782919883728,-0.04794936627149582,0.8315528631210327,1.1960667371749878,-0.20089328289031982,0.8335871696472168,1.284184217453003,-0.2876158356666565,0.8087522387504578,1.2506846189498901,-0.22102311253547668,0.6550639867782593,1.377744197845459,0.04327020049095154,0.3966839909553528,0.6955860257148743,-0.22865641117095947,0.2744205892086029,0.8288222551345825,-0.9332816004753113,0.6126090288162231,0.5003264546394348,-1.5456675291061401,0.6963996291160583,0.42423534393310547,-1.625205636024475,0.6790168881416321,0.4548601806163788,-1.5252245664596558,0.4258694648742676,1.3683888912200928,-0.04405650123953819
1771937657.3408642,0.5927746295928955,0.5095764398574829,-0.5253464579582214,0.6883882284164429,0.7462462782859802,0.007643016520887613,0.761975884437561,0.9998518228530884,-0.0241310503333807,0.8314312696456909,1.1974743604660034,-0.17403191328048706,0.8341553807258606,1.2850875854492188,-0.25937944650650024,0.8091926574707031,1.2523562908172607,-0.19550929963588715,0.6550381183624268,1.3768490552902222,0.043290093541145325,0.39655089378356934,0.6956086754798889,-0.22871091961860657,0.27473020553588867,0.8288789987564087,-0.9200038909912109,0.6021723747253418,0.48346251249313354,-1.5254398584365845,0.6817735433578491,0.3867074251174927,-1.60811448097229,0.6661474108695984,0.4198506772518158,-1.5078753232955933,0.4258982241153717,1.3681137561798096,-0.04407234117388725
1771937657.390323,0.5931673645973206,0.5095646381378174,-0.5244055390357971,0.6883258819580078,0.7460948824882507,0.014147914946079254,0.7612999677658081,0.9999424815177917,-0.01660771109163761,0.8287712931632996,1.2045538425445557,-0.1768970787525177,0.830652117729187,1.2942923307418823,-0.26490721106529236,0.8055154085159302,1.2618672847747803,-0.19931569695472717,0.6548836827278137,1.376404881477356,0.0444195382297039,0.39641621708869934,0.695664644241333,-0.23160967230796814,0.27489009499549866,0.8290895819664001,-0.9367632865905762,0.5931037664413452,0.45458897948265076,-1.5307387113571167,0.6691274046897888,0.3550715446472168,-1.6089588403701782,0.6550819873809814,0.3874800503253937,-1.5119693279266357,0.4257729649543762,1.3680306673049927,-0.0451953262090683
1771937657.4838266,0.5931493639945984,0.5095634460449219,-0.5244993567466736,0.6882773041725159,0.746117889881134,0.014124627225100994,0.7607481479644775,1.000228762626648,-0.015445118770003319,0.8253563046455383,1.2155169248580933,-0.17766740918159485,0.8266957402229309,1.3063914775848389,-0.266543447971344,0.8012632131576538,1.2742469310760498,-0.2007484883069992,0.6545778512954712,1.3764468431472778,0.04566071555018425,0.39637795090675354,0.6957131028175354,-0.23924951255321503,0.2749948501586914,0.8296998143196106,-0.9481846690177917,0.5855599045753479,0.4294995069503784,-1.5206382274627686,0.6570135951042175,0.314127653837204,-1.5976861715316772,0.6443665623664856,0.3506084680557251,-1.503000259399414,0.4251249432563782,1.3685022592544556,-0.046427059918642044
1771937657.547306,0.5932063460350037,0.5095642805099487,-0.5249679684638977,0.6882588863372803,0.7461866736412048,0.015253531746566296,0.7600811719894409,1.000389575958252,-0.010278280824422836,0.8238415718078613,1.2205027341842651,-0.17562422156333923,0.8250134587287903,1.311739444732666,-0.26450830698013306,0.7994648218154907,1.2804758548736572,-0.19916540384292603,0.6545192003250122,1.3764853477478027,0.04620140418410301,0.3963519334793091,0.6957473158836365,-0.23927700519561768,0.27496397495269775,0.8303436040878296,-0.9412803649902344,0.5790712237358093,0.40881913900375366,-1.5238183736801147,0.646405816078186,0.2851068079471588,-1.6033656597137451,0.6348393559455872,0.3221586346626282,-1.5081125497817993,0.4250372350215912,1.36935293674469,-0.04695693776011467
1771937657.5970263,0.5931671261787415,0.5095616579055786,-0.5461319088935852,0.6882506608963013,0.7461709380149841,0.014227275736629963,0.7598744630813599,1.0005524158477783,-0.010583399794995785,0.8234602808952332,1.2273472547531128,-0.18179869651794434,0.8244497179985046,1.3186860084533691,-0.2735288143157959,0.7988157272338867,1.2878344058990479,-0.2059115171432495,0.654509425163269,1.3765770196914673,0.047573287039995193,0.396355539560318,0.6957141757011414,-0.2538568079471588,0.2750796675682068,0.8314392566680908,-0.9817270040512085,0.5741947889328003,0.3998042643070221,-1.6077139377593994,0.6387609243392944,0.26911115646362305,-1.6971142292022705,0.6279033422470093,0.30735424160957336,-1.5929968357086182,0.42491310834884644,1.3698610067367554,-0.04831630736589432
1771937657.6598084,0.5931367874145508,0.5095585584640503,-0.5465924143791199,0.6882417798042297,0.7462737560272217,0.014205532148480415,0.7595983147621155,1.0008596181869507,0.004440937656909227,0.8226375579833984,1.2396388053894043,-0.12875714898109436,0.8236323595046997,1.3315423727035522,-0.21081042289733887,0.7978419661521912,1.3013720512390137,-0.15254847705364227,0.6543826460838318,1.3768972158432007,0.04810931161046028,0.39634251594543457,0.695771336555481,-0.25582030415534973,0.2749841809272766,0.8327598571777344,-0.9613149762153625,0.570978045463562,0.39409226179122925,-1.551880121231079,0.6332432627677917,0.2570888102054596,-1.6472384929656982,0.6235355138778687,0.29670384526252747,-1.5413118600845337,0.42473235726356506,1.3707115650177002,-0.04883977025747299
1771937657.7117736,0.5929679274559021,0.5095650553703308,-0.5347577929496765,0.6882344484329224,0.7462807297706604,0.014919678680598736,0.7595416307449341,1.001356601715088,0.007349021732807159,0.8222734332084656,1.2478764057159424,-0.131016343832016,0.8232734799385071,1.3393791913986206,-0.21488377451896667,0.7973796725273132,1.3096778392791748,-0.15508750081062317,0.6543599367141724,1.3774406909942627,0.0481661893427372,0.3963380753993988,0.6958343386650085,-0.2441435605287552,0.274967759847641,0.8346822261810303,-0.9436041116714478,0.5696479082107544,0.3857366442680359,-1.5084036588668823,0.6326331496238708,0.244085893034935,-1.577021837234497,0.62200528383255,0.2842439115047455,-1.4914233684539795,0.4247499406337738,1.3722268342971802,-0.04888713359832764
1771937657.7678661,0.5929194688796997,0.5095910429954529,-0.5311404466629028,0.6882551312446594,0.7462944388389587,0.01779860258102417,0.7595104575157166,1.0016416311264038,0.009210295975208282,0.8220916986465454,1.253580927848816,-0.1414603739976883,0.8231679201126099,1.344474196434021,-0.22950415313243866,0.7973353266716003,1.3151490688323975,-0.16639916598796844,0.6543358564376831,1.3778640031814575,0.0483131930232048,0.3963318467140198,0.6959198713302612,-0.24224969744682312,0.2749919295310974,0.8364270925521851,-0.9279717206954956,0.5648622512817383,0.3801448941230774,-1.481398344039917,0.6286040544509888,0.23456789553165436,-1.5624598264694214,0.6157391667366028,0.2747420072555542,-1.469491720199585,0.4247114658355713,1.3734594583511353,-0.04902428016066551
1771937657.805172,0.5928720831871033,0.5095962882041931,-0.5315536856651306,0.688245952129364,0.74628746509552,0.020343031734228134,0.7591980695724487,1.0016475915908813,0.012967681512236595,0.8217376470565796,1.2571767568588257,-0.1487864851951599,0.8230192065238953,1.3478877544403076,-0.23910310864448547,0.7971373796463013,1.318538784980774,-0.1743026077747345,0.6543298959732056,1.377983570098877,0.04846378415822983,0.3962571918964386,0.6959462761878967,-0.23935642838478088,0.27473896741867065,0.8394173979759216,-0.9074657559394836,0.5577155351638794,0.38023683428764343,-1.3847229480743408,0.6218569874763489,0.23170900344848633,-1.4379005432128906,0.6075369119644165,0.27090221643447876,-1.3667287826538086,0.4247213304042816,1.374165654182434,-0.04917771741747856
1771937657.8896677,0.5928648710250854,0.5095945000648499,-0.5324224829673767,0.6882404088973999,0.7462771534919739,0.03392074257135391,0.7590283751487732,1.0019334554672241,0.06229979544878006,0.8206862211227417,1.2671340703964233,-0.07961174845695496,0.8217833638191223,1.3578736782073975,-0.16390682756900787,0.7960464358329773,1.3285311460494995,-0.10592613369226456,0.654309868812561,1.37837553024292,0.05180731415748596,0.3962370455265045,0.6959794163703918,-0.2402620017528534,0.27502986788749695,0.841076135635376,-0.8934510350227356,0.5515244007110596,0.3744393289089203,-1.3754446506500244,0.6143869757652283,0.22302916646003723,-1.435638427734375,0.5991166830062866,0.262777179479599,-1.3622496128082275,0.4247177243232727,1.3749810457229614,-0.052474457770586014
1771937657.9640687,0.5928502082824707,0.5096070766448975,-0.5313156247138977,0.6882320642471313,0.7462747097015381,0.05602293089032173,0.7584366202354431,1.0020807981491089,0.10343395173549652,0.8193972706794739,1.2747858762741089,-0.042096346616744995,0.8205546140670776,1.3650476932525635,-0.128050297498703,0.7949585318565369,1.3361256122589111,-0.07049833238124847,0.6542981863021851,1.378652572631836,0.05859888717532158,0.39620956778526306,0.6963754892349243,-0.24080665409564972,0.2754977345466614,0.8421782851219177,-0.897779107093811,0.5401240587234497,0.3712773621082306,-1.3974777460098267,0.5996704697608948,0.21800875663757324,-1.4669201374053955,0.5848365426063538,0.2567383348941803,-1.3851349353790283,0.4246605932712555,1.3756794929504395,-0.05919915437698364
1771937658.0228739,0.5928078889846802,0.509647786617279,-0.5303857922554016,0.6882277131080627,0.7462765574455261,0.06010458990931511,0.7576497793197632,1.0021839141845703,0.10457968711853027,0.8185491561889648,1.2775365114212036,-0.05153868347406387,0.8198882341384888,1.367733120918274,-0.13939067721366882,0.7943026423454285,1.3388687372207642,-0.08018762618303299,0.6540928483009338,1.3787251710891724,0.05876545235514641,0.3961825966835022,0.6970179080963135,-0.2312697172164917,0.2759455144405365,0.8440280556678772,-0.8210123181343079,0.5240427255630493,0.3779835104942322,-1.169594407081604,0.5788111090660095,0.22174987196922302,-1.2156376838684082,0.5656195878982544,0.2596074342727661,-1.1562291383743286,0.4242759644985199,1.3760647773742676,-0.059353671967983246
1771937658.0922647,0.5927997827529907,0.5097071528434753,-0.5221144556999207,0.6882914900779724,0.7462905645370483,0.07024894654750824,0.7570546865463257,1.002572774887085,0.1695094257593155,0.8179642558097839,1.2828933000564575,0.1343853771686554,0.8195728063583374,1.3728442192077637,0.07637805491685867,0.7939848303794861,1.344362735748291,0.10894336551427841,0.6540703177452087,1.3792548179626465,0.05968363955616951,0.3962116837501526,0.6976655721664429,-0.2264639437198639,0.2763846516609192,0.8457714319229126,-0.7950024008750916,0.5072064399719238,0.38566648960113525,-1.092504858970642,0.5548901557922363,0.2285410612821579,-1.125266671180725,0.5438756942749023,0.2647877335548401,-1.0770282745361328,0.4243065416812897,1.3773409128189087,-0.06024555116891861
1771937658.157263,0.5927659869194031,0.5097722411155701,-0.5229660272598267,0.6884253621101379,0.7466486096382141,0.07014823704957962,0.7569548487663269,1.0041182041168213,0.15792196989059448,0.8178299069404602,1.2874207496643066,0.08378805220127106,0.819503664970398,1.3763052225112915,0.012506650760769844,0.7939546704292297,1.3483421802520752,0.057013995945453644,0.6542652249336243,1.3800017833709717,0.05985831469297409,0.3964012563228607,0.698424756526947,-0.22650620341300964,0.27646496891975403,0.8473145365715027,-0.7916244864463806,0.4864494204521179,0.3865126073360443,-1.0927330255508423,0.5274841785430908,0.2305702269077301,-1.129398226737976,0.5174177885055542,0.26612070202827454,-1.077735424041748,0.42442798614501953,1.3788787126541138,-0.060411322861909866
1771937658.2190359,0.5927231907844543,0.5097944140434265,-0.5319498181343079,0.6885879635810852,0.746606171131134,0.06749650835990906,0.7566033005714417,1.0041695833206177,0.15649846196174622,0.817685604095459,1.2886440753936768,0.06864495575428009,0.8194435238838196,1.3771045207977295,-0.01071886532008648,0.7938390970230103,1.3493576049804688,0.04144493490457535,0.6543736457824707,1.380056619644165,0.05988921597599983,0.3964243531227112,0.6989918947219849,-0.22658434510231018,0.2768907845020294,0.8487327098846436,-0.7904914021492004,0.4676415026187897,0.3915909230709076,-1.0926904678344727,0.5023435950279236,0.23445414006710052,-1.1340088844299316,0.4935051500797272,0.27100902795791626,-1.0787909030914307,0.4244416356086731,1.379381775856018,-0.060445379465818405
1771937658.2856202,0.5926873683929443,0.5098769068717957,-0.5295082926750183,0.6886265873908997,0.7466782927513123,0.0672442764043808,0.7562690377235413,1.004564881324768,0.14623181521892548,0.8176546096801758,1.2910659313201904,0.03158941492438316,0.8194329142570496,1.3784054517745972,-0.05591105297207832,0.7937873005867004,1.3511706590652466,0.0035218745470046997,0.6543946266174316,1.3804603815078735,0.05997202917933464,0.3964520990848541,0.6999830603599548,-0.22258345782756805,0.2773035168647766,0.8496105670928955,-0.7890064120292664,0.44990259408950806,0.3991038203239441,-1.0934501886367798,0.48047739267349243,0.24036605656147003,-1.1385055780410767,0.4732840657234192,0.27741870284080505,-1.080283522605896,0.4244731366634369,1.3805879354476929,-0.060528554022312164
1771937658.3372533,0.5928380489349365,0.509878933429718,-0.5320706367492676,0.6888049840927124,0.7468292713165283,0.06711690872907639,0.7561188340187073,1.005255103111267,0.138118177652359,0.817557692527771,1.295660138130188,0.0033323722891509533,0.8193758726119995,1.3813331127166748,-0.09023235738277435,0.7936895489692688,1.3546135425567627,-0.025081396102905273,0.6544126868247986,1.3808571100234985,0.0599808394908905,0.3964798152446747,0.7008348107337952,-0.2242831438779831,0.2776321768760681,0.8506641983985901,-0.7859107255935669,0.4362300932407379,0.391693115234375,-1.0935041904449463,0.4608840048313141,0.23633721470832825,-1.1413383483886719,0.45546096563339233,0.27464309334754944,-1.080695390701294,0.4245167672634125,1.3814455270767212,-0.06054256111383438
1771937658.3980255,0.59292072057724,0.5099557042121887,-0.5379289388656616,0.6889402866363525,0.7470241785049438,0.06616516411304474,0.755933940410614,1.005871295928955,0.1301221400499344,0.8174026608467102,1.29745352268219,-0.012604951858520508,0.8193457722663879,1.3820785284042358,-0.10585536807775497,0.793687105178833,1.3559799194335938,-0.04158525541424751,0.6544051170349121,1.3814867734909058,0.06064953655004501,0.39651837944984436,0.7017532587051392,-0.2291509360074997,0.2779953181743622,0.8510711789131165,-0.8050769567489624,0.4247710108757019,0.3888595700263977,-1.1748613119125366,0.44417452812194824,0.23268257081508636,-1.2291953563690186,0.4405088424682617,0.2712665796279907,-1.1636332273483276,0.4245520234107971,1.3828178644180298,-0.061198897659778595
1771937658.4588063,0.5929218530654907,0.5099653005599976,-0.5511292815208435,0.6891275644302368,0.7470415234565735,0.0652673989534378,0.7557951211929321,1.006050705909729,0.12280221283435822,0.8173869252204895,1.299299955368042,-0.03595144301652908,0.819656252861023,1.382827639579773,-0.133264422416687,0.7940406799316406,1.3571194410324097,-0.06533056497573853,0.6546362638473511,1.3820089101791382,0.06082842871546745,0.39663878083229065,0.7022571563720703,-0.22982707619667053,0.2781236469745636,0.8528226613998413,-0.8020554780960083,0.4132560193538666,0.390339195728302,-1.190634846687317,0.43016090989112854,0.2351556271314621,-1.2519285678863525,0.4276221692562103,0.27442052960395813,-1.1811144351959229,0.42462724447250366,1.3839070796966553,-0.06136815622448921
1771937658.5236056,0.5931435823440552,0.5099807977676392,-0.5506938695907593,0.6891385316848755,0.7470347881317139,0.06796713173389435,0.7555168271064758,1.0061355829238892,0.13504324853420258,0.816929042339325,1.3011887073516846,-0.01271210890263319,0.8192088007926941,1.384165644645691,-0.10340939462184906,0.7936394214630127,1.3587932586669922,-0.041982702910900116,0.6546139717102051,1.382223129272461,0.06227244809269905,0.3966459631919861,0.7029152512550354,-0.22985747456550598,0.2784658670425415,0.8532736301422119,-0.7983646988868713,0.40391939878463745,0.3918152153491974,-1.1900190114974976,0.41843098402023315,0.23785682022571564,-1.2518935203552246,0.4170188307762146,0.27840691804885864,-1.1808359622955322,0.42466434836387634,1.3845489025115967,-0.06278922408819199
1771937658.589584,0.5931004285812378,0.5100658535957336,-0.5499418377876282,0.689163863658905,0.7473023533821106,0.06752611696720123,0.7553592920303345,1.0064195394515991,0.12873698770999908,0.8168234825134277,1.3030340671539307,-0.02129196748137474,0.8193515539169312,1.3849751949310303,-0.11485978215932846,0.7938013076782227,1.3600045442581177,-0.05027516931295395,0.6546395421028137,1.3825103044509888,0.06208312511444092,0.39666029810905457,0.7039647698402405,-0.22122350335121155,0.2787976562976837,0.8543683886528015,-0.7783135175704956,0.39539358019828796,0.39292752742767334,-1.1693079471588135,0.4075945019721985,0.2387048602104187,-1.2331923246383667,0.4069288372993469,0.2796337306499481,-1.1613290309906006,0.4247059226036072,1.385358452796936,-0.06259740889072418
1771937658.6511552,0.5931246876716614,0.5101139545440674,-0.5644945502281189,0.6894745826721191,0.7473370432853699,0.06150909513235092,0.7552624940872192,1.006549596786499,0.12217255681753159,0.8166838884353638,1.3052769899368286,-0.03140505403280258,0.8193031549453735,1.3862475156784058,-0.12223311513662338,0.7937878370285034,1.3615587949752808,-0.06107107922434807,0.6548223495483398,1.382718801498413,0.06236550956964493,0.39672204852104187,0.7046362161636353,-0.22780635952949524,0.27912747859954834,0.8558222651481628,-0.7781004309654236,0.38702070713043213,0.3898392617702484,-1.1706137657165527,0.39954012632369995,0.23275740444660187,-1.2352674007415771,0.3988526463508606,0.2745424807071686,-1.1630274057388306,0.42471542954444885,1.3860327005386353,-0.06287062168121338
1771937658.700105,0.5930940508842468,0.5101177096366882,-0.562742292881012,0.6894650459289551,0.747333288192749,0.0608460009098053,0.754882276058197,1.0066907405853271,0.11643421649932861,0.816320538520813,1.3068815469741821,-0.04827076196670532,0.8190138936042786,1.3872597217559814,-0.14161625504493713,0.7934983968734741,1.3628982305526733,-0.07822123169898987,0.6548327207565308,1.3827341794967651,0.06272204965353012,0.3967427611351013,0.7050655484199524,-0.22787952423095703,0.2794482111930847,0.8562698364257812,-0.7761229872703552,0.380722314119339,0.39325958490371704,-1.1731865406036377,0.3916439116001129,0.23550374805927277,-1.2378239631652832,0.39102572202682495,0.2785932719707489,-1.1658490896224976,0.4247676730155945,1.3863704204559326,-0.06321616470813751
1771937658.7871988,0.5930705070495605,0.5101470351219177,-0.5627648830413818,0.6894534826278687,0.747365415096283,0.0601666197180748,0.7546455264091492,1.0067602396011353,0.11160725355148315,0.8162878751754761,1.307430386543274,-0.055295370519161224,0.8189692497253418,1.387309193611145,-0.14632372558116913,0.7934898734092712,1.3631409406661987,-0.08473031222820282,0.6548103094100952,1.3828068971633911,0.06277986615896225,0.396767795085907,0.7062221765518188,-0.2273348867893219,0.2797887325286865,0.8568865060806274,-0.7519005537033081,0.374838262796402,0.3920170068740845,-1.0844589471817017,0.38558676838874817,0.2335376888513565,-1.1362025737762451,0.38516098260879517,0.27561917901039124,-1.0762922763824463,0.4248081147670746,1.3868664503097534,-0.06327523291110992
1771937658.8451967,0.5930289030075073,0.5101839900016785,-0.5658670663833618,0.6894934177398682,0.7476494312286377,0.054971009492874146,0.754533588886261,1.0074436664581299,0.10694277286529541,0.8162243962287903,1.3098809719085693,-0.07027193903923035,0.818928062915802,1.3886427879333496,-0.16319482028484344,0.7934472560882568,1.3648229837417603,-0.09985444694757462,0.6547901630401611,1.3830052614212036,0.06280336529016495,0.39691001176834106,0.7066953778266907,-0.22787027060985565,0.2801113724708557,0.857049286365509,-0.7345883846282959,0.36959752440452576,0.3907693326473236,-1.0231432914733887,0.3806205093860626,0.23157738149166107,-1.0720938444137573,0.3802693784236908,0.27346178889274597,-1.0152851343154907,0.424846887588501,1.3873566389083862,-0.06329718232154846
1771937658.925291,0.5930290222167969,0.5102041959762573,-0.5639874935150146,0.6894910931587219,0.7477121949195862,0.05439445376396179,0.7540627121925354,1.007696509361267,0.1098487377166748,0.816098690032959,1.3102115392684937,-0.038714900612831116,0.8189716339111328,1.388527750968933,-0.12251875549554825,0.7935447692871094,1.3648167848587036,-0.06782350689172745,0.6547731161117554,1.3830608129501343,0.06286101043224335,0.39691752195358276,0.7071747183799744,-0.22781316936016083,0.2804296016693115,0.8574749231338501,-0.7341566681861877,0.36540883779525757,0.3943605124950409,-1.0273547172546387,0.375509113073349,0.23584160208702087,-1.0813219547271729,0.3753606379032135,0.2788756787776947,-1.020446538925171,0.42487001419067383,1.3877456188201904,-0.06335558742284775
1771937658.988085,0.5930272340774536,0.5102207660675049,-0.5676795244216919,0.6894862055778503,0.7477110624313354,0.05339834839105606,0.7537305355072021,1.0077136754989624,0.10504066944122314,0.8160126805305481,1.3102065324783325,-0.049441587179899216,0.8189370036125183,1.3883107900619507,-0.1348528265953064,0.7935555577278137,1.3647509813308716,-0.07881228625774384,0.6547217965126038,1.3830431699752808,0.06290070712566376,0.39697572588920593,0.7077203392982483,-0.22800755500793457,0.2806144654750824,0.858119785785675,-0.7131706476211548,0.3614652156829834,0.390690416097641,-0.9676092863082886,0.3716103136539459,0.2337845265865326,-1.0186465978622437,0.37187474966049194,0.27509281039237976,-0.9612701535224915,0.42491063475608826,1.387906551361084,-0.06339477002620697
1771937659.0369842,0.592997670173645,0.5102220177650452,-0.5749061703681946,0.6894994974136353,0.7477140426635742,0.04061578959226608,0.753531813621521,1.0079652070999146,0.09043481945991516,0.8158981204032898,1.3109614849090576,-0.061699073761701584,0.818877100944519,1.3885127305984497,-0.1451762318611145,0.7935298085212708,1.3651902675628662,-0.0917711853981018,0.6547053456306458,1.3829853534698486,0.06294707953929901,0.39704546332359314,0.7080328464508057,-0.2359282225370407,0.2808862328529358,0.8584944009780884,-0.7282021045684814,0.3583071827888489,0.38859641551971436,-1.017352819442749,0.36798563599586487,0.2310245931148529,-1.0710219144821167,0.36835429072380066,0.2719554901123047,-1.0114929676055908,0.4249279499053955,1.3878662586212158,-0.0634428933262825
1771937659.0835726,0.5929919481277466,0.5102470517158508,-0.5761687159538269,0.6894981861114502,0.7478199601173401,0.03830346092581749,0.753409743309021,1.0082879066467285,0.08897734433412552,0.8160781860351562,1.3109711408615112,-0.07461153715848923,0.8200045824050903,1.3882516622543335,-0.16259151697158813,0.7946044206619263,1.36514413356781,-0.10460036993026733,0.6545729637145996,1.382919430732727,0.06297425925731659,0.39707547426223755,0.7082809805870056,-0.23682153224945068,0.2811584770679474,0.8586105108261108,-0.7292658090591431,0.3556458353996277,0.38635751605033875,-1.026206612586975,0.3650617003440857,0.22912508249282837,-1.0770491361618042,0.3653714656829834,0.27013540267944336,-1.0202165842056274,0.4249379634857178,1.3878109455108643,-0.06346949189901352
1771937659.1543105,0.5929874181747437,0.5103263258934021,-0.5761626958847046,0.6895296573638916,0.7478386163711548,0.03823261708021164,0.7531861066818237,1.0084247589111328,0.08746202290058136,0.8159655332565308,1.3110185861587524,-0.06897376477718353,0.820109486579895,1.388231873512268,-0.15381880104541779,0.7947376370429993,1.365084171295166,-0.09871648252010345,0.6545523405075073,1.3828641176223755,0.06308367103338242,0.39725130796432495,0.7086257338523865,-0.2369672954082489,0.281279593706131,0.8586190938949585,-0.7294096946716309,0.35380131006240845,0.3863466680049896,-1.0262748003005981,0.36347758769989014,0.2296188920736313,-1.0829635858535767,0.3638136088848114,0.2701251208782196,-1.021111249923706,0.4249841570854187,1.3879293203353882,-0.06357313692569733
1771937659.2286422,0.5929772853851318,0.5103591680526733,-0.584771454334259,0.6895763874053955,0.7480694055557251,0.02320137247443199,0.753088116645813,1.0092928409576416,0.07476615160703659,0.8158822059631348,1.3122984170913696,-0.07145880162715912,0.8202062845230103,1.388506531715393,-0.16104668378829956,0.7948215007781982,1.3657267093658447,-0.1011224016547203,0.6545497179031372,1.3830093145370483,0.06309057772159576,0.39725661277770996,0.7095861434936523,-0.24736186861991882,0.281553715467453,0.8590553402900696,-0.776080846786499,0.3519446551799774,0.3806527853012085,-1.1728103160858154,0.36232906579971313,0.22465172410011292,-1.2427791357040405,0.362490177154541,0.2650769352912903,-1.1691933870315552,0.4250214993953705,1.3883596658706665,-0.06357836723327637
1771937659.2920427,0.5929707288742065,0.5104067921638489,-0.6008599400520325,0.6895705461502075,0.7480892539024353,0.014950677752494812,0.7526631355285645,1.00957190990448,0.06334488838911057,0.8153260350227356,1.3131554126739502,-0.08950410783290863,0.819604218006134,1.388916015625,-0.17851674556732178,0.794256329536438,1.3663151264190674,-0.11970008909702301,0.6545829772949219,1.3829559087753296,0.06311606615781784,0.3972998261451721,0.7101156115531921,-0.254383385181427,0.2817801833152771,0.8597214221954346,-0.7856395244598389,0.34968727827072144,0.38324153423309326,-1.1957685947418213,0.36050885915756226,0.22682863473892212,-1.2691422700881958,0.36072927713394165,0.2669501304626465,-1.1926522254943848,0.4250887930393219,1.3883953094482422,-0.06360052525997162
1771937659.3506076,0.5929487943649292,0.510492205619812,-0.6036223769187927,0.689574122428894,0.7480949759483337,0.012608428485691547,0.7525533437728882,1.0097233057022095,0.06259213387966156,0.8152107000350952,1.313246488571167,-0.09698714315891266,0.8196173906326294,1.3888047933578491,-0.1898774653673172,0.7942951321601868,1.3662604093551636,-0.1272057592868805,0.6544340252876282,1.3828800916671753,0.06328611075878143,0.39731404185295105,0.7102867364883423,-0.2557508647441864,0.28204602003097534,0.8598247170448303,-0.7838935852050781,0.3479342758655548,0.3820733428001404,-1.1858516931533813,0.3590781092643738,0.22580091655254364,-1.2574303150177002,0.3593476712703705,0.2656146287918091,-1.182669997215271,0.42504096031188965,1.3883113861083984,-0.0637650266289711
1771937659.405243,0.5930029153823853,0.5105924010276794,-0.6052420139312744,0.6896506547927856,0.7480907440185547,0.011343405582010746,0.7523972988128662,1.0098124742507935,0.06041894480586052,0.8150955438613892,1.3135600090026855,-0.1054273247718811,0.8196031451225281,1.3887239694595337,-0.19966015219688416,0.7943001985549927,1.3663767576217651,-0.1358715295791626,0.6544214487075806,1.3829928636550903,0.0643996074795723,0.39740926027297974,0.7107623815536499,-0.2619251608848572,0.28231459856033325,0.8600244522094727,-0.8201029896736145,0.34648382663726807,0.38343319296836853,-1.2829220294952393,0.3581606149673462,0.2276964634656906,-1.3606194257736206,0.3583764135837555,0.26647263765335083,-1.2795705795288086,0.4250444769859314,1.3887401819229126,-0.06485934555530548
1771937659.4680014,0.5933325886726379,0.5106650590896606,-0.6051300764083862,0.6896540522575378,0.7483217120170593,0.009638278745114803,0.75232994556427,1.0102837085723877,0.058433644473552704,0.8150826692581177,1.3141697645187378,-0.1090756431221962,0.8198801875114441,1.3887273073196411,-0.20314952731132507,0.7945619225502014,1.3666037321090698,-0.1397889405488968,0.6544538140296936,1.3830355405807495,0.06496911495923996,0.3974306881427765,0.7112424969673157,-0.26671284437179565,0.2825821340084076,0.8609607219696045,-0.8365586400032043,0.3454737663269043,0.3801279366016388,-1.3224766254425049,0.35675859451293945,0.22489914298057556,-1.4039478302001953,0.35675960779190063,0.2651607096195221,-1.3198754787445068,0.4251228868961334,1.389094591140747,-0.06541439145803452
1771937659.5320356,0.5933451652526855,0.5107008814811707,-0.6075456738471985,0.6897302865982056,0.7483239769935608,0.00353662995621562,0.7521241307258606,1.0106450319290161,0.04693412780761719,0.814933180809021,1.315110445022583,-0.1258445531129837,0.8197768330574036,1.3892834186553955,-0.2183162420988083,0.7944379448890686,1.3673075437545776,-0.15670375525951385,0.6544358134269714,1.3829734325408936,0.06499475240707397,0.3974834978580475,0.7117603421211243,-0.2676166892051697,0.2827978730201721,0.8618001937866211,-0.831957221031189,0.3440173864364624,0.38389843702316284,-1.3141968250274658,0.3557349145412445,0.2275090515613556,-1.3906886577606201,0.3557266592979431,0.26742878556251526,-1.3111246824264526,0.42514339089393616,1.3891016244888306,-0.06543979793787003
1771937659.5964403,0.5936063528060913,0.5107690691947937,-0.6070571541786194,0.6897197961807251,0.7483280301094055,0.003933757543563843,0.7518715262413025,1.0108484029769897,0.04696498438715935,0.8149121999740601,1.3153046369552612,-0.13030892610549927,0.8197157979011536,1.389181137084961,-0.22383467853069305,0.7944114208221436,1.3672759532928467,-0.16118593513965607,0.6544259786605835,1.3829232454299927,0.06503336876630783,0.39750686287879944,0.7120255827903748,-0.2657923996448517,0.28305482864379883,0.8621442317962646,-0.8235629200935364,0.34289300441741943,0.3882080018520355,-1.2823882102966309,0.3542536497116089,0.23367400467395782,-1.3531415462493896,0.35464897751808167,0.27268150448799133,-1.2790931463241577,0.4251813292503357,1.3890966176986694,-0.06547864526510239
1771937659.6592174,0.5942568182945251,0.5111026167869568,-0.5998067259788513,0.6897229552268982,0.748330295085907,0.0043443115428090096,0.7517066597938538,1.0110911130905151,0.05215488001704216,0.8148065805435181,1.3164184093475342,-0.10852457582950592,0.8196991086006165,1.3897439241409302,-0.19507169723510742,0.794420063495636,1.3680921792984009,-0.13840243220329285,0.6544128656387329,1.3829982280731201,0.06535321474075317,0.39752185344696045,0.7124090790748596,-0.2657654285430908,0.28323036432266235,0.8624531626701355,-0.8156174421310425,0.34135472774505615,0.3885330557823181,-1.215244174003601,0.3539952337741852,0.23187236487865448,-1.2716848850250244,0.35419192910194397,0.2705439329147339,-1.2102100849151611,0.4252672791481018,1.3896057605743408,-0.06578899919986725
1771937659.7288375,0.5946794152259827,0.5113016366958618,-0.6003385782241821,0.6897121667861938,0.7485100626945496,0.003431332064792514,0.7515271306037903,1.0120292901992798,0.052102960646152496,0.8142650723457336,1.3204563856124878,-0.111097052693367,0.8191859126091003,1.3934718370437622,-0.20031729340553284,0.7939225435256958,1.3718758821487427,-0.1407347023487091,0.6543592810630798,1.3831462860107422,0.06597515940666199,0.39752545952796936,0.7128915190696716,-0.270732045173645,0.2834635376930237,0.8636780977249146,-0.8140743970870972,0.339698851108551,0.39160048961639404,-1.2144136428833008,0.3529456555843353,0.23415641486644745,-1.272650122642517,0.35291898250579834,0.2730172574520111,-1.2097398042678833,0.42527905106544495,1.3898048400878906,-0.0663987472653389
1771937659.7845669,0.5956078767776489,0.5114462375640869,-0.6002702713012695,0.6897103786468506,0.7485940456390381,0.005418369546532631,0.7513673901557922,1.0125402212142944,0.05494530871510506,0.8141781091690063,1.3211100101470947,-0.11699895560741425,0.8191445469856262,1.393520474433899,-0.20965735614299774,0.7939203977584839,1.372133493423462,-0.14740578830242157,0.6543583273887634,1.3831746578216553,0.06744889914989471,0.3976235091686249,0.7131964564323425,-0.2731437087059021,0.283686101436615,0.8646312952041626,-0.831426739692688,0.33904728293418884,0.38989776372909546,-1.276301383972168,0.3525603711605072,0.23188567161560059,-1.3482149839401245,0.3523672819137573,0.2705966830253601,-1.2724446058273315,0.42535585165023804,1.3899811506271362,-0.06784956157207489
1771937659.8376753,0.5959101915359497,0.5121561884880066,-0.6006079912185669,0.6896997094154358,0.7485937476158142,0.004138254560530186,0.7512290477752686,1.0126144886016846,0.0535837784409523,0.8139181137084961,1.3212358951568604,-0.12503330409526825,0.8190689086914062,1.3933957815170288,-0.21965718269348145,0.7938557863235474,1.372085690498352,-0.1555495262145996,0.6543524861335754,1.3831199407577515,0.06749472767114639,0.3977702260017395,0.7135053873062134,-0.27315443754196167,0.28388211131095886,0.8647143840789795,-0.8153210878372192,0.3377988934516907,0.39018985629081726,-1.1778056621551514,0.3528900146484375,0.2322840839624405,-1.2353122234344482,0.35235360264778137,0.26993972063064575,-1.1727591753005981,0.42539867758750916,1.3900146484375,-0.06789281219244003
1771937659.8861475,0.5963656902313232,0.5124467611312866,-0.6001829504966736,0.6896836757659912,0.7486314177513123,0.00447141332551837,0.7508719563484192,1.012707233428955,0.05307020992040634,0.8138728141784668,1.3212162256240845,-0.12829206883907318,0.8190261125564575,1.3933552503585815,-0.222036674618721,0.7938519716262817,1.372050166130066,-0.15871189534664154,0.6542620062828064,1.3830534219741821,0.06751655787229538,0.3978322148323059,0.7136592268943787,-0.27271297574043274,0.28404906392097473,0.8648673892021179,-0.7809120416641235,0.337690532207489,0.38973140716552734,-1.0553247928619385,0.3533638119697571,0.23131245374679565,-1.1013052463531494,0.3528687357902527,0.26942339539527893,-1.0493972301483154,0.4254353940486908,1.3900011777877808,-0.06791629642248154
1771937659.9447114,0.5963959693908691,0.5125986337661743,-0.6070934534072876,0.689700722694397,0.7487810254096985,-0.0065429010428488255,0.7504667043685913,1.01304292678833,0.045808397233486176,0.8138203620910645,1.3228641748428345,-0.1339074969291687,0.8189703822135925,1.3946267366409302,-0.23032021522521973,0.7937553524971008,1.373598337173462,-0.16448615491390228,0.6542553901672363,1.3830454349517822,0.06752770394086838,0.39788761734962463,0.7139965295791626,-0.2775574028491974,0.2842656373977661,0.865126371383667,-0.8044716715812683,0.33686017990112305,0.3912811577320099,-1.1568090915679932,0.3531643748283386,0.2317008674144745,-1.2136356830596924,0.3524852991104126,0.2704266309738159,-1.1516987085342407,0.4254706799983978,1.3899693489074707,-0.06792966276407242
